A00	37600
A00-Y125399	37600
A00c	0
A00a	550
A00b	0
A0-T	161300
A0	161300
A-L1035	0
A-L979	0
A-L981	0
A-L1070	0
A-L1289	0
A-V151	0
A-V1280	0
A1	133400
A1a	9900
A-Y8132	9600
A-Y32411	8800
A-Y32399	8800
A-Y37658	1950
A-Y37662	650
A-Y37659	375
A-Y7969	9300
A-V3893	3700
A-Y7944	4100
A-Y429	1200
A-Z11380	800
A-BY1081	250
A-FT32398	250
A1b	130700
A1b1	125400
A-L602	94500
A-Y242651	2200
A-Y25015	24800
A-Y25057	11400
A-P28	11400
A-L963	11400
A-M114	0
A-P262	0
A-M32	83000
A-M28	29000
A-Y151925	8700
A-BY92414	7600
A-Y151949	3800
A-BY126965	125
A-BY109853	3600
A-BY54852	3600
A-Y151934	2100
A-V2566	1800
A-Y235870	150
A-Y20629	53100
A-M51	16200
A-M9782	14800
A-Y65344	13800
A-Y309436	6600
A-Y61213	2800
A-YP4735	44100
A-M13	10800
A-YP4751	10800
A-YP4740	10100
A-BY54507	275
A-PF1069	9700
A-Y322226	500
A-Y26839	5900
A-SK239	5900
A-M171	3400
A-FTB9216	200
A-V1559	4500
A-FGC40016	2100
A-FGC40018	375
A-Y25085	4300
A-FGC56317	4300
A-Y95250	3800
A-BY187182	1350
A-Y76912	3100
A-BY56758	50
A-Y161010	3100
A-Y66998	2000
A-FT10792	1600
A-FT7793	1600
A-FT9563	350
A-FT159470	475
A-FT158486	425
A-Y30506	9300
A-BY16213	5500
A-BY16210	850
A-V3663	9300
A-FGC60376	8500
A-PF714	5400
A-FGC60342	475
A-FGC60369	475
A-FGC38299	7800
A-V7822	7700
A-V6275	5400
A-Y254622	1500
A-FTB51954	1500
A-FT306925	4100
A-Y206476	3700
A-V2667	3700
A-FGC38326	6500
A-PH3663	4900
A-V2818	4100
A-BY80967	3800
A-FTE10903	750
A-BY110640	425
A-FGC38354	5700
A-Y151982	4500
A-V7121	3000
A-FGC38355	5200
A-Y161029	4000
A-Y161028	3100
A-Y23655	9800
A-Y126390	9800
A-Y146713	2700
A-Y146716	150
A-BY36134	4500
A-Y272354	1050
A-Y155188	3000
A-BY121794	700
A-BY104474	450
A-BY156505	250
A-Y23865	8200
A-Y161007	8200
A-Z32449	3400
A-BY202338	450
A-FTC44623	275
A-Y161005	5000
A-Y161004	2400
A-V5071	1150
A-BY129840	900
A-Y188597	450
A-BY202511	100
A-Y23658	4900
A-Y92096	4400
A-Y103689	3900
A-Y95361	3900
A-Y627600	3400
A-Y158289	600
A-FT8465	600
A-FT185719	350
A-BY180468	425
A-FT183346	425
A-Y23862	3500
A-BY16291	3500
A-BY207492	2600
A-Y165384	100
A-Y35906	3500
A-BY16295	3500
A-FGC71697	50
A-Y142085	3400
A-FT273443	175
A-FT446069	50
A-Y90130	125
A-Y91623	3400
A-Y126115	3000
A-FT83038	1050
A-Y64330	375
A-Y73614	250
A-Y69397	125
A-Y24713	2900
A-Y156117	2600
A-FT175758	2400
A-FT174073	125
A-FT177078	50
A-Y156153	2200
A-V2709	1450
A-Y161025	2200
A-FT17658	2100
A-FT24944	800
A-Y156087	275
A-Y24401	350
A-FT104114	150
A-Y24715	350
A-FGC88929	125
A-FTE27061	150
A-Y90375	150
A-FT106010	350
A-FT104576	250
A-FGC47805	350
A-Y99264	350
A-Y28045	100
A-SK808	50
BT	88000
B	84800
B-V2342	26500
B-V1108	1450
B-V2410	17800
B-V1019	11400
B-Y204812	6800
B-M8633	84200
B-L1388	20100
B-Y311987	2700
B-ZS382	2700
B-Z11522	15000
B-Y178979	5300
B-Z11512	11700
B-M182	58600
B-M112	51900
B-V3220	6500
B-SK522	1000
B-Y18023	48600
B-CTS591	18700
B-M192	44900
B-V3853	37500
B-Y34326	28300
B-Y25096	29300
B-P6	550
B-Y34339	26100
B-Y81262	17300
B-Y81265	7600
B-M8498	44900
B-M8495	40800
B-M7650	22200
B-M7321	19100
B-Y82361	1350
B-Y97992	225
B-M8357	35300
B-Y32422	1850
B-Y33380	1700
B-Y36624	1700
B-Y33565	1600
B-BY19525	300
B-Y96437	1100
B-Y104711	800
B-BY36569	325
B-PAGES00005	33500
B-Y234288	9900
B-FTA3965	1950
B-Y252853	50
B-M8348	31200
B-Y202015	24500
B-M30	24500
B-M211	950
B-PH1452	950
B-SK394	275
B-PH176	26900
B-M169	500
B-FT298229	500
B-Y34340	16600
B-Y27340	600
B-Y33544	4200
B-BY16864	1000
B-BY17156	600
B-Y108516	600
B-BY16855	750
B-BY17582	50
B-Y90890	650
B-M150	37400
B-M6057	26100
B-Y202274	50
B-Y35911	14100
B-Y36638	2300
B-Y35921	950
B-V75	28300
B-Y275213	12900
B-M5844	23700
B-Y10267	14300
B-A9832	3400
B-Y82154	2900
B-Y24839	3400
B-Y68934	150
B-FGC53343	3400
B-Y32536	2900
B-Y22728	2500
B-Y66169	800
B-FGC53377	2400
B-Y104652	2200
B-Y107000	1100
B-Y131111	1100
B-Y131119	950
B-Y131113	200
B-Y168342	2200
B-Y84437	550
B-FT193390	125
B-FGC53352	2200
B-FGC53368	275
B-Y160490	50
B-FGC53362	150
B-BY54916	50
B-FGC53336	150
B-V1895	11600
B-Y21912	9600
B-Y23376	8400
B-Y33076	8000
B-Y32493	4000
B-Y34387	650
B-Y32491	375
B-Y33569	4400
B-BY17403	2700
B-BY17427	2600
B-Y61330	400
B-BY20753	2000
B-Y82592	150
B-Y89212	750
B-Y23376a	8400
B-FGC51207	8400
B-FGC51151	3400
B-BY188111	2600
B-Y33555	800
B-FGC51184	275
B-BY17607	2800
B-BY17606	2700
B-FTC80548	2300
B-BY17608	2100
B-BY19522	1200
B-Y82384	900
B-Y35910	1400
B-Y88478	375
B-Y96024	325
B-Y10394	9800
B-A20690	3000
B-FT411604	3000
B-Y542832	2200
B-Y72963	7400
B-Y93759	6800
B-FT172164	950
B-Y173299	275
B-FT51493	200
B-Y30926	6600
B-BY17044	3900
B-BY17042	3200
B-Y35907	1900
B-Y82359	650
B-BY17062	3200
B-BY17070	550
B-BY16132	6600
B-BY16115	4200
B-Y90257	5800
B-BY17031	4700
B-Y83439	4100
B-Y82149	2600
B-Y33560	2300
B-Y84398	1300
B-Z8074	800
B-Y12200	4400
B-Y472107	4400
B-Y86747	3800
B-CTS6633	2500
B-C137898	2400
B-FT151909	1650
B-Y12203	3500
B-BY47577	3100
B-Y542453	1450
B-Y64917	350
B-Y32479	1850
B-Y104554	1500
B-FT36380	1500
B-BY17105	1700
B-Y193059	700
B-BY19521	475
B-BY110550	300
B-BY17102	1850
B-BY69396	200
B-Y87783	50
CT	68500
DE	65200
D	56500
D-Y330435	1700
D-M174	46200
D-CTS11577	45000
D-Z3660	45000
D-Y34637	4200
D-Y34960	350
D-Y34670	850
D-Y35019	275
D-M64.1	20700
D-Z1516	14300
D-CTS1824	6500
D-CTS11811	5800
D-Y456902	6500
D-CTS220	10200
D-CTS10495	9300
D-CTS11285	9000
D-PH2316	4500
D-Y155423	1200
D-Y648756	50
D-Y188585	150
D-Z1622	17300
D-CTS6609	17300
D-BY138474	14800
D-Y334665	2100
D-Z1574	13200
D-BY13953	9400
D-CTS2826	1750
D-CTS1405	13100
D-Y326345	8300
D-MF11416	3000
D-Y326394	2400
D-Y11739	9700
D-Y45011	2600
D-Z1561	9700
D-Z1527	3200
D-Y311502	50
D-Z14840	2700
D-V1017	2700
D-CTS6909	0
D-CTS3033	1800
D-FT298734	1800
D-Y275761	1800
D-Y297527	125
D-Y298058	50
D-M125	14300
D-CTS291	4800
D-Y303491	550
D-Y439573	75
D-TY135926	3900
D-Y487557	900
D-IMS-JST022457	4600
D-FT312195	3700
D-Y340470	3700
D-Y210936	1700
D-Z1485	4600
D-CTS3397	3800
D-Z1500	1900
D-Z1504	1900
D-FT262409	600
D-Y156829	500
D-CTS11748	500
D-CTS8093	1900
D-Y317669	1500
D-CTS4093	1350
D-FGC6373	1900
D-FGC6372	50
D-Y15407	45000
D-P99	11000
D-Y14729	6000
D-F17034	5900
D-Z42599	3000
D-Y137766	1850
D-BY71734	2300
D-Y14736	2500
D-Y226081	2500
D-Y208365	2500
D-F16918	2100
D-MF14352	1800
D-F15403	500
D-F19503	1600
D-F17036	1350
D-Y208270	1300
D-Y208318	1150
D-Y14813	1500
D-FTB33061	50
D-Z34359	1250
D-BZ2985	1100
D-F901	33900
D-F1070	12500
D-BY12793	11400
D-MF61290	2500
D-Y137845	3300
D-ACT2180	2800
D-MF2333	2500
D-MF2341	2500
D-Y125730	2500
D-MF136221	800
D-Y125714	2500
D-Y137827	2000
D-N1	16700
D-F1031	10300
D-FT338928	4200
D-Z31599	3100
D-F3401	3600
D-F19133	3500
D-Y208469	2800
D-Y28900	10400
D-PH4979	10400
D-PH1991	9300
D-F17412	6000
D-Y327122	5000
D-ACT4367	3700
D-F20424	3700
D-F22360	3700
D-F20573	2500
D-F14985	2200
D-Y141552	2200
D-MF618315	50
D-MF10280	3700
D-Y67357	6000
D-Y62194	4500
D-F17409	3700
D-ACT7060	3400
D-Y162003	3200
D-FTA16029	3000
D-Y161855	1550
D-Y161869	50
D-Y351912	50
D-Y62517	3700
D-F16077	1650
D-Y126660	1650
D-Y315257	1500
D-Y69263	3700
D-Y161914	3700
D-Y61759	550
E	52300
E-M75	36900
E-M41	15500
E-Y231455	11800
E-Y231457	3400
E-M250	5300
E-Y25335	5000
E-BY49208	5200
E-Y146924	4400
E-FT2066	2400
E-BY227018	3900
E-FT179549	3000
E-Y515416	1750
E-Y146913	4400
E-Y146952	4400
E-Y146908	375
E-M98	16900
E-CTS1307	13100
E-CTS9180	13100
E-FTE400	2300
E-Y509637	200
E-M90	12700
E-CTS42	8600
E-Y648953	5400
E-CTS694	7400
E-Y25286	6000
E-CTS8409	5800
E-BY62766	1550
E-BY66578	1350
E-BY71273	1100
E-MF41781	950
E-Y25287	4500
E-CTS3583	3900
E-M200	2500
E-Y203583	650
E-Y203585	500
E-CTS10078	1600
E-CTS8392	1550
E-CTS2629	1550
E-Y25288	1500
E-BY36751	3000
E-Y188803	2400
E-FT21635	3000
E-FT109520	1750
E-Y278065	950
E-Y618166	3000
E-BY70915	2300
E-FT251291	2100
E-Y86760	2200
E-A12837	1800
E-Y208843	2200
E-BY69129	1600
E-FT18756	500
E-FT19996	375
E-FT20290	250
E-M5479	51100
E-FTA45776	35100
E-FTA9378	35100
E-P147	51100
E-M132	19600
E-M44	4100
E-Y63256	1050
E-Y15944	4100
E-Z17699	2900
E-A7710	2800
E-Y30945	850
E-Z38881	2300
E-Z17697	750
E-Y80883	650
E-Y301717	350
E-Y301892	50
E-FTC3316	375
E-Y32594	350
E-Y35994	300
E-Z17467	4100
E-Y188588	2800
E-Y343236	1950
E-Y343245	700
E-Z20646	2000
E-FT118722	1500
E-Y20285	1050
E-FT164947	850
E-Y17373	2600
E-Z31503	500
E-BY4136	400
E-BY4135	175
E-A6108	500
E-FGC67854	225
E-A10162	225
E-FT363951	4100
E-Y434619	3300
E-Y434683	50
E-Z20650	4100
E-Y24556	4100
E-Y20219	2900
E-Z20769	2900
E-Y24438	600
E-Y33591	550
E-Z958	12000
E-CTS246	11000
E-Z15174	7000
E-Z5991	2300
E-FT402211	375
E-Z15196	1000
E-CTS10935	11000
E-FT327560	9200
E-Y610327	2600
E-CTS3380	9700
E-Z5993	8600
E-FT296631	6800
E-P110	6900
E-FTA12811	6500
E-L133	9700
E-CTS736	7900
E-FT216781	7500
E-Y197644	6200
E-Y125757	7900
E-CTS4038	0
E-Z5992	0
E-Z5985	9800
E-Z36224	2200
E-Y229931	150
E-Y127177	150
E-L94	9800
E-Z15068	9100
E-Z5986	9100
E-Z5987	3200
E-Y231116	2700
E-Z15029	2700
E-M9119	2200
E-FT333060	8900
E-Y478064	8900
E-Z5989	8900
E-Z5990	3200
E-Z14972	2400
E-Z14932	2400
E-Z14974	1400
E-Z14898	1250
E-Y316750	850
E-MF28713	125
E-FT402321	700
E-FT402336	50
E-FT402356	50
E-Y318152	150
E-FT402322	700
E-Y318823	50
E-P177	51100
E-M5557	41400
E-V38	39300
E-M329	25700
E-Y44826	10500
E-Y45541	900
E-Y239830	275
E-V2403	11900
E-Y175024	10800
E-Y175787	200
E-Y240064	5900
E-Y240395	5900
E-Y543297	4900
E-Y543270	50
E-Y28099	6600
E-Y376165	200
E-MF793250	600
E-FTE62152	275
E-Y28103	4900
E-Y61534	3800
E-Y446915	275
E-Y64885	3800
E-FTJ8185	125
E-FTJ9533	50
E-Y61024	200
E-Y28098	4100
E-Y272275	125
E-Y82981	450
E-Y28108	2400
E-Y28100	950
E-Y66039	500
E-FTE24024	125
E-M2	16400
E-FT183172	650
E-FT185527	125
E-Y231599	200
E-Y1705	14200
E-Y20829	11400
E-FGC41158	11000
E-Y230147	75
E-Y21681	10000
E-Z5994	4400
E-FT402827	4400
E-BY21025	4400
E-Y295023	4200
E-Y294486	425
E-Z22121	3500
E-Z22101	3500
E-FT400776	150
E-V1452	3500
E-Z5996	3500
E-Y169003	2900
E-Y169049	50
E-Z22149	2900
E-FT330396	2400
E-FT324632	2400
E-Z36386	1450
E-Y369952	50
E-Z5998	1250
E-Z6000	3500
E-V43	10200
E-V4257	5900
E-Y318668	2100
E-Z36357	5900
E-Y300583	3500
E-FT397181	550
E-FT400582	150
E-M4732	10200
E-BY75505	10200
E-Y252540	10200
E-M4895	9100
E-SK577	2900
E-FT397082	75
E-M4231	8500
E-Y201977	5100
E-Y202000	3800
E-Y201978	1250
E-FT327133	4500
E-Y210465	3000
E-SK854	1900
E-Y317394	275
E-U175	8300
E-CTS1036	7600
E-M3940	4300
E-CTS4700	5600
E-Z5940	4700
E-FT250226	4500
E-Y321022	1950
E-Z21624	5600
E-FT399610	5500
E-Y317644	50
E-Z21622	5300
E-Z5939	5300
E-CTS7860	3300
E-Y230099	50
E-Z21592	3200
E-CTS9419	2700
E-CTS205	2700
E-M4254	6000
E-BY69738	4900
E-FGC24071	4500
E-FGC24064	4000
E-Y310685	3000
E-Y375929	200
E-FTD9412	200
E-FGC24079	3400
E-Z36906	1500
E-FT397143	50
E-FGC24093	3400
E-FGC24073	1050
E-Y229963	125
E-Y22568	350
E-FGC24091	150
E-FGC36989	250
E-FGC36988	50
E-M4232	6000
E-Z5941	4800
E-Z21664	1500
E-CTS9123	1500
E-CTS1433	4800
E-FTD22075	4400
E-CTS618	4100
E-FT191782	4100
E-FT192663	4100
E-SK837	2900
E-Y129847	3900
E-BY135297	3900
E-Y163730	700
E-Y128696	1600
E-Y129814	1250
E-CTS462	50
E-Z1720	6000
E-M4217	4900
E-M4062	4600
E-FTC2852	3100
E-M4072	4600
E-FGC61964	3600
E-Y601266	2700
E-FGC61978	3600
E-FGC61961	3600
E-FGC61984	3400
E-CTS10689	3800
E-CTS11305	3600
E-Z21761	1650
E-Z5947	1650
E-Z5948	0
E-Y25272	2900
E-FT92286	2800
E-FT220775	2700
E-Y45673	2100
E-BY61160	200
E-FT394234	1800
E-FT394378	700
E-FTE93769	425
E-FT394658	350
E-FTC41251	350
E-BY44568	2600
E-Y622628	1650
E-Y150748	2400
E-BY53757	1850
E-Y150852	1000
E-BY74210	900
E-FTA87916	225
E-BY134860	2600
E-BY57207	1050
E-Y149984	150
E-BY175091	75
E-Y351999	700
E-FT185106	550
E-M4197	4200
E-F1823	1650
E-Z5942	1650
E-Z5943	0
E-Z5944	0
E-Z5946	0
E-M4198	2800
E-Y169405	1750
E-Y169292	1300
E-Y169368	50
E-FT368479	1500
E-FT368558	400
E-Y264675	50
E-FGC68103	2600
E-FTA19423	50
E-P59	2500
E-Y84854	550
E-FTB57830	125
E-FT47672	2500
E-FT383283	1950
E-Y37087	900
E-Y294427	900
E-M4041	5500
E-V1749	3700
E-Y225361	275
E-FT129515	5400
E-FTB47999	4000
E-FT337236	5400
E-Y217567	2800
E-SK840	550
E-M4005	4900
E-M4016	4400
E-FT280364	2700
E-FT133044	4400
E-Y324388	2700
E-FTB59616	3800
E-Y479306	5000
E-CTS1598	2200
E-Y534823	700
E-M3988	4600
E-Z1788	3900
E-CTS9968	3800
E-BY183031	1950
E-L914	3800
E-Z5960	3800
E-M3895	1550
E-C105820	1450
E-Y316419	1500
E-CTS11328	3800
E-Z1721	3800
E-Y208555	325
E-FT71131	125
E-Z1769	3000
E-M3865	2400
E-FGC39444	2100
E-Y33593	1900
E-Y181105	1650
E-Y552110	275
E-FGC39425	1650
E-FT124951	1650
E-FGC39443	1250
E-FGC39401	250
E-FGC39424	125
E-FGC39407	50
E-M3850	3000
E-FT68063	2300
E-SK749	1600
E-FT69256	350
E-BY69769	200
E-Y187727	150
E-M3854	3000
E-FT333611	2500
E-Y234335	2500
E-Y635494	900
E-Y643466	900
E-Y234320	50
E-Z1779	3000
E-FT295369	200
E-FT296983	2500
E-V3170	2500
E-Y140791	2200
E-Y276748	2200
E-FTA31975	350
E-Z1795	3000
E-M3775	2600
E-CTS283	2000
E-FT420095	950
E-Y181278	1900
E-FT4654	275
E-FT5756	50
E-Z1771	1750
E-Y194433	1700
E-Y194527	50
E-Z1770	1100
E-CTS1458	1100
E-U290	4600
E-Z5952	4600
E-Z21888	4400
E-FT299880	3500
E-Z5955	1600
E-U181	4000
E-Z1812	3900
E-Y219783	1650
E-BY20836	3900
E-FT144712	3900
E-Y180857	3900
E-BY150841	2000
E-BY110844	1200
E-Y369824	2000
E-Y225486	1450
E-Y225484	1100
E-FT147751	2000
E-BY198906	1900
E-Y181939	1900
E-Y181500	175
E-CTS421	4200
E-Y246969	3600
E-Y246971	1850
E-FT301156	1200
E-Z37088	1200
E-FGC39357	3800
E-M3951	3700
E-Y68418	3700
E-Y245156	3400
E-Y3295	300
E-Y129553	50
E-M3942	3500
E-Y340333	3500
E-M3950	2100
E-Y83134	50
E-Y21814	2100
E-Y21811	2100
E-BY20580	1600
E-Y192225	800
E-Y171600	800
E-FTB71453	800
E-FTB36074	500
E-FT263462	325
E-FT264125	125
E-Z1725	4600
E-Z1786	4000
E-Y289751	4000
E-Y157497	2800
E-CTS127	3600
E-Z1724	3600
E-FT208227	4000
E-Y70207	3900
E-Y190856	150
E-Y178504	2000
E-Y210801	2000
E-Y18361	750
E-Y18537	550
E-BY53991	475
E-FTC25147	275
E-BY21668	475
E-Y133631	275
E-Y133622	50
E-CTS1387	2900
E-FT43186	1300
E-Z1758	2900
E-Y246741	350
E-Z1746	2900
E-Y30964	2900
E-FT440357	2900
E-Y88092	1950
E-Y210980	1450
E-Y30963	2500
E-Y432696	2500
E-Y274608	1900
E-CTS907	1900
E-CTS10992	0
E-FT311642	1900
E-FT4748	3900
E-FT311370	3900
E-PH1913	3900
E-Y127292	3000
E-FT181114	2100
E-SK774	1650
E-TY13775	350
E-FTE38982	350
E-Y154893	3300
E-Y275120	3300
E-Y4008	3900
E-Z5954	3900
E-CTS1536	0
E-PH4137	3700
E-C139431	3700
E-Z21840	3500
E-Z5950	1650
E-L651	3900
E-FT115389	2600
E-FT115870	2300
E-FT115202	125
E-FGC60918	3100
E-FGC39739	850
E-L649	650
E-M292	1800
E-FTE16048	1700
E-Y203606	650
E-Z5958	3500
E-BY166583	2300
E-V2551	1450
E-BY168743	750
E-BY166613	300
E-FT3533	50
E-FT247923	225
E-M4706	9100
E-Y161190	5400
E-Y650145	500
E-BY142058	2400
E-Y161196	1350
E-FT8703	1350
E-Y161195	550
E-CTS8098	8700
E-M58	3500
E-FT6657	3500
E-Z15929	3500
E-Y25504	2400
E-Y369800	2400
E-Y94526	1500
E-FT358987	1450
E-Y515483	350
E-Y27258	2400
E-Y28119	1050
E-HU87	1900
E-BY60598	600
E-BY679	175
E-L485	8700
E-FTB2804	425
E-Z36514	4400
E-Y263625	2200
E-SK595	4800
E-FT399793	50
E-Y162430	3200
E-V4240	50
E-Z36531	6800
E-Y188581	4500
E-FTB20532	4100
E-Y403136	4100
E-FTB20537	3200
E-Y36000	4400
E-BY66708	1500
E-Z36530	4400
E-Y23253	175
E-CTS9883	6100
E-Z6005	4900
E-Z6006	4900
E-Z6007	4100
E-Y263378	3800
E-Z6008	3800
E-Z16054	3700
E-FT329072	3500
E-Z15980	5500
E-FT174069	1500
E-Y199400	50
E-SK716	1350
E-Y137743	375
E-SK719	1250
E-FT331002	950
E-Y210530	950
E-Y230143	50
E-Z2142	4200
E-C101902	3500
E-Z36552	3900
E-FT47860	3000
E-Y229511	1350
E-Y229512	700
E-BY103698	50
E-Z15992	3900
E-Z6004	3900
E-Z16056	6100
E-Y231129	1650
E-CTS3274	6100
E-Y376669	6100
E-Z6020	5000
E-V5789	4900
E-V4348	4100
E-Y229173	3900
E-FT400234	3900
E-Y230129	650
E-BY102326	150
E-FT397246	50
E-Z6010	3900
E-FT118597	3900
E-FT115491	3800
E-FTA15371	850
E-F2481	2500
E-Z36603	2100
E-FT400118	1850
E-FT399733	600
E-FT400119	50
E-Z36607	2300
E-Z36605	2000
E-MF21308	1500
E-FT397160	50
E-Z36604	1050
E-FT336663	600
E-FT397157	50
E-CTS12004	4800
E-CTS308	4400
E-CTS1543	4400
E-Z16095	4400
E-FT327443	4000
E-Y204870	1750
E-Z16096	2600
E-Z6009	1900
E-Z36592	850
E-FT400102	50
E-Y315740	50
E-Z6012	6100
E-Z6019	6100
E-Z6017	6100
E-Y23516	3000
E-Y202532	1800
E-Z6018	2300
E-Y16787	2100
E-Z36644	750
E-MF50288	150
E-Z6013	5300
E-Z17052	4100
E-Y95007	4000
E-Z6014	4100
E-Z6015	4000
E-FT4968	3300
E-Y161210	3700
E-Z6016	4000
E-L514	8300
E-L515	6500
E-Z1893	4900
E-Y196897	3200
E-CTS1610	4900
E-S27782	125
E-CTS6487	3800
E-Z42553	3800
E-Z36678	1800
E-Z22240	4900
E-M4279	4300
E-BY117958	4300
E-BY133920	3800
E-Y269726	950
E-Y310884	1950
E-Y310900	1950
E-FTD22078	1150
E-V6069	4200
E-V6055	3800
E-Z22257	2400
E-Y364401	1950
E-Y364319	1950
E-Z22307	4300
E-Z22293	4300
E-Z22299	3800
E-Y335219	850
E-M4269	3700
E-FTF95606	150
E-M4269a	3600
E-Y12908	2200
E-Y135742	1700
E-Y138883	1350
E-Y138699	325
E-M4694	6800
E-FGC91110	6200
E-M191	5300
E-CTS776	4100
E-M4312	3700
E-Y439557	3700
E-M4325	3400
E-M4315	1950
E-U174	4900
E-Z5961	4900
E-M4670	4500
E-PH1490	4500
E-FT179394	4100
E-Y307754	4100
E-Y441849	800
E-FT233672	4400
E-Z37633	4400
E-Y109905	3100
E-Y14890	3700
E-FGC35965	1250
E-Y247928	1250
E-FT399764	125
E-FGC35976	1250
E-FGC35967	375
E-Y37640	100
E-FGC35974	50
E-Z1643	3600
E-BY149549	3200
E-Z37465	650
E-Z5976	200
E-CTS553	3600
E-CTS7037	3600
E-BY142242	3600
E-BY110307	3100
E-Y32546	2300
E-Y379914	2300
E-Y32545	1550
E-FT45594	50
E-Y32541	500
E-BY55327	50
E-Y139179	50
E-Y32551	325
E-Z874	3900
E-Y184848	3800
E-BY61182	1950
E-Y159449	1950
E-Y583697	1600
E-Z22412	3900
E-CTS1622	3900
E-CTS1360	1900
E-Y263678	1900
E-MF121858	1650
E-Y330148	275
E-Y373638	200
E-Z5973	3500
E-Z5975	3200
E-CTS1045	75
E-FT299830	50
E-FT297502	1700
E-Z5974	3500
E-Y328171	350
E-Z37515	1700
E-FT22435	1500
E-MF30826	650
E-Y158057	800
E-Z5962	4100
E-Y421900	325
E-FT212537	200
E-FT413432	3000
E-M4362	4100
E-Z22359	3900
E-Y84829	3700
E-V1851	2900
E-Y201721	100
E-Y367135	50
E-CTS1111	3000
E-BY65930	2400
E-FGC86178	1450
E-FTF42114	500
E-FGC86185	1300
E-FGC86377	800
E-Y14724	2200
E-Y21806	2200
E-Y90128	1650
E-Y30978	2200
E-Y196239	200
E-Y30979	450
E-Y46656	200
E-CTS2754	4100
E-Y81714	550
E-CTS5788	4100
E-CTS6794	1600
E-CTS6454	3800
E-CTS1667	2400
E-Y473524	3100
E-Y472770	800
E-CTS1313	3800
E-Z5963	3800
E-Z5964	0
E-Z5965	3800
E-Z37622	2900
E-C141503	2500
E-Y532738	3800
E-Y191011	2800
E-FT6031	650
E-Y192386	350
E-Y192385	200
E-Z5966	3800
E-Z5967	3800
E-Z5968	3800
E-BY113688	2500
E-Z37526	2100
E-Y253177	1950
E-FTA5825	1600
E-FTA79114	350
E-Z5969	3800
E-Z5970	0
E-M10619	0
E-Z5972	0
E-M4667	4500
E-CTS5299	3800
E-BY188786	1950
E-BY188914	1200
E-Y192250	50
E-CTS4859	3000
E-Z5977	3200
E-FT106549	1750
E-Y306225	650
E-BY102672	3800
E-BY75028	2300
E-Y339361	125
E-Y339382	50
E-Y436947	50
E-FT205499	2100
E-Y224927	1600
E-Y86374	1200
E-Y312362	50
E-Y127007	1200
E-FT405608	50
E-Y90150	1200
E-Y81200	50
E-FTA9796	350
E-Y89044	50
E-M4665	4500
E-C104571	1650
E-Y467902	1650
E-Y282894	3400
E-Y131346	300
E-Y250517	125
E-Z1704	4500
E-Y96183	800
E-Z37814	4500
E-CTS4744	1900
E-CTS6300	1350
E-Y188162	475
E-Z5978	4500
E-M4204	0
E-CTS397	0
E-Z5979	0
E-Y55	0
E-M4437	3600
E-CTS9106	3600
E-FT319935	3600
E-FT244849	3400
E-P116	2900
E-M4439	1350
E-M4449	1150
E-Y138276	2700
E-Z37675	2400
E-BY50829	1600
E-Y172941	1600
E-FT220718	1600
E-Y197232	425
E-Y173631	300
E-FT68850	125
E-BY73639	475
E-BY103514	300
E-Y658355	50
E-BY212706	475
E-BY169439	250
E-FT382445	375
E-FT383120	350
E-Y218929	50
E-Z5982	4500
E-Z5983	4100
E-FT368803	3300
E-M4479	1350
E-FT280646	650
E-Z37806	4100
E-BY65150	3800
E-CTS1454	3600
E-CTS1478	3000
E-Y462503	50
E-Y250637	1900
E-Y250568	50
E-CTS67	2800
E-Y18979	1800
E-Y45872	1700
E-Y51238	1450
E-CTS261	2600
E-SK634	2100
E-FTC39727	125
E-CTS9997	2600
E-Y471054	2600
E-Y471041	1300
E-CTS7761	2200
E-Y48004	375
E-Y50909	225
E-CTS2476	2200
E-BY112318	100
E-CTS1871	2200
E-CTS2323	0
E-CTS11714	2200
E-Y22469	2000
E-Y32960	100
E-FT154731	50
E-Z33667	650
E-Y70606	500
E-Z22548	2200
E-Y81272	50
E-CTS9580	2200
E-Y158400	2200
E-Y158430	1550
E-Y158408	50
E-FGC58264	2200
E-S23274	800
E-FGC58250	50
E-CTS447	2200
E-Z1700	0
E-Y19516	1900
E-Y18977	800
E-Y19520	425
E-Y45724	425
E-Y49011	50
E-Y45944	150
E-Y49297	50
E-A34168	325
E-Y364959	325
E-Y25644	125
E-Y419961	200
E-Y543188	175
E-Y364898	150
E-Y427846	275
E-Y465631	275
E-CTS10774	3800
E-Z1703	3800
E-CTS8902	3800
E-M4575	2500
E-M4543	800
E-FT284264	650
E-FT280652	50
E-Z22601	3800
E-CTS1151	800
E-Y2576	800
E-PH3165	500
E-Y176408	3200
E-Y175446	1700
E-Y175503	300
E-BY20913	150
E-FTA44119	150
E-BY47392	2700
E-FT51999	2700
E-FT53173	1650
E-Y309547	1700
E-FT87074	2700
E-Y200400	2700
E-Y50247	1600
E-Y47792	600
E-Y45618	125
E-Y154540	200
E-Y351927	200
E-Z1647	3200
E-CTS1338	2400
E-Y201976	1600
E-Y155108	1950
E-Z37730	1700
E-Y186185	275
E-Y272595	50
E-FT245171	425
E-FT247194	200
E-Y351818	425
E-FTC65082	425
E-FTC65829	350
E-Z1649	2600
E-BY44774	150
E-FTB16696	2100
E-BY202002	1850
E-FTC80418	100
E-Y168940	1150
E-FT65279	325
E-FT20879	2600
E-FT17849	2400
E-FT29005	2100
E-FT21330	1150
E-FTB35150	1800
E-Y297318	50
E-Z1650	2500
E-Z1653	2500
E-M3745	0
E-Z1655	0
E-Z5984	0
E-Z1673	2600
E-Y140694	1550
E-Y322063	200
E-Y322702	1850
E-Y46591	1600
E-Y47828	700
E-Y55489	475
E-FTA31439	125
E-Z1672	2100
E-Z1676	2100
E-Z1677	0
E-M4061	0
E-BY6522	1200
E-FTB51381	50
E-FT53529	225
E-FT54416	100
E-M215	34600
E-V16	4200
E-Y212399	2400
E-FTB63820	1650
E-Y246222	1950
E-Y273804	650
E-FTA39388	1850
E-Y245584	1850
E-FT122165	2100
E-FTC4227	550
E-Y45797	1650
E-FT220275	700
E-FT420479	2100
E-Y192824	1250
E-Y252796	1250
E-FTF37214	1350
E-FTF37332	200
E-M35	23900
E-L539	19000
E-V2729	15100
E-Y21095	10900
E-V1039	4900
E-Y338012	1250
E-FTC43334	50
E-Y27318	4900
E-FT321625	4900
E-Y215631	4000
E-Y161140	4900
E-Y204881	2600
E-Y442134	1800
E-FT14008	4900
E-M78	13100
E-M521	13100
E-Y188337	7600
E-Y416070	800
E-Y188009	2400
E-Y188277	1200
E-Z1902	12200
E-Z22639	11200
E-Y161041	5100
E-Y161048	1500
E-Z1238	9600
E-V65	3400
E-Y189463	3200
E-PF2159	3000
E-Z1231	2900
E-Y488341	1650
E-Z21238	2900
E-FT178268	2800
E-BY130863	2700
E-Z21286	2800
E-FT294880	1850
E-BY8823	2800
E-Y90392	2100
E-Y88270	1650
E-PF2094	2800
E-A26155	2800
E-Y188983	2000
E-Y189114	1050
E-BY8817	1000
E-BY8836	850
E-FTD10224	650
E-FTD9251	275
E-CTS194	2800
E-FTA81329	2800
E-Y273499	125
E-PH866	800
E-Y328786	2700
E-FT100707	2800
E-Y191543	2600
E-Y292063	800
E-Y191388	2400
E-CTS194a	2200
E-Y95279	650
E-BY8789	2200
E-FT101901	2200
E-BY8788	2100
E-BY8790	1800
E-Y30691	2800
E-Y30985	2700
E-Y31639	1350
E-Y105274	1350
E-V1174	1300
E-Y161123	150
E-Y193860	650
E-HU159	1200
E-FT55670	1200
E-Y204968	750
E-Y314390	1200
E-BY161109	1200
E-Y433022	850
E-FT198109	750
E-FT199242	650
E-Y445314	50
E-FTH64925	650
E-FTA59682	550
E-V12	10300
E-FGC51357	8500
E-Y82614	4400
E-Y86581	2500
E-BY8675	5800
E-BY8730	4500
E-BY8724	2200
E-BY8717	50
E-FGC74688	3100
E-FTD83237	2500
E-FT18764	4400
E-Y639031	2500
E-BY36713	4300
E-FT355675	4200
E-Y273484	2200
E-Y360313	200
E-BY36734	2500
E-FTB56480	1950
E-Y650815	125
E-Y660260	1450
E-FTJ29151	950
E-BY36714	250
E-FT277043	250
E-Y277081	200
E-FT276596	200
E-Y198814	50
E-Y2863	9800
E-CTS693	8800
E-SK872	6900
E-Y316957	175
E-MF653183	6600
E-Y597113	2100
E-FT346738	1750
E-Y6730	8800
E-BY8621	8800
E-Y318976	1800
E-Y318943	700
E-BY8647	7800
E-Y609205	2700
E-Y610374	1100
E-Y668218	2700
E-V1574	7200
E-Y357039	2200
E-Y357044	1250
E-Y650038	650
E-Y83904	4800
E-Y125054	3700
E-Y82029	3700
E-Y343524	1650
E-BY8604	700
E-Y94903	700
E-Y133655	375
E-BY8645	150
E-Y161113	3700
E-FTA11443	2200
E-FTB5716	150
E-FT28961	2800
E-FT159630	475
E-A9707	350
E-FT167284	450
E-FT30432	2200
E-Y555249	200
E-Y173963	800
E-FT271898	550
E-FT27406	275
E-FT205595	3700
E-Y161115	2500
E-Y161118	1400
E-V5066	600
E-BY130464	3700
E-Y280416	1500
E-FT204815	3700
E-FTA77423	500
E-FGC7703	8600
E-Y6199	3500
E-FTB76017	3500
E-Y204838	2800
E-Y486531	700
E-FGC66451	2800
E-Y515449	2300
E-Y515452	200
E-FGC66413	950
E-FT288706	425
E-FGC66498	700
E-FT205415	200
E-FGC66447	700
E-Y151732	650
E-FTB62616	200
E-FGC66466	550
E-FTE11419	350
E-FTA66462	350
E-FTD85458	500
E-FTD92810	50
E-CTS1239	6300
E-Y37073	3400
E-Y37461	3000
E-BY20484	75
E-Y651993	50
E-BY56796	1450
E-BY144525	600
E-Y649411	50
E-BY112606	600
E-FT421461	600
E-BY83193	125
E-FTH63118	300
E-FTH63119	300
E-Y32930	4900
E-FT10627	4900
E-Y29594	3200
E-BY44854	3200
E-Y32578	1200
E-Y32590	900
E-FTA557	425
E-Y32582	450
E-FT17000	3200
E-FGC44531	800
E-Y426048	500
E-Y486494	3000
E-Y321000	950
E-Y89263	2700
E-Y95021	1950
E-Y86769	1150
E-Y337865	950
E-FT22400	800
E-Y356740	200
E-Z5007	6300
E-Z5006	6300
E-Z21206	5900
E-FT336072	5900
E-Y228455	3300
E-Z36849	5900
E-Y234013	4100
E-Z36850	3700
E-A12769	200
E-Z36853	2400
E-Y636906	2400
E-CTS6667	4200
E-FT264693	4200
E-FT263493	3500
E-Y649804	75
E-MF65337	4200
E-Y352795	4200
E-Y361079	900
E-FT365035	550
E-Y652828	50
E-FGC2188	4200
E-Y21919	4000
E-FTA41578	3200
E-Y663940	2400
E-Y22533	3300
E-YP1156	2100
E-FTC88666	750
E-Y635791	550
E-Y21918	3200
E-Y365089	350
E-BY8554	325
E-FT241912	3200
E-Y565583	600
E-Y637051	300
E-Y245411	2400
E-BY8405	475
E-BY8405a	300
E-BY8439	250
E-BY14424	475
E-BY14425	475
E-Y2862	3800
E-Y372642	3200
E-Y372688	2800
E-Y372727	2400
E-Y372571	1450
E-FTG1480	425
E-Y2850	3800
E-A40481	2300
E-BY8432	3600
E-FT49514	3600
E-FT416360	3600
E-Y395665	3600
E-Y144712	3600
E-BY8590	3600
E-BY8571	375
E-Y602441	2400
E-FTG45861	1500
E-Z36802	1500
E-FTJ7796	650
E-FTF82077	800
E-FTF83932	650
E-FTF83807	400
E-BY8537	3200
E-BY189721	1150
E-BY8536	2000
E-BY8529	950
E-BY8547	650
E-BY8542	400
E-BY8535	175
E-Y2881	3800
E-Y520763	2100
E-FTC87860	3800
E-BY8438	3200
E-Y586466	250
E-M7312	3200
E-BY8459	3200
E-Y151369	300
E-Y322713	3200
E-Y315699	2000
E-FTD40076	1100
E-Y305629	50
E-Y96654	1450
E-FT16711	1450
E-FTA79373	1450
E-FT99807	1100
E-Y111022	1100
E-Y177439	275
E-Y2875	3800
E-Y609742	2700
E-Y637195	375
E-FT362506	550
E-FT363271	200
E-FTG6737	275
E-Y2873	3800
E-FT28202	3300
E-A32670	3000
E-Y6770	3000
E-FT185325	2500
E-FT380270	800
E-FT380718	800
E-CTS8411	3800
E-Y32552	550
E-Y182336	550
E-FT81835	550
E-FT82233	200
E-CTS7178	3600
E-Y568909	1150
E-BY8505	3200
E-FT228719	3100
E-BY8508	2500
E-BY8500	600
E-Y199159	425
E-Y199604	275
E-CTS9977	3300
E-Y2846	3100
E-CTS9507	950
E-FTA63816	1500
E-Y180735	475
E-FGC14377	9800
E-PF3198	4700
E-FGC83697	4700
E-Y71924	275
E-BY8335	50
E-FGC65517	2600
E-FGC65505	2600
E-Y229502	600
E-BY91808	250
E-Y133233	2100
E-FT24737	900
E-FT25301	350
E-FT192318	150
E-Y133236	500
E-FTC26610	125
E-Y133261	150
E-Y319593	1550
E-MF52584	300
E-FT269520	50
E-FGC14378	9800
E-BY8198	6000
E-Y172902	275
E-BY8197	2100
E-BY8286	2100
E-Y361064	450
E-Y132991	1450
E-FGC87613	1000
E-Y132961	250
E-FGC87606	250
E-BY80685	175
E-FTD11162	125
E-Y303165	50
E-BY121921	125
E-FTA83624	50
E-V32	7100
E-BY8114	2900
E-BY8159	2100
E-Y237345	1700
E-Y37091	1950
E-FT35708	1950
E-Y110388	1800
E-CTS2294	5400
E-Y28701	5400
E-V5933	4500
E-V5693	1950
E-Y161096	1350
E-Y161108	1150
E-PH5245	900
E-Y161112	475
E-BY8025	1800
E-BY8010	50
E-Y304028	125
E-BY36700	600
E-BY36697	425
E-Y250274	4500
E-FTB43360	2600
E-FTB43836	1950
E-FTF82936	1950
E-FTB43226	1150
E-Y17750	5100
E-FT357836	4900
E-F25732	950
E-FGC14382	4500
E-FGC14390	4500
E-MF23381	4500
E-Y606918	200
E-BY7932	4500
E-Y629835	2300
E-Y629838	650
E-BY7923	3200
E-Y300417	2800
E-FTJ49681	1850
E-FGC25869	2800
E-BY7928	1850
E-FTE405	1900
E-Y206316	175
E-FT28087	2800
E-FT57615	2500
E-FT57693	2300
E-FT57007	1400
E-FT56919	650
E-Y193388	4100
E-FT165324	1550
E-FGC14383	3700
E-BY64111	300
E-Y17749	3700
E-BY7972	3500
E-BY7964	3500
E-FT391450	3500
E-Y49180	400
E-Y167995	3100
E-FT402720	2400
E-FT403276	500
E-FT9265	2300
E-FT7856	2200
E-FT8669	475
E-FT360383	275
E-FT9801	100
E-FGC14388	3000
E-BY8000	2700
E-BY11647	2700
E-BY11662	2700
E-Y161599	550
E-BY161027	125
E-BY7915	2200
E-Y126581	1350
E-BY7917	650
E-BY7910	375
E-FT341965	1800
E-MF78224	275
E-FT6475	200
E-FTC97535	50
E-FTA49570	1000
E-FTC24982	100
E-FTB79618	850
E-FTB81312	800
E-FTB88751	400
E-FTB88739	125
E-Y653541	700
E-FTD36051	175
E-BY166549	500
E-Y418391	500
E-Z813	4300
E-Y251832	3300
E-FTA47000	500
E-Y582831	1700
E-BY68781	4300
E-Y337154	2200
E-CTS7146	3800
E-Y161128	1500
E-Z809	1500
E-Y161127	0
E-FTA76226	3800
E-FTA74551	3600
E-V6074	2300
E-FTG27065	1450
E-Y161124	3100
E-BY64848	2200
E-Y204997	750
E-Y204806	700
E-Y205079	700
E-Y17859	4000
E-Y55058	1750
E-Y649905	1750
E-Y18629	2800
E-Y469313	2800
E-Y465727	550
E-Y638752	850
E-Y163928	1750
E-Y183037	125
E-Y163949	900
E-FT233224	425
E-Y362403	200
E-FTC83339	900
E-FTC76468	700
E-FTC77937	550
E-FTD51202	425
E-Y272476	900
E-S10293	900
E-Y272428	600
E-Y546981	550
E-Y555612	350
E-FT24258	900
E-Y172974	700
E-FT60192	425
E-FT81055	900
E-FT18668	600
E-FT21265	500
E-FT22485	250
E-Y484733	2800
E-BY155996	2700
E-YP1553	2400
E-Y219427	950
E-Y219973	650
E-Y18637	2700
E-BY8111	2400
E-BY8100	225
E-Y295682	900
E-FT30123	225
E-FT420077	1550
E-FTB36204	500
E-FTB35623	200
E-Y229068	425
E-Y515840	2700
E-FTB57462	700
E-FTB58354	700
E-BY192465	2500
E-FT77328	2500
E-Y264505	850
E-Y520666	425
E-Y177088	450
E-BY8081	1050
E-Y325713	350
E-Y18632	1000
E-Y18640	800
E-BY8085	550
E-BY8088	275
E-Y618139	275
E-Y473811	50
E-Y196848	425
E-Y196956	50
E-Y227096	200
E-Z1919	11700
E-V22	8100
E-Y2510	8100
E-BY7700	6000
E-Y362399	1200
E-Y572118	3000
E-Y600450	425
E-Y677283	425
E-FTC18246	6000
E-ZS6466	2800
E-FTC17995	6000
E-BY7729	5400
E-FTA307	3100
E-FT342392	2900
E-Y367178	2700
E-FT343474	1500
E-Y353773	1100
E-FTC60237	700
E-Y225254	4500
E-Y225169	350
E-BY7704	3400
E-BY7715	2500
E-Y430022	2000
E-Y429930	1150
E-CTS567	8000
E-Y482561	1650
E-BY161276	6700
E-Y419379	4800
E-FTD53971	3800
E-Y419434	2800
E-Y419484	350
E-Y154855	500
E-BY162146	250
E-BY162217	125
E-V3262	6300
E-Y180010	4700
E-Y219788	3800
E-Y219787	200
E-Y289129	350
E-AM00053	4400
E-FT112535	4300
E-Y178110	2600
E-BY7675	50
E-BY36690	3700
E-Y89365	3300
E-FTA57541	2700
E-FTD8752	1200
E-V6553	1250
E-Y205049	900
E-FTB16320	850
E-Y205085	650
E-Y100656	2500
E-FT54481	2500
E-Y371470	500
E-Y84965	850
E-Y183976	800
E-FTF63872	350
E-Y105530	800
E-Y89408	425
E-Y181955	700
E-FT53233	700
E-Y181756	350
E-BY106506	500
E-FT162078	425
E-Y185927	450
E-FTA15068	275
E-Y37003	7900
E-Y60398	2300
E-Y60198	600
E-BY7447	7900
E-BY7585	5400
E-Y562523	1450
E-BY7609	4400
E-FT183181	2400
E-FTC45677	2400
E-Y185212	2000
E-FT339427	1500
E-BY167154	4100
E-BY7631	425
E-BY7593	275
E-FT192962	125
E-Y212126	275
E-FGC76841	7900
E-BY64681	1100
E-BY7452	7700
E-BY7822	7700
E-BY60777	5600
E-BY62789	3800
E-Y305618	5300
E-Y356741	1200
E-Y357212	1200
E-Y493826	500
E-Y305622	5300
E-FTA4829	3700
E-Y305619	1100
E-Y678239	200
E-BY7449	6800
E-BY7454	6000
E-BY7566	2700
E-FT155550	50
E-BY7517	5300
E-FT183188	2000
E-FTF20855	650
E-FT412890	50
E-BY7501	4800
E-Y82076	2700
E-Y107789	1700
E-BY36678	1700
E-Y145584	200
E-BY7503	600
E-FT74260	50
E-BY36681	475
E-BY42185	475
E-FT241112	50
E-FGC76815	1700
E-Y142157	500
E-Y142211	200
E-FGC76830	1700
E-Y218932	1150
E-Y218928	50
E-Y229583	950
E-Y2498	8000
E-FGC63945	5100
E-Y240863	425
E-L1250	8000
E-Y351864	4400
E-Y433431	1850
E-Y351838	2500
E-Y351840	50
E-Y205414	5100
E-BY91053	3900
E-BY72560	2100
E-Y205243	950
E-FT88280	7400
E-FTB9554	1500
E-BY90540	6500
E-Y327801	225
E-Y133043	6300
E-Y133026	5300
E-FT407950	5900
E-FT407364	4700
E-FT407404	2700
E-Y191061	8000
E-Y191043	1700
E-FT375889	700
E-FT210286	850
E-Y641573	200
E-FT210803	600
E-FTF78867	125
E-FT209183	175
E-FT63559	175
E-FT211043	125
E-FGC2726	7800
E-Z1349	1750
E-Y82004	1750
E-FT192219	600
E-Y585779	350
E-FT191686	475
E-Y633410	125
E-BY7308	5900
E-Y364009	50
E-Y143673	3000
E-Y346612	2700
E-Y649420	350
E-M6233	2600
E-Y143674	600
E-FT91286	200
E-Y143701	600
E-Y143702	600
E-Y143703	125
E-BY7402	7400
E-FTB79822	3900
E-Y316145	3600
E-BY182571	7200
E-BY182743	5200
E-Y258316	3800
E-Y264305	7200
E-Y285424	6300
E-Y428462	50
E-FT187320	6700
E-Y285522	1200
E-FT185008	4100
E-Y185166	2100
E-FT186124	2100
E-FT137370	7400
E-Y366463	1800
E-FT135229	3600
E-FT137267	3000
E-FTF92351	1750
E-FT139839	2600
E-FT137676	450
E-Y181733	50
E-FT168652	1800
E-FT167515	800
E-FT458343	1800
E-BY197937	6900
E-FT185103	3000
E-Y677956	650
E-FT185407	500
E-FT186046	50
E-BY197936	6900
E-FT937	6200
E-FT1910	3400
E-FT178339	1800
E-FT6969	1650
E-BY200836	4200
E-BY198130	1350
E-Y360295	1000
E-FGC92623	3500
E-Y183851	450
E-FT195953	50
E-FT247113	425
E-FGC92601	350
E-FT264223	200
E-FT264208	50
E-Y492159	7200
E-Y183098	6800
E-Y263420	6000
E-FT159483	2600
E-FT160932	2600
E-Y183080	425
E-Y318030	4600
E-Y318031	50
E-CTS4089	7000
E-CTS859	5300
E-CTS3116	3900
E-CTS1710	1950
E-CTS1999	1500
E-FT264928	1000
E-FT363095	850
E-BY64655	5600
E-Y173038	1100
E-Y240801	1100
E-Y240589	1100
E-Y269930	500
E-FTC2914	3200
E-Y436771	275
E-FTC2632	3000
E-Y348278	1450
E-FGC62870	6200
E-Y586077	3700
E-BY95574	350
E-Y84139	6200
E-FGC62855	5400
E-Y87533	1000
E-FT162655	4200
E-FT161981	2800
E-Y270751	2600
E-Y370720	650
E-Y270750	350
E-FTA62459	275
E-FTD84676	50
E-Y461655	125
E-Y518710	50
E-PH2818	7400
E-Y510548	50
E-Y16536	7400
E-Y309109	1200
E-FTD44917	1200
E-V2418	5200
E-FTB12393	2200
E-Y565541	50
E-Y72778	5100
E-Y156521	2200
E-FTB82099	1300
E-FTC3636	1550
E-Y156615	500
E-Y61185	2600
E-Y565542	500
E-FTD78315	350
E-L674	1700
E-PH1572	1100
E-A15047	950
E-FTB90038	225
E-PH430	550
E-Y142181	450
E-Y16549	1500
E-BY10370	1500
E-Y146479	225
E-FTB56511	500
E-FTB56282	50
E-BY10366	700
E-BY11379	50
E-BY10374	700
E-BY11345	50
E-Y180599	700
E-Y146610	225
E-BY10365	50
E-FGC37425	1500
E-BY11332	425
E-BY11335	50
E-Y16563	1500
E-BY6692	600
E-BY106543	1000
E-FT185368	1000
E-Y471020	900
E-FTF64999	50
E-MF63384	275
E-Y134324	500
E-Y614307	500
E-FTC89161	350
E-FTE82017	350
E-BY167898	500
E-BY166414	50
E-FT190404	500
E-Y21870	1050
E-A1831	425
E-BY10429	225
E-FGC51641	700
E-BY6733	50
E-BY10392	650
E-BY11388	500
E-BY36662	400
E-Y135687	225
E-BY6712	1500
E-BY10421	1350
E-BY10025	550
E-Y89043	750
E-Y146419	450
E-Y146414	150
E-BY6715	1150
E-BY6718	125
E-BY6713	50
E-FGC64462	1150
E-BY11394	700
E-BY11391	50
E-Y24403	1000
E-FTD7809	650
E-FTD7754	650
E-BY7891	300
E-PH784	550
E-FTF35754	50
E-FGC37187	600
E-FT4369	425
E-BY10466	275
E-Y90156	375
E-FT5148	125
E-Y100009	300
E-BY10383	600
E-BY10381	600
E-BY10382	600
E-FGC37180	550
E-BY6740	250
E-FGC37429	50
E-F2141	425
E-BY11344	50
E-FGC37179	425
E-FGC37183	50
E-Y499161	7100
E-Y32116	5600
E-BY7071	5300
E-BY7084	4600
E-Y620549	4000
E-Y620430	2200
E-Y95461	4400
E-Y30971	1250
E-Y32576	7100
E-BY6800	3600
E-FT421454	3200
E-FTA44414	50
E-Y628540	1200
E-Y675367	950
E-BY6756	50
E-L1401	5300
E-FTA50822	5300
E-FTA50338	4300
E-Y676541	3600
E-MF2165	1800
E-Y268520	275
E-Y607617	3900
E-Y497387	7000
E-FT256070	6200
E-Y347438	800
E-FTH1578	2400
E-PH2121	7000
E-BY165197	4600
E-BY165022	4600
E-FT362600	900
E-FT362483	850
E-FT386876	750
E-BY7142	7000
E-PH1889	800
E-Y30970	7000
E-Y30973	7000
E-BY7125	7000
E-BY36871	3800
E-Y294937	2400
E-Y193420	2500
E-Y193401	50
E-Y20282	7000
E-Y20406	6700
E-BY7178	6700
E-Y142136	125
E-Y72713	5500
E-Y60598	900
E-Y78756	650
E-FT106542	5200
E-Y399525	3200
E-FT107327	2400
E-FT107440	2400
E-Y658383	650
E-Y677187	500
E-Y20808	6300
E-Y147239	5600
E-Y147228	2500
E-FT173908	1500
E-Y366669	4100
E-Y20815	5500
E-FGC63288	3800
E-Y81625	1000
E-Y366178	500
E-Y172926	4600
E-Y231984	3100
E-Y20806	700
E-BY6908	350
E-Y72125	700
E-BY6865	6100
E-Y33589	6100
E-Y193324	125
E-BY7267	5900
E-Y220831	500
E-Y126885	50
E-Y220137	5500
E-Y81658	175
E-Y33587	4900
E-Y45897	700
E-BY55094	4700
E-Y161745	1950
E-Y439462	1800
E-BY28219	3300
E-Y86187	2200
E-FTB87321	650
E-Y102077	2200
E-Y313180	350
E-FTD39277	50
E-Y92628	375
E-Y134317	2400
E-Y134318	1000
E-BY44689	1000
E-BY103195	550
E-BY94156	600
E-BY98207	225
E-FT76003	175
E-BY6871	6300
E-Y621552	2600
E-Y674603	2600
E-Y674630	1650
E-Y621550	200
E-Y268695	3300
E-Y269626	50
E-Y435821	850
E-Y435971	200
E-Y435940	50
E-FT177990	6300
E-Y184483	500
E-FT176935	200
E-FTH4984	50
E-FT42030	6300
E-BY32473	950
E-Y638024	1350
E-BY7022	5800
E-Y95182	5700
E-Y35978	5600
E-Y162968	4300
E-BY44626	3400
E-Y163054	225
E-Y35956	700
E-Y89986	425
E-BY7019	4600
E-Y653917	3000
E-Y158312	3300
E-Y158290	3100
E-FT418385	2300
E-Y677060	700
E-Y158306	1200
E-BY199237	3000
E-FT256507	2100
E-Y164159	275
E-L618	8300
E-Y271618	7700
E-Y305671	5000
E-Y10656	800
E-Y332144	350
E-MF643571	550
E-Y549752	500
E-A35813	350
E-CTS10912	8000
E-BY6578	5000
E-Y182141	2800
E-FT150193	600
E-FTA2623	2800
E-Y232593	1000
E-A34827	750
E-Y232590	1000
E-A28567	1950
E-Y238154	1900
E-Y238319	1250
E-Y439482	50
E-Y249535	1100
E-Y250012	1000
E-FTD92862	800
E-Y249397	50
E-V13	4800
E-BY6550	2700
E-BY40556	2300
E-Y81229	1600
E-Z1057	4800
E-Y30977	4400
E-Y30976	4100
E-Y99739	3800
E-Y81890	3100
E-BY28620	3700
E-Y348462	3100
E-Y348427	2800
E-Y84931	2400
E-BY112433	600
E-Y93628	1500
E-Y630864	375
E-Y37092	4400
E-BY34236	2100
E-BY34255	1900
E-Y502198	1900
E-Y208863	800
E-Y159925	3600
E-Y159845	1500
E-Y126722	1750
E-Y176890	1150
E-Y176894	1100
E-PH1395	750
E-PH1657	750
E-Y176957	425
E-BY14160	4400
E-FT61382	3900
E-Y340522	3100
E-Y81468	2700
E-FT275481	2700
E-FT275480	2700
E-Y173058	1400
E-FT62246	1400
E-Y167794	1250
E-Y167861	275
E-FTG87914	200
E-FTH39957	200
E-BY14150	3200
E-Y277493	3200
E-FTB27106	2200
E-FTB22565	2100
E-Y328283	200
E-Y131478	750
E-FTD39178	350
E-CTS1273	4400
E-FT7781	4400
E-FT10873	2400
E-FT10492	1550
E-FT208901	1550
E-Y160523	650
E-Y35953	3900
E-BY15406	2700
E-BY15402	2300
E-BY98695	2300
E-Y302339	2300
E-BY15395	2000
E-BY15410	2000
E-BY15412	2000
E-BY15415	1900
E-FT233888	700
E-PF6784	3000
E-Y91576	2900
E-Y193398	2400
E-Y163740	1950
E-Y93395	2800
E-BY28623	1800
E-FT142653	2500
E-Y287223	1650
E-Y111755	1100
E-CTS11037	950
E-L540	2000
E-FT151749	1850
E-Y82423	850
E-Y253220	125
E-Y84320	275
E-A6295	1550
E-Y220859	1100
E-Y48858	900
E-A9034	1500
E-A9036	125
E-BY163256	1500
E-Y154035	1000
E-Y153993	200
E-Y7026	1800
E-Y7025	1800
E-FT13909	1000
E-BY82428	1550
E-BY5862	1050
E-Y53864	800
E-Y17710	1800
E-BY178938	1350
E-Z29042	1800
E-Z39377	1800
E-BY5180	1550
E-BY5202	450
E-A783	1750
E-Y12393	1750
E-A779	300
E-BY5909	225
E-Y33576	50
E-BY3880	4300
E-FT13667	2400
E-Y48345	1700
E-FTD86483	3100
E-BY6527	3000
E-Y85273	800
E-BY6510	2100
E-FT334041	225
E-FT49627	200
E-BY152493	3700
E-Y235641	3700
E-FTA7686	1000
E-BY152552	2100
E-BY188464	2100
E-Y126090	2000
E-FTA31209	1800
E-Y160232	450
E-BY6281	3000
E-BY6276	3000
E-FT76581	2500
E-Y62522	175
E-FT75463	125
E-Y19508	3400
E-BY5965	2000
E-FGC14085	1400
E-FGC14094	1400
E-FGC14091	1000
E-BY5967	1000
E-Y66613	3200
E-FT184775	2200
E-Y156783	700
E-BY30351	3200
E-Y131624	2300
E-MF19897	200
E-FTB68112	50
E-Y20123	3300
E-FT350379	3300
E-Y209034	3300
E-Y277523	2500
E-Y19644	3300
E-Y19643	325
E-BY173116	150
E-BY52668	325
E-BY6312	325
E-BY6313	50
E-FT90657	150
E-FTC5921	325
E-BY6245	225
E-FT40569	250
E-Y16729	4100
E-FTE35221	2300
E-Y138115	2300
E-Y138117	550
E-Y88062	4100
E-BY202063	2900
E-BY202080	2300
E-BY202011	2200
E-Y281856	1600
E-Y509199	4100
E-Y16721	4100
E-FT390659	3600
E-BY134687	500
E-Y16734	3600
E-Y16722	3000
E-Z38518	1100
E-Y16733	750
E-BY5766	750
E-Y101815	375
E-BY5775	600
E-BY164498	150
E-BY5778	300
E-BY5786	3100
E-BY5789	2400
E-BY5787	1500
E-Y151505	150
E-FT144056	400
E-Y14411	50
E-FT176351	900
E-FT177989	550
E-Y154191	750
E-Y155547	350
E-Y157622	125
E-BY40482	1500
E-BY5814	900
E-FT145906	200
E-FT145900	50
E-BY5815	900
E-MF86279	800
E-Y85963	550
E-Y95747	450
E-Y149960	425
E-BY76019	375
E-Y509306	250
E-BY5794	700
E-BY5797	700
E-BY5807	325
E-BY5811	300
E-Y228664	100
E-Y346498	50
E-BY5803	700
E-BY5805	500
E-BY5804	500
E-BY5809	100
E-FGC44169	4100
E-BY6357	3900
E-FT29128	2400
E-A9723	2300
E-Y283530	950
E-Y56063	1950
E-S7461	4100
E-BY5026	1700
E-FGC44465	2900
E-FT148177	2700
E-Y179545	800
E-Y226787	650
E-BY5022	3900
E-BY112334	2200
E-Y85881	1950
E-Y90169	50
E-Y222990	1250
E-Y37239	1250
E-Y525398	425
E-BY5084	3600
E-Y205283	950
E-Y154356	2800
E-FTC12456	2100
E-FTC13122	1200
E-Y152935	450
E-BY118077	50
E-FGC57496	3900
E-Y264377	3200
E-FT185662	2300
E-BY5145	2900
E-Y191483	200
E-Y139372	750
E-Y152872	3500
E-BY169463	1450
E-BY169811	1100
E-BY170308	800
E-Y150909	3800
E-BY35789	3100
E-BY71807	3100
E-Y138054	2600
E-Y344294	2600
E-S24894	500
E-FGC68920	3900
E-Y265944	275
E-BY5488	3900
E-BY5490	3900
E-FT407	3500
E-Y190298	2000
E-BY5468	3900
E-BY5466	3000
E-Y369301	225
E-FTD17591	50
E-Y536372	50
E-FGC44154	3900
E-Y132383	3900
E-Y132355	375
E-Y354412	3500
E-Y598363	3500
E-BY60976	2800
E-BY125626	1650
E-CTS8926	225
E-Y519524	375
E-FTA58155	125
E-Y265846	50
E-FGC44177	3900
E-A11182	3100
E-BY5024	1050
E-Y125215	1100
E-Y125214	600
E-Y141745	50
E-FGC44175	3700
E-FT30796	3700
E-FGC44171	3700
E-BY5160	3700
E-BY5147	3700
E-Y35954	2100
E-BY5027	375
E-BY6041	2600
E-BY6043	2300
E-Z16342	1500
E-Y185891	2300
E-Y280680	1050
E-BY181129	200
E-Z5017	4300
E-BY4642	3300
E-Y93022	3100
E-A10665	2900
E-FT37794	2900
E-Y281013	1650
E-Y343896	75
E-Y18556	4000
E-Y420784	4000
E-FT98920	3700
E-FGC71968	4000
E-Z17424	1850
E-Y155183	700
E-Z19851	3900
E-Y58315	2900
E-Y366093	1100
E-Y137715	2200
E-FT39742	3900
E-BY175923	3100
E-FT129536	2700
E-BY183947	3300
E-FT370589	2500
E-Z19851a	3900
E-A18833	2600
E-Y172393	1400
E-FT146201	850
E-FT146178	600
E-Y597269	375
E-A9739	1250
E-FT61051	350
E-Y190254	950
E-Y190253	350
E-A18844	1050
E-FT8242	1050
E-FT104106	950
E-FT287248	950
E-CTS11222	650
E-A18847	500
E-Z5016	4300
E-CTS5415	2900
E-Y138701	3000
E-Y247109	50
E-BY4611	1800
E-Y138718	425
E-Y3762	4000
E-BY4602	3800
E-Y354129	2800
E-Y576919	1500
E-BY4600	2800
E-Y170986	1100
E-Y90461	2800
E-Y467140	1800
E-CTS6377	3900
E-Z22524	800
E-BY95428	3600
E-Y633057	125
E-Y86155	2500
E-Y84850	1250
E-Y3761	3900
E-CTS2001	3900
E-CTS9320	3100
E-Y101308	2900
E-Y84585	2000
E-Y99902	1550
E-Y84924	1550
E-FGC44469	1550
E-Y103928	375
E-Z25461	3000
E-BY20077	3000
E-BY20074	1450
E-BY4518	2600
E-Y94201	2600
E-BY4508	2400
E-BY4517	1300
E-FT106938	2200
E-Y136719	1250
E-Y208589	1200
E-Y208631	125
E-C130593	2900
E-FT5285	2400
E-Y531980	1400
E-Y532605	1250
E-BY204029	1900
E-Y363694	50
E-Y189275	2900
E-FT79190	2800
E-BY128909	2700
E-Y465557	325
E-FT79653	2800
E-Y189173	2200
E-Y252849	1900
E-Y253060	1750
E-Y188922	1800
E-Y188867	1350
E-Y555619	1250
E-BY4526	3100
E-BY10393	3000
E-BY10406	3000
E-Y416792	1200
E-S10743	3000
E-BY103341	2900
E-Y379150	2300
E-Y160090	1450
E-BY4564	1950
E-BY4553	1400
E-FT12047	1400
E-Y41959	475
E-BY4551	425
E-BY4557	50
E-Y297696	3100
E-Y397267	3100
E-Y297718	1300
E-Y592773	700
E-Y613243	650
E-FTF68910	350
E-FTG71657	200
E-BY4529	3100
E-FT128743	3100
E-Y254412	3100
E-A10952	2800
E-Y538065	325
E-Y538468	275
E-Y20805	2700
E-BY4543	2700
E-Y274359	2200
E-Y273945	950
E-Y48943	50
E-Y227848	550
E-FT410409	425
E-BY4573	2000
E-BY4566	2000
E-BY4580	1050
E-Y336549	50
E-BY148067	650
E-Z17107	2800
E-Y327944	500
E-Y576727	500
E-Y196687	2500
E-A19247	2400
E-FT27670	2200
E-Y196900	850
E-Y81971	600
E-A19238	325
E-Y30991	2800
E-A24070	2800
E-FT250618	2000
E-A24054	2800
E-A24066	1750
E-FT192275	1050
E-FT193934	800
E-FT191739	375
E-Z38456	2300
E-BY4459	2300
E-Z18806	800
E-BY4465	1850
E-Y161799	1450
E-FT151656	1200
E-Y161798	1450
E-BY4455	1200
E-Y256571	1100
E-Y273598	1000
E-Y51484	450
E-Y48420	300
E-Y142958	1750
E-Y97307	1750
E-FT186965	1450
E-FT19501	1100
E-Y160670	1650
E-Y228014	950
E-Y92017	1300
E-Y323670	350
E-Y142966	1300
E-FT421636	1200
E-Y143058	1150
E-FT83628	1300
E-Y94614	425
E-Y160381	125
E-Y82668	425
E-Y164503	1300
E-Y164461	800
E-Y643534	1100
E-FTC19034	650
E-Z17264	3100
E-Y289206	3100
E-FT70714	2100
E-Y21947	2100
E-Y21945	500
E-FTC80655	400
E-FTC82036	125
E-Y61030	175
E-BY5726	125
E-PH1173	3100
E-BY189414	1650
E-Y270754	800
E-YP223	1600
E-Y502639	850
E-Y151961	275
E-FTC28761	2000
E-FTC27845	1650
E-Y438237	50
E-FTC27283	500
E-FTD27244	1500
E-BY4404	2700
E-BY4418	2700
E-Y38934	475
E-FT110789	2500
E-FT109527	1100
E-BY4289	2900
E-Y211854	2900
E-Y211958	2700
E-Y454493	2700
E-BY4282	1450
E-BY4288	1250
E-FTA55988	400
E-FTA11713	50
E-FT418936	1050
E-BY4342	450
E-BY203425	3100
E-Y24198	2500
E-Y164554	2000
E-Y7168	1100
E-FTC12111	1100
E-Y332616	50
E-FTC11923	1050
E-COR1	750
E-FTE3833	200
E-FTC12132	1050
E-FTC9939	500
E-Z16988	2900
E-FT30969	2900
E-Y231989	2900
E-FTA67460	2700
E-FTA66777	2100
E-A11802	2200
E-BY180229	750
E-Z38664	2100
E-A20173	2100
E-Z21340	2500
E-BY55359	1150
E-FT262149	2900
E-BY66796	1200
E-Y196958	700
E-FTA54222	125
E-Z27131	2900
E-BY4222	2300
E-BY4223	1700
E-BY182530	300
E-BY4231	125
E-FT17132	2300
E-Y375526	2300
E-BY105970	1550
E-Y251729	1350
E-FT19186	1050
E-BY146525	900
E-FTG83929	175
E-BY92885	900
E-FTE28686	700
E-FT156041	800
E-Y182900	700
E-Y82498	325
E-BY4590	600
E-BY34282	2600
E-FT12534	2600
E-FT62138	1700
E-Y172786	2200
E-FT44630	2200
E-Y186020	1000
E-BY50887	2100
E-BY55169	650
E-Y244397	1500
E-BY155704	1900
E-BY176411	550
E-Y133830	1350
E-FT89249	600
E-Y194948	125
E-Z13591	500
E-FT89644	500
E-BY154448	350
E-Z5018	3600
E-Y137341	1850
E-FT215622	200
E-Y154545	3300
E-Y154557	2500
E-Y563000	1650
E-Y154546	225
E-MF172290	1850
E-Y36298	2600
E-BY6317	400
E-Y95697	2400
E-BY6058	3600
E-A2192	2800
E-Y348402	50
E-Y133119	1550
E-Y133126	700
E-BY6102	650
E-BY6094	650
E-FT187945	2400
E-CTS13024	950
E-Y227243	850
E-Y227338	650
E-Y227540	650
E-L17	3600
E-Y61211	50
E-FTA41153	2600
E-FTA39146	2400
E-FTG2094	750
E-Y18333	3500
E-Y18336	3200
E-Y232742	3200
E-FTA18097	1950
E-Z16664	2700
E-Y45878	1250
E-BY178965	1100
E-Y265176	950
E-FTA87507	275
E-Y264957	375
E-Y158608	225
E-Y30987	1000
E-Y140272	950
E-Y140273	500
E-Y96900	300
E-Y145455	3600
E-Y335155	1650
E-S2940	3200
E-Y145183	1400
E-BY160711	3500
E-BY159937	2800
E-FTB9784	350
E-Y155451	2900
E-BY191636	3600
E-Y161738	950
E-BY6375	2900
E-BY72004	2400
E-Y273602	950
E-Z17293	3600
E-Y252601	2800
E-FTA17775	450
E-BY183690	3600
E-S24513	2900
E-FT61086	3600
E-FT61105	2000
E-Y266030	1000
E-FT62130	800
E-FGC94882	3600
E-FT11885	3600
E-C133984	1650
E-FT13371	3600
E-PH283	3600
E-FT1812	3600
E-FT5101	3600
E-FT96373	3600
E-BY7425	3300
E-Y157327	225
E-Y243696	3100
E-Y243593	50
E-Z16242	3100
E-Y222317	2300
E-Y178966	950
E-Z2162	950
E-FGC91373	950
E-Y20431	475
E-FGC44086	50
E-FGC45647	350
E-FGC19308	475
E-A21920	475
E-FGC86595	275
E-FGC61652	375
E-FGC97263	350
E-FGC61650	225
E-FT362133	50
E-FGC14559	275
E-FGCLR2217	50
E-FGC14566	50
E-S2979	3600
E-Y260393	2400
E-FGC33614	2800
E-BY6162	2800
E-FGCLR1408	650
E-Y70836	2600
E-FT32781	2600
E-FT151969	2300
E-C129602	2100
E-C113316	1450
E-Y60987	2000
E-Y68355	1250
E-FGC33646	2300
E-Y93102	750
E-FT70142	700
E-BY156737	650
E-Y499833	550
E-Y300575	750
E-Y91573	425
E-Y581463	325
E-FGC11457	3400
E-Y285226	2700
E-FGC11451	3400
E-FTA26699	275
E-BY4914	2400
E-BY4896	1200
E-Y33577	300
E-BY126249	50
E-BY19743	250
E-FTC93013	100
E-Y33578	75
E-FGC67001	2700
E-BY164676	1450
E-BY4835	2400
E-Y186780	2400
E-Y288525	2100
E-Y186952	2500
E-S9725	1400
E-Y439372	1150
E-BY239605	1150
E-FGC67002	2700
E-FGC67019	2700
E-MF53523	2600
E-Y323301	2000
E-Y323116	125
E-Y84587	700
E-FGC11450	3400
E-FT365609	2900
E-Y189379	650
E-Y189382	500
E-Y353524	500
E-FTD6542	500
E-Y257534	2800
E-Y58870	1750
E-BY4994	900
E-BY4951	3000
E-FT156513	650
E-Y173822	1400
E-FT189679	1200
E-Y228388	650
E-Y228437	650
E-FT28599	1200
E-Y174071	1200
E-Y173911	850
E-Y111116	350
E-FT184022	750
E-Y321893	650
E-BY11961	750
E-Y14095	600
E-Y581529	100
E-Y288085	100
E-FT185295	350
E-FT189713	350
E-FGC11465	3200
E-Y17356	2500
E-Y17746	2400
E-Y17350	350
E-BY4892	175
E-ZS1176	3100
E-FGC11447	3100
E-FT256407	2600
E-FTB35805	200
E-Y194323	1600
E-Y255338	2300
E-Y310815	1650
E-BY4968	1650
E-BY4957	800
E-Z38485	1750
E-Y45760	300
E-Z38519	900
E-Y58292	425
E-Y146086	3400
E-BY68094	3400
E-SK151	300
E-Y160784	3100
E-FTC27220	1300
E-Y160828	2000
E-Y88915	2000
E-Y227294	950
E-Y227299	800
E-MF610948	800
E-Y250506	950
E-Y249472	650
E-Y140828	2900
E-Y422251	500
E-Y146085	1200
E-FTC96610	800
E-Z37873	1050
E-Y146090	950
E-Y146091	700
E-BY217503	500
E-Y632919	700
E-Y232071	375
E-Y261785	950
E-Y360889	400
E-Y127731	950
E-Z37874	500
E-Z16659	3600
E-Y3183	3600
E-BY44794	3500
E-KMS66	1500
E-FT115151	200
E-FT117945	200
E-BY174450	3100
E-Y173089	1200
E-FT61303	950
E-BY174448	1850
E-Y331720	350
E-Y260691	2500
E-Y277541	1200
E-Y260652	2300
E-Y260895	1250
E-Y488250	950
E-S2972	3500
E-FT50200	2800
E-A7135	3300
E-BY70909	350
E-Y18358	3000
E-Y527889	1950
E-Y18675	3000
E-FT33392	2600
E-Y297838	1050
E-Y83041	3000
E-FT110989	2300
E-FT111872	2300
E-PH2972	1950
E-Y18360	3000
E-A8458	2300
E-A8460	1750
E-Y53054	2600
E-Y325166	700
E-Y95437	800
E-BY5394	800
E-BY5430	2500
E-FT91177	2500
E-BY5431	2500
E-BY68610	2500
E-FT271163	950
E-BY5423	1450
E-BY5429	950
E-BY83158	100
E-Y128213	950
E-Y129143	500
E-BY157133	50
E-Y129156	350
E-Y128502	300
E-Y129964	50
E-Z16661	3500
E-Y136929	1350
E-Y68035	3400
E-BY5303	3200
E-S2978	3300
E-BY5285	1600
E-Y186158	550
E-Y186218	50
E-Y257835	200
E-Y475329	3300
E-S2965	2700
E-Y248578	1200
E-FGC67452	1200
E-FGC67465	1000
E-Y184908	450
E-FGC67483	300
E-BY168279	3500
E-Y159601	1200
E-Y187616	1000
E-Y187415	600
E-Y174869	900
E-BY165837	700
E-Y159514	700
E-BY167606	400
E-FT173074	375
E-Y422495	275
E-L241	2800
E-FT94296	2800
E-Y218381	1650
E-BY106971	1650
E-Y306176	2700
E-Y251806	2800
E-BY5635	1250
E-FT183738	1050
E-FTA68582	2800
E-BY5585	2200
E-BY5584	1950
E-Y192875	2500
E-BY5682	2200
E-BY5681	125
E-BY5500	2800
E-FT255206	2300
E-A7065	2800
E-BY5610	2100
E-Y301390	1350
E-FTC64800	475
E-Y445349	2100
E-BY5607	1800
E-ZQ806	2500
E-Y475293	2500
E-Y184711	2100
E-BY199965	1800
E-Y184639	1100
E-Y184700	850
E-ZQ822	1450
E-FTB75628	550
E-Z38770	2300
E-Y19527	2200
E-BY5522	1750
E-BY5528	200
E-Y20823	1350
E-Y20824	1000
E-Y152072	475
E-BY5527	475
E-BY34331	475
E-Y581412	2700
E-Y335714	2500
E-FT76826	2300
E-Y335398	350
E-Y142744	2600
E-YP4806	900
E-Y178925	550
E-Y178858	50
E-Y142743	2500
E-FT14641	250
E-Y431309	650
E-Y431489	650
E-Y142722	1250
E-BY197971	1000
E-BY198983	500
E-Y142738	700
E-Y438845	50
E-Y142752	650
E-Y142741	650
E-BY5617	2400
E-BY63884	700
E-Y286937	2100
E-Y366563	1550
E-Y498733	2400
E-Y291924	2400
E-Y263945	2400
E-Y209772	2400
E-Y96696	1700
E-PH2180	1300
E-PF4243	650
E-Y30588	1150
E-Y194482	500
E-Y55541	500
E-Y194804	500
E-Y410509	500
E-Y282207	1100
E-Y85184	750
E-Y113094	700
E-A42167	700
E-Y94978	400
E-FT178289	1300
E-FTA33706	950
E-Y230317	500
E-Y362272	200
E-FT176420	1000
E-FT232287	800
E-Y186685	475
E-Y192195	1150
E-Y192194	850
E-FTD44512	275
E-Z827	23400
E-L19	13600
E-PF2431	10700
E-Z21068	10700
E-PF2438	10700
E-Y265329	2000
E-Y265485	1700
E-Y10550	9200
E-Y332793	7600
E-Y10541	9200
E-PF2440	4900
E-PF2471	4600
E-BY9805	4200
E-BY9838	3900
E-Y427944	3900
E-Y133414	3800
E-Y10561	6300
E-Y308211	4200
E-FGC19010	6200
E-M8274	4900
E-FT81966	4300
E-Y545782	500
E-BY46455	3500
E-A21055	3100
E-Y370736	50
E-FGC18957	5200
E-Y141598	3400
E-Y141678	2500
E-FT365011	1200
E-Y214318	150
E-Y141721	2200
E-Y141637	900
E-A30032	900
E-Y141667	450
E-FGC18981	2700
E-Y35933	1700
E-FGC38527	2700
E-FGC38517	2400
E-Y56065	350
E-Y69784	850
E-BY9917	550
E-FGC18960	2500
E-Y33020	2500
E-Y87448	650
E-Y255520	350
E-FGC18971	2300
E-Y85736	700
E-FGC18958	1000
E-FGC19003	400
E-FGC18942	200
E-Y175662	350
E-A11225	1000
E-Y151388	350
E-MF30860	125
E-M81	4200
E-Y7632	4200
E-M165	3300
E-Y596059	3200
E-CTS4236	2900
E-CTS6256	2700
E-Y136951	1900
E-Y144588	1900
E-Y144583	1900
E-PF2548	2300
E-Y180973	1300
E-FT150491	1300
E-BY195432	1000
E-BY198181	2300
E-BY198035	1000
E-FT138525	350
E-FT175054	700
E-FT195509	350
E-A5604	1750
E-BY10161	1100
E-MZ236	1750
E-Y161794	850
E-Y204407	275
E-MZ249	1150
E-FT458078	1100
E-FT373538	1100
E-FT338314	300
E-Y8827	2300
E-Y109169	2100
E-MZ182	2100
E-A9293	125
E-MZ195	1300
E-MZ196	225
E-FTA21901	1300
E-MZ260	1700
E-MZ252	1550
E-Y130039	850
E-Y128769	700
E-MZ251	550
E-Y362460	650
E-A33946	125
E-A33943	50
E-PF2546	2100
E-BY197450	2100
E-Y282541	2100
E-MZ179	1600
E-SK16	150
E-BY10290	500
E-FT407304	500
E-BY10336	2100
E-BY10333	2000
E-BY10325	2000
E-Y225721	1850
E-Y225709	1250
E-Y225699	800
E-Y430542	950
E-FT180378	850
E-PF2581	1950
E-A39973	350
E-PF2578	1950
E-MZ217	2100
E-FT42236	1250
E-FT38724	1250
E-MZ234	2000
E-FTB32990	1350
E-Y289182	125
E-Z27803	200
E-FT268448	200
E-MZ117	550
E-BY10313	500
E-FGC22844	2100
E-MZ48	1650
E-BY10302	1100
E-BY10209	1950
E-L351	1400
E-BY10201	350
E-A601	2100
E-FT374534	2100
E-Y216643	2100
E-Y217311	1800
E-Y216889	650
E-MZ99	1650
E-MZ101	1400
E-MZ51	1650
E-FT424766	1450
E-Y91798	1150
E-FT191444	1650
E-Y188161	1650
E-MZ96	1200
E-BY10188	850
E-A930	2100
E-CTS12555	2100
E-Y215108	425
E-BY10246	1200
E-Y40329	500
E-FT342965	350
E-FGC34331	500
E-FT104481	2100
E-MZ244	1750
E-FT106022	1500
E-FT243964	1750
E-FT243046	1600
E-A2227	2100
E-FT253733	2100
E-A27517	2100
E-Y101404	2100
E-Y211372	1800
E-FTC36262	1700
E-MZ89	2100
E-BY9970	650
E-BY9969	500
E-BY9965	200
E-PF6788	2100
E-Y184652	2100
E-BY10039	350
E-Y57749	1150
E-MZ17	1800
E-Y517115	1800
E-FTA18269	950
E-FT340098	1800
E-MZ19	1200
E-BY9999	1000
E-BY9992	1000
E-FGC47397	1750
E-FGC28368	800
E-BY208681	700
E-BY207323	425
E-MZ150	1550
E-A683	1450
E-FTH83265	250
E-A429	1300
E-Y65839	1450
E-Y67008	1450
E-Y60291	700
E-FT286060	500
E-PF6794	2100
E-PF6789	1500
E-MZ22	450
E-PF6790	1500
E-Y81168	275
E-FT238724	1500
E-FT239147	275
E-FTA9695	1500
E-FTB29330	1350
E-FT92546	1000
E-FT119386	750
E-Y141584	1000
E-Y67004	600
E-Y264476	1500
E-FTB1500	1050
E-FTB471	550
E-FTB844	350
E-Y362558	1500
E-Y362422	850
E-MZ3	1500
E-FTB74370	1500
E-FTB65668	1500
E-MZ5	1450
E-MZ7	1450
E-FT234100	1300
E-FT214710	1200
E-Y178680	1200
E-MZ247	950
E-MF688257	950
E-Y239803	50
E-Y264803	900
E-Y264875	850
E-Y344588	550
E-Y183077	1400
E-MZ113	1400
E-BY10132	650
E-BY10126	500
E-BY10130	350
E-FTC24650	1400
E-Y22558	1350
E-FTB53345	650
E-Y126811	1050
E-FT158610	1250
E-FTC91897	500
E-MZ80	1250
E-MZ31	1050
E-FT161126	800
E-MZ8	900
E-CTS12227	1350
E-Y338190	1350
E-BY8901	1350
E-MZ70	275
E-Y340181	800
E-Y504727	950
E-Y50646	1350
E-FT250540	700
E-FT335185	200
E-Y216563	50
E-Y227117	275
E-Y476563	1300
E-Y476652	1000
E-Y497208	800
E-FT343694	1100
E-FT344473	650
E-FTC72165	1000
E-Y158793	650
E-A35130	600
E-M4958	550
E-Y487367	550
E-FT336708	125
E-Y218033	1100
E-Y218025	700
E-YFC1327172	1200
E-Y352758	850
E-FT354219	1100
E-FT334217	950
E-FT334063	475
E-FT336456	275
E-FT338918	125
E-MZ11	1350
E-MZ12	1350
E-Y61543	850
E-MZ39	900
E-FT97858	1350
E-Y177201	800
E-Y511348	800
E-Y177920	600
E-MZ15	1250
E-Y195355	1150
E-MZ13	800
E-FT179104	750
E-BY205769	400
E-FT135111	700
E-BY8902	125
E-BY8907	275
E-M5009	1200
E-M4992	950
E-FT337794	800
E-FT333408	500
E-Y514259	500
E-M5012	700
E-M4986	350
E-Y77724	900
E-FT186068	600
E-Y375660	275
E-Y74361	125
E-FT335835	900
E-Y249492	750
E-A28685	750
E-A28686	650
E-A28683	500
E-TY276194	350
E-Y254852	800
E-FT336345	700
E-Y431817	700
E-Z5009	2100
E-Y248315	1650
E-Y339046	950
E-Y338966	950
E-Y48089	1600
E-BY9777	2000
E-FT18904	1950
E-FTB77226	1200
E-Y224146	1150
E-FT448869	950
E-TY271377	650
E-Y339323	350
E-Y339328	350
E-Y235645	50
E-Y544822	2100
E-FTA80777	1900
E-Y231043	1550
E-FT29280	900
E-Y349502	325
E-Y128375	1850
E-Y128659	1850
E-BY61350	1350
E-Y128796	1100
E-MZ84	1450
E-Y20074	100
E-Y309080	1450
E-Y110637	1300
E-FT270551	1300
E-MZ232	1000
E-Y254390	350
E-MZ231	350
E-Y202923	200
E-BY37013	1950
E-Z5011	1700
E-Y449566	1600
E-Y167132	1300
E-ALK777	50
E-Z21130	1350
E-Y336102	1100
E-Y262716	750
E-Z5010	475
E-FT163969	50
E-BY9700	2000
E-BY9699	2000
E-Y415137	1100
E-BY9690	1350
E-BY9694	50
E-FT396734	950
E-FT395671	950
E-FTA64721	950
E-Y369303	850
E-Y592036	550
E-Y362417	375
E-FT396534	275
E-FT394868	275
E-MZ131	1950
E-MZ129	1950
E-Y23468	1700
E-BY9703	1600
E-Y128130	150
E-FT83707	1950
E-BY172126	1700
E-BY171988	1050
E-FT84034	75
E-FT255201	50
E-MZ243	1700
E-Y211385	1150
E-Y169438	1600
E-Y546325	600
E-Y546433	125
E-Y546383	125
E-Y553715	50
E-Z5013	1900
E-FT79398	700
E-BY166894	1150
E-Z36193	650
E-FGC67125	1900
E-FT240265	1800
E-Y239908	1900
E-FTB47881	1100
E-Y239912	150
E-Y176359	1800
E-FTJ35246	1450
E-Y176285	900
E-Y382383	350
E-Y176269	700
E-Y176242	125
E-A1152	1850
E-Y307522	1150
E-Y307603	950
E-C126717	1500
E-Z36189	1500
E-BY9632	1150
E-Y215224	1150
E-BY9638	950
E-MZ147	1850
E-BY9720	1300
E-FT39762	1850
E-Y85973	950
E-MF642942	1350
E-FT185495	1100
E-Y337429	200
E-Y274696	1350
E-Y458981	1000
E-FT355449	1850
E-FGC52074	1100
E-BY9732	500
E-FT330073	1850
E-Y350680	1850
E-FT355322	1250
E-Y216737	950
E-FTT106	2100
E-Y215785	1550
E-Y321661	1100
E-Y28919	950
E-FT190481	1800
E-Y203758	1200
E-Y203790	800
E-Y205682	1800
E-Y319666	850
E-Y108830	1750
E-Y416860	650
E-Y88370	1750
E-MZ211	1700
E-FGC40661	1500
E-MZ215	1650
E-Y82755	1050
E-Y205653	275
E-FT130280	350
E-Y509155	350
E-MZ136	1650
E-FTA76619	1550
E-Y314828	1500
E-Y315521	1500
E-Y315268	950
E-BY9656	1650
E-FGC48219	1650
E-FT9289	1450
E-MZ146	1150
E-FGC48225	1000
E-FTB68787	650
E-Y330187	425
E-FTC37286	200
E-Y330191	50
E-Y507262	2100
E-FT31300	2100
E-FT202101	2000
E-BY9753	1700
E-Y545515	1700
E-BY9751	1500
E-BY9750	200
E-Y337303	1200
E-FT239268	275
E-Y246379	1400
E-Y613643	50
E-Y329764	950
E-Y246509	1250
E-Y245786	1000
E-Y246575	950
E-Y245808	500
E-FT76699	1800
E-Y352374	1800
E-Y421697	1800
E-FT257208	1450
E-FGC26104	1050
E-MZ185	50
E-FT160111	1600
E-Y196647	1100
E-Y196619	800
E-FTD66869	1100
E-FTD67240	175
E-Y215100	550
E-FT28055	1650
E-FT114104	1650
E-FTC67299	1650
E-BY9679	1500
E-Y362424	650
E-Y141522	1450
E-FT28869	1200
E-FTB35720	150
E-FT30813	1200
E-FT29064	700
E-FT30078	650
E-Y359095	750
E-Y359044	750
E-Y359265	650
E-Z830	18800
E-CTS10880	12300
E-Y139640	8200
E-Y170539	4900
E-FT66974	2100
E-FT303314	500
E-FTG92040	200
E-Y170630	1750
E-Y651048	50
E-Y209396	1750
E-FT18871	850
E-FT20200	125
E-Y640660	125
E-Y209438	350
E-FTA43823	150
E-Y139639	7000
E-Y139650	2000
E-Y163248	200
E-Y139647	2000
E-Y139657	500
E-FT55104	200
E-Y139692	350
E-Y208575	50
E-Y141317	6800
E-Y666521	2100
E-ZS7540	6800
E-FTD9339	6000
E-Y366610	6000
E-Y366607	800
E-Y651208	1100
E-Y141495	6300
E-Y141365	6000
E-Y141370	6000
E-FT151581	6300
E-Y222180	5200
E-FT389448	3800
E-Y222179	425
E-FT150333	1400
E-FT150821	425
E-BY11420	650
E-Y436709	200
E-Y5861	11800
E-FGC18673	10800
E-FT358185	8300
E-Y5958	10400
E-CTS1177	5100
E-Y5874	4100
E-BY92754	3300
E-Y216284	425
E-Y476257	2100
E-Y5936	3900
E-Y82189	2500
E-Y231326	375
E-BY62030	350
E-Y107594	100
E-FGC18747	3900
E-Y5877	2900
E-Y5885	2900
E-Y5876	600
E-Y5847	500
E-FTA97699	500
E-FTA58121	200
E-Y5938	275
E-Y60000	3800
E-FT97117	3800
E-FT95885	3800
E-Y676506	650
E-Y58419	3300
E-FT340699	3300
E-Y44754	50
E-FTC84450	2100
E-Y518835	1950
E-FT386634	3300
E-FT386744	2700
E-Y222384	1900
E-Z1267	4800
E-BY191349	3800
E-FT70953	3900
E-YMA1062	1500
E-FTC97064	1300
E-FT70915	3100
E-FT256263	1700
E-FT256855	125
E-Y183436	425
E-BY160994	200
E-Y29601	4300
E-FGC53544	2100
E-Y349946	125
E-FGC71792	1500
E-Y184681	450
E-Y30000	475
E-Y54783	300
E-M293	4300
E-Y66831	3600
E-Y210504	2400
E-CTS2297	3700
E-Z20917	3700
E-FT157365	3000
E-Y17344	3700
E-Z1092	3700
E-CTS697	0
E-Y183180	3500
E-FT307744	2600
E-Y51338	3500
E-Y47604	2600
E-SK951	2000
E-Y45331	1800
E-Y55487	1000
E-Y45976	125
E-Y37089	10700
E-Y49668	6200
E-FT54236	5300
E-FT53293	4100
E-Y500953	3700
E-FTH5924	2800
E-Y661624	950
E-Y661621	650
E-V1700	10700
E-GG24	7200
E-Y159161	2600
E-FGC85624	2400
E-Y239820	1050
E-FT46720	900
E-FGC85645	100
E-Y187153	50
E-FT373026	2200
E-FT372981	1650
E-FTD47029	1050
E-FTA60604	700
E-FTD54206	500
E-FTG81020	200
E-Y557275	50
E-V6	4500
E-Y47968	4100
E-BY74831	3100
E-Y223286	50
E-Y48272	4100
E-Y331621	3000
E-Y331818	1500
E-Y50821	3900
E-FT293323	500
E-Y178503	2000
E-Y330222	2000
E-BY40727	900
E-Y199143	650
E-FTD14654	500
E-BY40708	400
E-BY40807	125
E-Y162855	50
E-Y54252	3800
E-Y533458	800
E-Y533842	350
E-Y53130	3400
E-Y48159	1400
E-Y271447	275
E-FTA88108	175
E-FT37552	275
E-Y51485	275
E-Y52601	275
E-Y181883	200
E-V2927	2900
E-Y309592	1900
E-Y309609	850
E-Y642728	950
E-BY36936	2700
E-Y201234	50
E-Y600757	50
E-BY36937	2200
E-BY36941	2200
E-FTF78538	1600
E-Y185987	1450
E-FTA79864	500
E-BY36925	425
E-FT160966	425
E-V42	4200
E-Y47340	3400
E-Y52838	1300
E-Y177415	3400
E-Y273855	275
E-Z21795	700
E-Y178010	700
E-FT102639	350
E-FT258303	350
E-FT100454	200
E-BY36924	3800
E-Y44734	125
E-BY188885	2600
E-Y160627	400
E-BY55981	1050
E-Y229836	200
E-Y234086	50
E-BY126840	3800
E-Y197010	1850
E-BY68037	400
E-Y159398	150
E-Y111265	2200
E-FT303880	650
E-Y232345	650
E-Y232342	200
E-FTA90529	1900
E-FT377307	125
E-Y23661	2500
E-FT144594	350
E-FT257727	50
E-BY36919	2500
E-Y36786	2300
E-Y128238	1350
E-BY115228	350
E-Y23662	750
E-BY128853	225
E-BY188848	50
E-FT49641	425
E-Y165413	50
E-Y72708	600
E-FT140113	350
E-Y226271	700
E-FTC9972	350
E-Y85055	700
E-Y81208	450
E-Y231072	350
E-FT275684	700
E-FT277886	450
E-FT277800	450
E-FT293643	375
E-Y227513	275
E-BY167967	550
E-MF55233	275
E-Y528686	125
E-BY171327	550
E-Y216077	350
E-Y179835	550
E-Y223382	550
E-Y155257	200
E-Z621	700
E-FT99164	275
E-FT64063	475
E-FT64366	275
E-Y66791	300
E-FTB27384	50
E-FTJ14583	50
E-FT58294	200
E-Y76358	200
E-Y79952	600
E-BY61537	150
E-BY103769	600
E-BY56160	425
E-FT21645	350
E-Y61787	600
E-BY196401	150
E-Y63670	400
E-FT79131	250
E-FT176138	125
E-PF1962	18800
E-PF2025	9600
E-Y35934	1500
E-Y82503	1250
E-Y90711	1100
E-Y87732	700
E-FTA26441	650
E-FT124409	700
E-Y56257	950
E-FT158701	650
E-FT237659	650
E-Y504493	950
E-Y270470	500
E-BY113978	650
E-BY213484	650
E-Y272432	500
E-PF1974	4200
E-Y65865	2800
E-Y269768	2100
E-Y269813	2100
E-PH1646	100
E-PF1987	2900
E-FT101410	650
E-PF1952	1250
E-PF2075	750
E-FT207060	200
E-FGC56002	1050
E-FT46506	500
E-Y142748	500
E-Y71067	600
E-FT265533	600
E-Y63291	375
E-FGC56023	600
E-BY188177	600
E-FGC55988	500
E-FTD7606	50
E-FGC56007	500
E-M123	17400
E-Z36113	15600
E-FT169005	15600
E-FT377116	15600
E-Y334522	5300
E-Y334540	1450
E-Y334585	1450
E-Y31991	10400
E-Y95076	4900
E-PF4428	8900
E-Y30965	6200
E-Y195997	2200
E-Y30967	1450
E-FGC62257	850
E-Y134120	7100
E-Y473393	3700
E-Y134097	6800
E-Y134104	6300
E-Y134096	3800
E-Y323735	800
E-Y134111	3700
E-Y134099	800
E-Y168273	5500
E-Y168291	2800
E-Y64337	650
E-Y432205	500
E-M34	14900
E-Z841	14000
E-Y29605	13100
E-Y30564	13100
E-Y45029	4800
E-Y45656	1300
E-FT37769	1300
E-FT36404	650
E-Y327883	50
E-BY84271	1300
E-Z849	13900
E-Y37093	7600
E-Y37538	7100
E-FT25637	2300
E-Y180556	600
E-Y37522	3800
E-BY196730	700
E-Y37518	2500
E-Y98895	1600
E-BY201500	250
E-Y98611	950
E-FGC75141	50
E-CTS1727	11900
E-Y29061	11200
E-BY100190	10600
E-Y625096	1750
E-BY67669	6300
E-FT1808	6300
E-Y306902	3300
E-BY55895	600
E-Y314418	800
E-Y312603	500
E-Z21466	10200
E-Y141223	9800
E-FTB46476	9100
E-Y46710	8100
E-Y159961	5200
E-Y159988	375
E-Y177539	1000
E-Y45790	4900
E-ZS8929	4900
E-Y141196	4300
E-Y125311	10000
E-Y21109	9500
E-Y91313	750
E-Y81462	50
E-YP5397	7400
E-PF6759	2400
E-Y141172	5700
E-FT321103	5000
E-Y543813	550
E-FTD89592	275
E-SK903	1300
E-Y208901	1000
E-Y141209	50
E-Y61771	6900
E-Y61838	6900
E-BY36980	3700
E-Y255967	1400
E-Y65906	3300
E-Y60107	1600
E-FT147066	1550
E-FT81788	1450
E-BY103230	1250
E-Y323638	1050
E-BY64407	425
E-BY101434	350
E-FT147010	900
E-FT147046	750
E-FT355120	700
E-FTH23608	200
E-Y72637	1150
E-FT37237	600
E-FT94764	125
E-FT37960	500
E-BY36987	1050
E-FT6739	350
E-BY140696	750
E-FT418667	550
E-BY118719	950
E-FT45165	450
E-FT419130	450
E-Y228243	125
E-Y237654	300
E-FT45066	250
E-L791	5800
E-Y45801	2900
E-Y49685	2100
E-Z20942	5600
E-Y179036	5500
E-Y180340	500
E-Y2947	5500
E-FTJ69179	5500
E-Y11829	4800
E-FT171446	4200
E-Y11825	4800
E-L793	3600
E-Y2962	5500
E-Y312087	4000
E-FT106915	5500
E-Y305	5500
E-Z842	5500
E-BY56472	1650
E-Y164807	1100
E-Y40386	3300
E-Y41240	3100
E-FT179399	1400
E-FT127579	1200
E-Y152161	1250
E-Y180436	550
E-Y152224	900
E-FTB27705	650
E-Y152248	450
E-Y4971	5400
E-Y39447	850
E-CTS2272	1550
E-Y180402	3900
E-FTC36762	3800
E-Y521781	5400
E-Y559385	4100
E-FTB9358	2100
E-Y4972	5400
E-FT162973	5400
E-FT163636	3700
E-Y14802	2500
E-Y88875	4300
E-Y290746	3300
E-FTB17071	1950
E-FTB17310	1800
E-Y83424	50
E-Y328959	4000
E-Y329079	1100
E-Y329235	850
E-Y463850	950
E-Y462215	175
E-A39982	750
E-K257	5400
E-BY176770	1750
E-FT175067	500
E-Y4970	5400
E-PH3893	2700
E-Y195137	2700
E-PH3012	2700
E-Y53515	2700
E-Y38758	1300
E-Y58796	2100
E-Y58897	1100
E-Y143722	5400
E-A9889	2600
E-Y31608	325
E-Y16298	5400
E-Y16161	1900
E-FT399000	1150
E-Y16165	1800
E-Y45870	225
E-Y49471	550
E-BY87813	375
E-Y21938	700
E-FT263817	700
E-Y6926	4600
E-Y290837	500
E-Y6936	3400
E-FT8873	450
E-FTF97923	175
E-FT9420	300
E-FT8860	300
E-FTG51479	100
E-FT9887	175
E-FTG23294	125
E-Y6923	1600
E-FT226426	850
E-FT405052	350
E-Y102667	1500
E-Y99093	1350
E-Y107177	1350
E-Y95312	0
E-FT70243	650
E-Y6938	1500
E-Y6940	1250
E-B405	1200
E-Y44320	500
E-Y141282	500
E-A14039	1000
E-Y88922	650
E-FT103718	650
E-FT39754	800
E-A14038	300
E-Z36136	950
E-Y233935	550
E-Y233945	275
E-Z36138	550
E-Y20802	50
E-Y179930	1250
E-Y225568	350
E-A10736	450
E-A10729	200
E-Y62732	500
E-Y76454	375
E-Y15561	1150
E-A11309	550
E-Y28961	450
E-A10840	1150
E-Y22685	450
E-Y90977	650
E-Y112149	500
E-FT17034	1050
E-Z36140	750
E-FTC23678	200
E-Y25774	500
E-FTA17345	350
E-Y75610	50
E-BY185250	750
E-Y134217	950
E-FT383174	600
E-BY173375	950
E-BY173377	950
E-Y268540	950
E-Y133118	600
E-Y134218	200
E-Y15937	1000
E-FT13434	950
E-Y134440	950
E-BY167660	500
E-Y410891	275
E-Y15936	750
E-Y15938	475
E-BY45231	450
E-Y22842	600
E-Y134415	200
E-Y22843	600
E-BY165390	225
E-Y194370	300
E-FT74661	450
E-FT118647	425
E-M84	8600
E-FT156984	6300
E-FT155536	6300
E-Y571527	2600
E-Y572055	1250
E-Y5413	7700
E-Y60168	1750
E-Y82779	2800
E-Y109940	2600
E-Y330816	2600
E-BY36810	950
E-Y145660	850
E-Y82773	2600
E-Y85740	900
E-Y107329	50
E-FT419961	2200
E-Y228677	2000
E-Y442486	1350
E-FT421308	2000
E-Y228671	850
E-Y228679	550
E-S11387	7700
E-BY56570	6700
E-FT225936	6400
E-Y271404	375
E-CTS5265	7400
E-Y60961	5900
E-Y125227	4400
E-Y62418	5500
E-Y62996	3000
E-FGC7391	1050
E-Y66245	950
E-S20057	2800
E-FT100107	2300
E-Y141399	1400
E-BY95009	1400
E-Z32801	550
E-BY104746	1400
E-Y620070	1200
E-FT144090	425
E-BY57869	1400
E-BY56658	750
E-FGC51748	375
E-FTA30183	375
E-Y5767	7400
E-Y128355	6200
E-Y551231	1200
E-Y5427	7400
E-FGC18353	7400
E-Y14899	7400
E-Y177582	1000
E-FT93608	1000
E-BY58273	800
E-BY63423	350
E-Y16584	3400
E-Y313547	2400
E-FTG11799	1750
E-FTG992	425
E-FTB79763	2400
E-Y409012	500
E-Y403746	500
E-F1539	1300
E-Y16620	1200
E-FT276574	650
E-Y346582	350
E-Y16592	550
E-Y16597	250
E-FTH59909	100
E-Y14891	1200
E-Z36149	750
E-FGC71948	750
E-BY184214	700
E-FT252865	350
E-FGC71938	550
E-FGC71927	425
E-BY20365	750
E-BY142197	650
E-Y46815	500
E-Y134172	650
E-BY129064	650
E-FT374805	650
E-A22300	350
E-BY197482	175
E-Y360724	50
E-FTD75996	125
E-Y221019	350
E-Y605623	700
E-Y168965	500
E-Y101552	700
E-Y144526	225
E-FT120097	700
E-Y16781	1100
E-Y145315	600
E-Y17225	950
E-BY192463	600
E-Y140463	500
E-A24481	500
E-Y140446	225
E-Y652382	500
E-Y652402	350
E-Y17227	950
E-Y17357	600
E-A20852	225
E-FT33868	600
E-FT33627	425
E-FT42951	425
E-Y134698	200
E-FT34550	200
E-FTC58771	200
E-Y18621	950
E-FT209693	550
E-FTA82625	275
E-Y182211	950
E-FT368104	500
E-A21058	425
E-A15856	600
E-Y162056	375
E-Y247015	425
E-Y107937	550
E-Y85835	425
E-A20220	400
E-FT378868	350
E-A20218	225
E-FT41690	950
E-Y135415	500
E-Y446694	800
E-Y197378	275
E-FT59121	800
E-FT58954	800
E-Y140002	700
E-A18889	400
E-FT49117	200
E-A12255	550
E-Y145773	375
E-FT120075	500
E-A19388	150
E-Y134153	350
E-FT117090	200
E-A16692	700
E-A16695	700
E-FT425359	500
E-Y128258	500
E-FTC7224	500
E-Y130230	275
E-Y133784	400
E-Y5435	6200
E-Y331562	6200
E-Y140978	3700
E-FTA92287	1050
E-FTA93234	650
E-Y90707	5100
E-Z7679	1250
E-FT18758	50
E-BY145966	1150
E-BY151178	700
E-Y154684	1150
E-Y85887	3400
E-FT21072	3400
E-Y130385	3400
E-Y81387	3300
E-Y154994	1900
E-BY165155	1500
E-FTB91961	700
E-Y316776	150
E-Y497156	3000
E-FTG62689	2800
E-Y93254	3300
E-Y215073	2800
E-Y93409	2500
E-Y243729	450
E-Y102168	2100
E-Y91706	200
E-Y5436	5600
E-BY67176	5200
E-Y286666	5200
E-Y286665	5000
E-Y5437	5600
E-Y204352	2200
E-YMA1240	650
E-Y204592	2100
E-Y204503	1300
E-Y147132	850
E-FT15705	5600
E-Y160200	3300
E-FT382762	3300
E-Y218925	275
E-Y167810	800
E-Y168167	650
E-Y160201	1600
E-FTD65967	1600
E-FTE11372	1600
E-FTE6195	550
E-Y21768	5600
E-BY159948	4800
E-Z36161	4000
E-FT14597	500
E-Y607114	425
E-Z36159	2500
E-FT115808	1750
E-FT115198	50
E-Y200270	425
E-Y200266	250
E-FT287956	200
E-Y200268	50
E-BY159781	4800
E-Y186503	4800
E-FT194186	3200
E-Y365015	1700
E-Y365033	125
E-BY160242	4100
E-YMA246	2300
E-Y156403	1000
E-Y156462	600
E-FT250010	425
E-BY126482	3000
E-BY166545	2600
E-Y170740	2600
E-Y194949	400
E-ZS7188	2200
E-Y155583	1800
E-Y21775	5600
E-Y64578	4100
E-Y60589	4600
E-Y21770	4600
E-Y427917	4200
E-BY36881	4000
E-Y44427	4000
E-A35450	4000
E-Y39624	3200
E-Y39246	2900
E-Y43429	2500
E-Y39821	1250
E-Y145740	3300
E-Y145728	3200
E-Y145752	2100
E-Y152308	2000
E-BY42219	1200
E-BY117522	1200
E-TY413124	400
E-Y66296	3900
E-BY78274	3900
E-Y400045	1200
E-Y544012	950
E-Y67464	3900
E-Y649317	475
E-Y69171	3900
E-BY183840	2500
E-Y269145	2500
E-BY182613	2300
E-Y158868	1100
E-BY183660	800
E-FGC18389	5200
E-Y258204	4000
E-Y258312	1650
E-Y90932	3500
E-Y632521	2000
E-Y110050	3100
E-Y196725	1350
E-Y518956	3400
E-YMA1309	1300
E-FT37330	3200
E-FT37025	2200
E-FT125325	1900
E-Y143880	2600
E-BY177575	2200
E-Y183392	1150
E-FTD68102	900
E-Y143642	2900
E-FT104780	2000
E-Y178137	200
E-Y143611	300
E-Y141489	3200
E-FT20045	2400
E-Y183005	500
E-Y168371	1750
E-FTA79922	1400
E-FTE11356	1100
E-Y529854	500
E-FT19532	1400
E-FT23455	1050
E-FTA58615	1000
E-Y168358	800
E-PH976	350
E-Y141382	3200
E-FT34497	2600
E-FT136336	3200
E-Y141646	300
E-Y179366	75
E-YMA907	1900
E-Y204508	1000
E-Y84020	1350
E-YMA908	1050
E-YMA903	700
E-Y143813	2100
E-Y143811	1200
E-FTC96132	1100
E-FTC96109	500
E-Y360332	400
E-FTG33770	275
E-FTD17137	1100
E-Y545752	200
E-FTD17393	600
E-FTD17469	600
E-Y367765	50
E-FGC18413	4800
E-Y88945	3200
E-Y101789	1400
E-Y87906	125
E-FT86986	50
E-FGC18401	3200
E-FGC18388	2800
E-Y128150	2100
E-FGC18422	2700
E-FGC18369	1900
E-FGC18354	1250
E-Y664048	375
E-FGC77167	2600
E-FTA31814	1500
E-Z36154	2600
E-Y141288	900
E-Y141392	325
E-Y129270	2600
E-Y129333	550
E-FTA2266	2600
E-Y232317	650
E-FTA2376	350
E-FTA27639	2300
E-FTA27542	1250
E-FTA28035	950
E-Y257119	800
E-FT442874	2600
E-Y346253	1600
E-Y99171	2600
E-Y157469	1200
E-BY203096	1650
E-BY202329	1400
E-BY202330	1250
E-Y525010	950
E-Y83929	2300
E-BY206101	1300
E-FT347439	950
E-FTA62634	850
E-Y256765	1000
E-Y256808	850
E-Y259556	600
E-C119373	600
E-FTC98029	350
E-PF6751	6600
E-PF6748	6300
E-Y37831	5900
E-FTA40038	5900
E-Y172570	1250
E-Y172596	1100
E-BY190007	3200
E-Y369422	3200
E-FTB62872	5900
E-BY10888	5600
E-BY10875	4800
E-FT184336	4400
E-FT219351	4100
E-FT288239	3200
E-Y200317	2300
E-Y341480	3000
E-BY10872	3700
E-BY10878	3500
E-Y248465	1150
E-Y141398	2700
E-Y355563	1250
E-Y141345	750
E-Y141539	600
E-FGC46551	375
E-Y6720	6300
E-BY11043	5500
E-FTA69019	5500
E-Y267422	4100
E-Y456718	2200
E-Y460893	50
E-BY11695	5000
E-FTD70259	5000
E-BY11014	1050
E-FGC67423	900
E-Y37071	200
E-FGC67435	50
E-Y125213	750
E-Y141352	450
E-BY11028	425
E-Y490052	6300
E-CTS9608	6300
E-Y313851	1650
E-Y179279	2000
E-Y180286	500
E-Y438287	4500
E-Y608220	1000
E-S9747	5800
E-Y355325	3600
E-Y575809	1900
E-FT159410	4900
E-Y198790	850
E-BY79385	1800
E-FT159444	425
E-Y223579	600
E-BY60295	600
E-BY122348	600
E-FT155491	200
E-BY216052	200
E-Y15708	5800
E-Y487951	2200
E-PF6391	4900
E-Y15553	4200
E-BY10802	3200
E-BY11050	325
E-Y650485	5800
E-BY69481	4900
E-Y374340	200
E-CTS2633	4200
E-CTS3453	1650
E-BY145197	1500
E-Y168430	1400
E-FT3555	1400
E-BY10711	850
E-FT4657	425
E-FTA55216	425
E-Y105270	5800
E-FTA49406	2600
E-Y525135	125
E-Y84338	4200
E-Y155163	3000
E-BY169609	2800
E-Y92370	2400
E-FGC52441	5800
E-FTA62411	5300
E-Y266151	2300
E-FTA56644	650
E-Y266158	1750
E-Y266160	275
E-BY10898	5800
E-Y82688	5800
E-Y81752	4300
E-Y140167	5700
E-FT242658	2800
E-Y84626	3100
E-Y186098	3100
E-Y219104	350
E-Y181645	3900
E-FTB47848	2200
E-Y223636	3500
E-Y223617	2100
E-Y223871	550
E-Y224027	750
E-Y140168	1000
E-BY10926	850
E-MF1848	425
E-BY10908	650
E-Y140166	500
E-BY36666	500
E-BY10906	275
E-Y613637	275
E-Y618197	6100
E-PF6747	5600
E-Z21014	5600
E-FT97857	5600
E-FTA46546	5600
E-Y280593	2000
E-Y280594	650
E-Y24841	5300
E-BY10667	3300
E-BY10985	5300
E-Y38888	550
E-BY10977	3100
E-BY10981	2400
E-Y61219	1500
E-Y357967	350
E-BY10662	5600
E-Y88353	4000
E-Y145624	450
E-Y99013	200
E-Y145620	350
E-FT266170	325
E-FTB19880	250
E-FTC62376	125
E-Y16780	5400
E-Y148939	4500
E-BY205697	3600
E-BY122085	3500
E-Y165335	600
E-Y418507	3100
E-Y534899	3100
E-A34064	2900
E-Y418505	2900
E-A34069	2500
E-Y620618	50
E-F2831	5400
E-Z21042	5400
E-Z21429	3200
E-Y21103	3200
E-FGC32460	950
E-Y141210	375
E-A22944	50
E-Y457754	50
E-BY10748	375
E-Y141208	375
E-FGC55465	950
E-FGC55477	900
E-FT269786	650
E-FGC55484	800
E-FGC55478	800
E-Y297727	950
E-FTA29637	950
E-FTC19998	100
E-C135438	100
E-Z21015	5400
E-Z12663	225
E-BY10609	5400
E-FT79472	3600
E-Y343714	950
E-FT407632	3000
E-Y227315	350
E-Y315952	2300
E-Y315951	2300
E-Y316009	2200
E-FGC64000	4400
E-Y330196	500
E-FGC64015	4200
E-Y450337	50
E-FGC63999	2600
E-FT59939	2600
E-Y163601	3300
E-Y207647	1150
E-FT151385	2500
E-Y163617	2500
E-A34715	2400
E-BY198235	850
E-Y18353	4600
E-CTS9442	2600
E-FTA37542	2000
E-FT55250	1850
E-Z21411	2600
E-Y640198	550
E-FT53452	4600
E-Y141527	4600
E-Y141497	4300
E-Y83770	2500
E-Y83246	2200
E-Y86954	550
E-BY188881	950
E-Y172423	550
E-Z21420	3600
E-Y307908	3200
E-Y308029	125
E-Y139693	3400
E-FT198272	2100
E-FT198863	1750
E-Y189018	425
E-Y127161	1750
E-Y230500	1050
E-Y18691	3400
E-Y175958	3400
E-FGC10031	2500
E-FT342421	1950
E-FT341341	1500
E-FT342624	475
E-Y207919	125
E-BY181529	3400
E-BY182290	3400
E-Y183894	1150
E-FTA46044	2800
E-Y277339	350
E-FTA46659	2300
E-BY181467	3200
E-FT20202	1750
E-Y175878	3200
E-Y127418	2000
E-Y127416	125
E-BY181307	2300
E-Y184372	500
E-BY181074	2200
E-FT65303	1350
E-BY190599	600
E-Y170162	2800
E-FT408231	1200
E-BY31873	2100
E-Z6183	900
E-FT182421	850
E-FT243156	425
E-Y3397	1700
E-BY31876	1150
E-Y91977	2800
E-FT187571	2800
E-Y185074	1550
E-Y91477	600
E-FT187144	2000
E-Y268327	2000
E-Y268314	1750
E-Y307948	50
E-BY10950	2200
E-FT360498	1650
E-Y180327	2200
E-FT38078	275
E-BY10949	2000
E-Y57231	1550
E-BY58907	1500
E-BY11633	2700
E-BY11636	2600
E-Y200627	1100
E-BY11619	1700
E-Y61728	950
E-BY107881	750
E-FT35616	700
E-FTG88990	50
E-Y130334	2500
E-FT185664	2500
E-Y129255	1650
E-Y130349	700
E-FTA78974	500
E-FTB35134	150
E-Y21943	1500
E-FT45991	1500
E-FT147989	1050
E-FTA9923	900
E-Y630678	1400
E-BY40071	850
E-BY53591	850
E-Y607887	50
E-BY220936	1300
E-BY186756	200
E-FT219685	200
E-BY186639	125
E-Y35993	900
E-FT74209	125
E-Y35991	750
E-Y211949	1500
E-FT117079	700
E-FT69627	425
E-FT65698	125
E-FT65810	50
E-Y37090	1500
E-Y84843	1500
E-Y85179	1250
E-Y490063	700
E-Y82920	600
E-Y445298	275
E-Y86968	450
E-BY11085	1050
E-BY161424	450
E-FT285629	1050
E-Y154142	475
E-FT375665	200
E-BY10853	900
E-Y35992	600
E-FTG8774	350
E-BY10860	325
E-Y6189	6000
E-Y6186	6000
E-FT278388	6000
E-Y559946	6000
E-Y60841	6000
E-Y68803	0
E-Y219236	3300
E-FT275650	2100
E-Y219234	325
E-FT276845	325
E-FT386317	150
E-FGC45818	5900
E-FGC54871	5900
E-FT20610	850
E-Y507643	750
E-Y507644	275
E-Y6169	4300
E-FTE641	650
E-Y6183	3800
E-YMA352	2400
E-YMA350	1250
E-Y157463	3800
E-FT163350	2500
E-Y157520	3700
E-Y157510	3700
E-BY177908	1800
E-Y456775	1100
E-Y157494	1500
E-Y157453	200
E-A35712	3300
E-Y496979	3300
E-Y496997	2500
E-Y514895	3100
E-Y514888	325
E-Y514883	125
E-F1382	3200
E-Y217610	1450
E-Y6180	2900
E-FT162726	200
E-BY178834	50
E-Y6172	1800
E-YMA208	1400
E-Y340809	1300
E-Y6193	1550
E-BY123215	1100
E-Y193457	1000
E-Y193456	500
E-Y195063	300
E-Y237386	1300
E-Y237362	1250
E-YMA189	800
E-YMA190	275
E-Y264028	200
E-Y264026	75
E-Y6198	1550
E-Y166723	1550
E-FGC45218	1300
E-FTF92753	200
E-FT9481	950
E-FT99894	950
E-Y160455	800
E-Y160422	550
E-Y160413	450
E-BY10483	850
E-FT195909	800
E-FTA24446	200
E-BY10565	475
E-FT380507	450
E-FGC45214	1300
E-FGC45233	750
E-FGC45205	450
E-Y277290	550
E-FTB867	425
E-YFC1173952	275
E-FTC85429	125
E-BY10557	1550
E-FT105069	1550
E-Y240676	950
E-FTA18081	200
E-Y41252	950
E-BY10549	450
E-FT106379	750
E-FTC60046	125
E-Y146093	1200
E-Y187902	650
E-BY10491	1100
E-BY10495	850
E-FTD63526	425
E-FT65488	850
E-BY50575	850
E-Y146092	850
E-FTB64924	200
E-FT413486	850
E-Y228136	425
E-Y146094	100
E-BY61351	750
E-BY64061	550
E-FTB727	275
E-FTA18166	750
E-FTA20023	700
E-Y309244	350
E-Y167785	1300
E-FT161420	700
E-FT160201	400
E-FT242230	250
E-Y215278	150
E-FT91825	1300
E-Y62622	900
E-FTA29782	1100
E-FT78100	800
E-Z16524	1200
E-Y164465	600
E-FT204693	50
E-FT71970	425
E-BY10527	1200
E-FTD83241	950
E-BY95326	200
E-Y160140	225
E-FTG27134	325
E-L1363	800
E-Y73229	1200
E-FT241031	800
E-Y607463	650
E-Y74347	1200
E-BY143637	600
E-BY10523	800
E-BY48731	800
E-Y217460	125
E-BY10522	800
E-BY10519	300
E-BY10529	50
E-Y107801	250
E-FT453015	250
E-Y168086	200
E-FT408423	250
E-Y87065	250
E-BY10486	850
E-FT437166	500
E-BY10512	450
E-BY10569	500
E-Y218808	850
E-BY50721	425
E-BY64087	50
E-Y176001	550
E-Y176034	500
E-Y175534	275
E-FT457652	475
E-FTB17633	200
E-Y225520	125
E-Y6966	1200
E-Y178075	1050
E-Y180826	1000
E-FT117539	800
E-FT118538	550
E-FT116010	125
E-Y140679	1100
E-Y140673	1100
E-FT446686	1100
E-FT52328	900
E-FT53167	700
E-Y159082	750
E-Y159108	50
E-FTF34488	175
E-BY199837	900
E-A25302	100
E-Y252582	700
E-Y252580	275
E-BY199343	400
E-BY10593	1200
E-FGC93885	800
E-BY116292	600
E-Z10957	600
E-FGC59435	500
E-FGC59437	500
E-Y318827	1200
E-BY200056	1200
E-BY10596	1200
E-A33975	1200
E-BY10595	225
E-Y197283	350
E-BY113014	1150
E-HU17	1150
E-HU15	1000
E-Y266012	650
E-Y266020	500
E-FT156227	850
E-FT169493	850
E-FT411670	850
E-FT156981	650
E-Y232518	125
E-Y180901	600
E-Y183108	500
E-FT193715	500
E-FGC91784	750
E-BY36967	400
E-FT175101	200
E-FT175513	50
E-BY101336	375
E-BY66928	75
E-Y571566	275
E-FTD64096	50
E-FGC62745	1150
E-FTC16220	1150
E-Y430911	650
E-Y430768	125
E-FTC14716	750
E-FTG5572	750
E-FTD52481	325
E-FTD52187	125
E-Y160645	700
E-FT160815	425
E-FT57795	350
E-BY189623	550
E-FT208145	1050
E-BY200342	500
E-BY198059	275
E-Y97800	950
E-FTD70031	850
E-Y90446	600
E-A9971	50
E-Y93752	800
E-FTA60291	325
E-Y269672	275
E-FT158745	550
E-Y96710	425
E-Y6970	1100
E-FTH2378	500
E-BY162337	1100
E-BY161686	275
E-Y670279	125
E-Y20864	1100
E-FTA51462	1050
E-FTA49714	850
E-FTH33665	650
E-FTJ42145	50
E-BY10487	1050
E-Y485669	500
E-BY10583	1050
E-FTB9405	850
E-BY10490	750
E-FT180936	750
E-Y175873	50
E-BY10489	650
E-FT386739	650
E-FTB75609	650
E-Y220290	275
E-FT172206	650
E-Y236820	200
E-Y183618	500
E-BY176754	400
E-Y156659	50
E-FGC45828	1050
E-Y629937	350
E-Y177302	300
E-FT96157	200
E-BY10537	1000
E-Y152141	650
E-Y149600	275
E-BY10536	500
E-BY10534	500
E-Y19894	750
E-PH443	550
E-BY199173	150
E-FTB14885	275
E-FTB20700	200
E-Y19892	600
E-FT211673	600
E-Y152743	200
E-Y74291	600
E-FT341997	600
E-FT340622	275
E-Y19890	200
E-Y19895	50
E-ZS7168	250
E-FGC45821	600
E-FT137404	450
E-FT248199	550
E-Y98746	350
E-FTH44421	200
E-Y86806	200
E-FT355549	450
E-BY69755	125
E-FT419728	275
E-FTB78169	275
E-FTA39632	275
E-FTA77404	450
E-BY10505	450
E-BY83274	375
E-BY10503	50
E-BY10507	125
E-FGC45819	550
E-Y94256	50
E-FGC45825	275
E-FGC45816	275
E-FGC52220	250
E-BY79217	150
E-BY218716	175
E-Z3302	50
E-BY10485	500
E-FT191273	125
E-BY165934	100
E-FGC79653	500
E-FGC79651	500
E-BY10547	500
E-FGC22476	375
E-FT16236	250
E-BY10548	500
E-FT5910	50
E-Y111287	225
E-BY10545	225
E-FT8546	50
E-BY10546	150
E-BY10496	300
E-FT211651	200
E-FT2849	200
E-FTF99582	125
E-BY236151	300
E-Y257638	200
E-BY10499	300
E-BY162959	125
CF	65900
C	48800
C-F3393	47100
C-CTS11043	45200
C-M8	4900
C-Y125471	100
C-CTS9336	4700
C-Z1356	2500
C-Y161239	2200
C-V4907	50
C-Z7180	4700
C-FT33986	4700
C-FT33758	2000
C-CTS6678	3700
C-Z7972	3700
C-Y170131	3200
C-CTS5225	3200
C-FT295400	0
C-Y170130	2400
C-Y144716	2400
C-Y144748	1950
C-Y11591	45200
C-Y37006	45200
C-Y37020	0
C-V20	42900
C-V86	22700
C-Y83490	11700
C-FT59486	11700
C-F16270	9100
C-BY36620	8100
C-Z44576	1200
C-Y140240	325
C-F15182	4500
C-Y106613	3200
C-Y171334	500
C-Y170961	500
C-FT99849	50
C-V182	16100
C-Y10492	8800
C-Y10490	7600
C-Y420397	2800
C-Y39933	750
C-Y50484	1250
C-V3918	13500
C-Y173810	13100
C-Y229972	9000
C-Y255920	4900
C-Y255870	3100
C-V222	3700
C-Y12152	3700
C-Y19698	1600
C-Y11716	3700
C-Y58645	3300
C-F1370	47100
C-Z31885	41900
C-M347	41900
C-M210	0
C-M38	18500
C-M208	9400
C-Y179224	550
C-Z32274	9400
C-Y25126	275
C-K281	47100
C-Z33130	46500
C-B65	6000
C-B465	5000
C-B466	3400
C-F1640	3000
C-F9329	3000
C-Y208591	200
C-F13540	2100
C-Y203250	1450
C-Y28069	31700
C-Y241600	12800
C-Y241086	3700
C-K98	20900
C-Y125863	13000
C-FT327336	13000
C-Y152667	13000
C-Z12338	11200
C-Y153808	10700
C-Y153800	6900
C-F17455	5700
C-FTC36927	5400
C-Y153781	4200
C-Y271405	5000
C-Y271463	5000
C-Z5900	1950
C-P92	16100
C-Y216175	12400
C-Y57611	5800
C-FT360034	3200
C-FT360756	2700
C-Y215951	650
C-Y41144	275
C-Y668958	50
C-FT360576	475
C-Y217671	325
C-Y78976	125
C-FT360797	275
C-Y215866	250
C-K108	13900
C-Y320626	13900
C-Z5895	7300
C-PH3667	6700
C-Y33574	6600
C-Y33575	6600
C-Y82010	4300
C-FT358545	600
C-FT354686	275
C-FTB32365	2000
C-FTA79799	1100
C-FTB33293	5900
C-Y634280	125
C-Y52252	125
C-K96	5700
C-K42	2500
C-K235	2200
C-Y487807	2200
C-Z5896	1500
C-K193	1300
C-Z12522	1050
C-Z31743	275
C-K466	1050
C-K469	0
C-Z5898	0
C-M217	34000
C-F1067	34000
C-CTS4660	2200
C-MF630546	1500
C-MF2214	2200
C-FGC52999	2200
C-Y278695	2200
C-FT152641	2200
C-F2613	10800
C-F845	7800
C-FT18602	4500
C-K548	7800
C-CTS10923	7100
C-F10359	2400
C-MF3233	3200
C-Y81530	50
C-F10015	2400
C-Y188609	1100
C-Y138303	2800
C-Y138292	2500
C-Y647937	2200
C-Y170906	2600
C-Y303961	50
C-Y170903	75
C-MF2040	6500
C-MF2945	6200
C-Y420439	3100
C-Y145096	2500
C-BY138550	2000
C-FGC57604	5600
C-Y174777	3000
C-FGC39587	4900
C-ACT4293	4900
C-BY19123	4900
C-FGC39603	4900
C-FGC39580	600
C-FGC57596	4900
C-Y63501	400
C-Y501483	7100
C-Y508626	7100
C-K511	700
C-F5477	6700
C-MF10318	5300
C-MF4418	2500
C-MF72106	2100
C-MF15330	6700
C-Y241305	4000
C-Y356025	50
C-MF59538	1700
C-Y589853	250
C-F11898	5200
C-Y171915	4900
C-Y171720	2100
C-MF1015	4000
C-F10352	3900
C-MF10312	3300
C-Y150098	1850
C-MF1017	3600
C-Y81534	2600
C-Y83141	50
C-MF1020	3400
C-Y187359	1700
C-Y35928	2500
C-MF1023	2000
C-Z1300	10100
C-CTS2657	10000
C-A14895	6900
C-Y37069	2600
C-MF1698	1600
C-Y476170	1500
C-MF204315	1450
C-Y262248	1600
C-Y274005	100
C-A14912	6600
C-ACT108	6500
C-ACT341	4600
C-MF1549	4000
C-MF1552	3100
C-MF1559	2600
C-MF3319	2500
C-Y178807	3700
C-FT62559	3700
C-BY34766	2200
C-Y281421	2200
C-Y244640	2800
C-Y244639	1350
C-CTS11990	8100
C-Z31664	4800
C-Y112121	3700
C-MF1792	3300
C-MF2816	3600
C-Y111341	2500
C-Y86025	2300
C-MF658077	1650
C-Y85446	125
C-CTS8579	7100
C-CTS4449	5300
C-F14880	3000
C-MF15795	1300
C-MF1028	5100
C-Y144008	50
C-Y13856	7100
C-MF1605	6100
C-MF1711	2900
C-MF1601	4700
C-Y126597	4100
C-Y170155	3200
C-MF103511	1950
C-Y170144	50
C-M407	4200
C-Z45401	275
C-Y86863	50
C-F3850	3900
C-MF621960	3100
C-Y12960	3900
C-F3881	3900
C-Y49132	600
C-Y263263	3900
C-Y312599	3000
C-F6480	3900
C-MF4520	3900
C-Y154411	3900
C-PH85	3200
C-Y138168	3400
C-Y138171	3000
C-Y312670	1350
C-MF3197	3000
C-F8465	3800
C-F9772	2600
C-F10378	1000
C-F9733	500
C-F8536	500
C-Z4328	850
C-B100	850
C-B97	850
C-Z33001	800
C-B99	800
C-K700	9400
C-CTS3385	6500
C-MF1061	5500
C-S3190	3400
C-Y186034	1650
C-Y677343	225
C-Y125448	2900
C-MF2722	2400
C-Y146673	2600
C-FGC45553	6500
C-PH1906	6500
C-FGC45548	4500
C-Y170884	3800
C-FGC41790	3800
C-MF2000	4300
C-MF4453	3800
C-MF4996	3600
C-MF3574	2400
C-MF632890	4300
C-MF610668	3100
C-FT144385	1200
C-PH2194	4400
C-PH1279	3700
C-FT300397	3100
C-F21131	3100
C-Y516281	550
C-FGC45589	3400
C-FTA20473	3000
C-MF42730	3000
C-Y37829	2800
C-FGC45610	1750
C-Y269907	1100
C-Y83760	350
C-F1319	8500
C-F3777	8100
C-F9966	7800
C-F3735	6700
C-Y324078	1450
C-CTS5289	1450
C-FGC9934	1450
C-F3748	4000
C-PH4788	4000
C-F3746	1400
C-Z43727	5700
C-Y88318	4700
C-MF1873	50
C-Y94254	4700
C-Y106101	3500
C-Y155167	2200
C-F9935	7300
C-Y622407	4900
C-MF1881	6900
C-MF1955	7100
C-Y186515	5700
C-Y177265	5700
C-ACT59	5500
C-MF1029	7300
C-Y228736	2500
C-MF1031	5000
C-Y170353	4300
C-MF159286	3900
C-Y170322	2500
C-MF112064	1250
C-MF1037	5000
C-MF1935	4700
C-Y174024	3600
C-MF5776	1950
C-Y173881	850
C-Y173860	350
C-MF1048	4800
C-MF1055	3600
C-Y136590	1400
C-Y174175	800
C-Y178288	3000
C-Y197349	3500
C-MF1058	2200
C-Y172662	600
C-Y9412	450
C-Y172835	275
C-Y201021	350
C-Y200717	125
C-Y35926	5600
C-F3909	5400
C-F22689	4600
C-Y84085	150
C-F3555	5400
C-F9898	4700
C-F11377	4300
C-BY14194	900
C-Y307450	50
C-F10356	3200
C-MF1892	2400
C-F13864	3000
C-Y253919	1550
C-F8841	3000
C-F13136	2700
C-F8989	2700
C-Y156422	2400
C-Y289174	1950
C-Y187373	800
C-Y321196	800
C-F9725	2700
C-BY96205	2500
C-Y170555	350
C-Y172691	1450
C-MF1915	2500
C-Y126890	2400
C-MF4296	2100
C-Y16324	550
C-TY97478	500
C-Y292267	350
C-Y670478	50
C-MF227188	2100
C-MF69733	325
C-Y611078	200
C-Y210094	1700
C-MF38918	1550
C-Y224350	800
C-Y368225	800
C-Y141249	1550
C-MF1925	1100
C-L1373	16100
C-F3447	16100
C-ACT1932	15100
C-ACT5638	6200
C-BY72441	14500
C-FT15718	8700
C-Y165510	6900
C-F1699	14200
C-M8574	13200
C-Y176542	7200
C-Y11990	9300
C-Z22425	4600
C-BY92829	3500
C-ZQ354	2400
C-F11987	2400
C-Y308831	1450
C-F9771	650
C-Y10418	13100
C-F9458	9100
C-F9882	325
C-F3918	12600
C-P39	12600
C-YP5260	12500
C-F15910	12500
C-Y507	0
C-F1756	11800
C-F12562	5300
C-Y10417	5000
C-Y10420	3400
C-Y182783	2200
C-Y182763	1000
C-Y11606	3300
C-Y10432	3300
C-Y10427	3300
C-MF175677	2400
C-Y45169	2300
C-Y147530	3300
C-Y148631	3000
C-Y147607	750
C-BY81954	2900
C-FT88774	2700
C-FGC28956	5000
C-Y266167	1250
C-F3830	4400
C-Z32848	1500
C-F13562	1500
C-FT373653	1500
C-Y235073	900
C-Y235226	850
C-F10085	3600
C-F3887	2400
C-MF10354	2100
C-BY216902	2300
C-Y210006	2100
C-Y209766	1150
C-MF168784	1150
C-Y127148	425
C-F9721	3500
C-F11330	3000
C-F10262	2400
C-F9877	375
C-Y162520	2700
C-MF41320	2600
C-Z603	2500
C-Y485896	1250
C-FGC28801	500
C-FGC31362	375
C-F12439	2900
C-ACT3470	2800
C-ACT4573	2800
C-Y170590	2300
C-Y235230	1600
C-MF257511	1400
C-Y160467	2600
C-BY197432	1100
C-BY187593	225
C-M48	3700
C-F11120	2600
C-B469	1900
C-Z32853	1700
C-FT411762	250
C-FT411770	50
C-B89	1400
C-Y60650	700
C-Z32860	600
C-Y12792	2800
C-Y138418	2800
C-Y138498	2800
C-F8472	2100
C-Y258405	700
C-Y183661	1800
C-Y152949	250
C-Y75823	50
C-Y138372	1650
C-Y138306	50
C-Y182574	350
C-Y185147	50
C-Y170702	1550
C-Y170736	300
C-Y170766	100
C-Y12825	2500
C-Y15849	2000
C-Y22657	1850
C-Y21917	800
C-Y23111	1300
C-F9766	425
C-Y15844	1950
C-ZQ149	100
C-Y15552	650
C-BY72319	300
C-Y17342	500
C-Y33019	650
C-Y22661	425
C-Y226010	2500
C-F6193	1100
C-Y179278	1100
C-Y179638	1100
C-F6507	1050
C-BY193955	325
C-F10078	150
C-Y38102	950
C-Y62582	750
C-ZQ118	700
C-ZQ120	700
C-F6216	1050
C-ACT922	1050
C-Y309091	750
C-M504	7000
C-Y316421	150
C-FTC60445	50
C-Y316590	100
C-Y4464	3400
C-ACT380	3300
C-ACT382	900
C-F14749	550
C-ACT404	3200
C-SK1074	800
C-Y11121	3000
C-BY154208	2500
C-Y170557	1400
C-Y655214	2000
C-F3796	2700
C-Y176102	2500
C-FTA3865	2100
C-Y11098	2600
C-F11310	2000
C-Y204405	1800
C-Y309590	50
C-SK1072	1850
C-Y174643	1400
C-F12663	1400
C-F8712	1400
C-Y49251	500
C-F13959	1400
C-ZQ394	1850
C-Y148203	1050
C-FT37001	550
C-Y187693	1000
C-Y4580	1500
C-Y25681	650
C-Y4633	1500
C-FGC16519	1400
C-Y8818	1400
C-F11791	1000
C-F14768	500
C-Y80821	50
C-F10001	900
C-F11885	225
C-Y4541	950
C-FGC16217	400
C-BY182928	950
C-Y104500	800
C-Y629903	125
C-FGC16605	950
C-FGC16593	950
C-FGC29011	950
C-ZQ506	700
C-FT411734	750
C-ZQ31	650
C-FT411735	650
C-Y125520	850
C-SK1076	700
C-Y125522	450
C-Y147561	450
C-Y147631	250
C-Y12782	800
C-Y12782a	550
C-Y20795	275
C-Z31704	350
C-Y20085	550
C-Y20800	500
C-Y20087	450
C-ZQ334	225
F	48800
F1	48800
F3	48800
F-Y27277	39800
F4	39800
F2	2300
F-MF56592	1850
GHIJK	48500
G	25200
G-M342	18300
G-L830	7500
G-Z18774	7400
G-Y258770	5600
G-Y354341	3100
G-Y258522	5400
G-Y258379	5400
G-Y259870	5100
G-Y155106	5200
G-Y155096	2700
G-Y155088	200
G-Z17874	2500
G-Z30744	950
G-Z36339	550
G-BY21343	1150
G-BY21351	1100
G-FTB33580	200
G-Z18606	900
G-FGC89899	500
G-BY68394	650
G-Y248385	500
G-Y11752	18000
G-CTS11562	15100
G-Y187779	10400
G-BY21306	9100
G-F2885	9100
G-BY21292	7600
G-BY21302	7500
G-Z45003	6000
G-Y147099	4800
G-Y187367	800
G-Y147110	2700
G-Y147100	2700
G-BY44913	1600
G-BY44900	650
G-Z45002	225
G-FT36110	350
G-GG357	15100
G-Y230324	225
G-Y393593	50
G-Z3043	14000
G-Z3175	14000
G-Y218610	4800
G-BY1124	13400
G-GG313	9900
G-GG167	9200
G-Z44603	3100
G-FT380524	2600
G-Y267588	2200
G-FTA62922	1500
G-Y83655	550
G-GG162	7100
G-GG164	550
G-GG157	300
G-GG161	450
G-V2154	4300
G-Y168390	3400
G-Y288847	3400
G-FT11135	500
G-GG272	7100
G-Y355571	5400
G-Y134372	6600
G-Y182636	5800
G-BY60348	3600
G-Y134349	3300
G-ZS8715	375
G-FT147669	50
G-Y134375	800
G-FT304055	350
G-Y134373	800
G-FTG18228	125
G-GG285	7100
G-Y606540	1300
G-BY175028	700
G-BY191438	350
G-BY190402	200
G-BY175888	425
G-Y155947	175
G-GG265	2900
G-Z45198	50
G-GG266	1200
G-GG264	900
G-GG232	650
G-GG247	475
G-GG261	650
G-GG262	650
G-GG260	650
G-Z3353	13400
G-L1324	4800
G-L201	500
G-FGC39019	275
G-FT1165	4600
G-FT1086	4500
G-FT107951	4500
G-FT107878	4500
G-FT107429	350
G-Y14914	1600
G-PH4611	700
G-Y52978	375
G-Z35057	275
G-Y619931	275
G-L1323	700
G-FTB42045	200
G-Y295330	50
G-Y12274	375
G-Y12252	375
G-GG362	9700
G-FT191065	9200
G-Y244661	50
G-Z26335	7800
G-FTF7631	700
G-Y269611	2000
G-Y148803	3500
G-FTF47877	550
G-Y147573	600
G-FT289513	7100
G-Y225867	3300
G-FT405647	2500
G-Y666766	50
G-Y262772	9700
G-Y99680	9400
G-PH2314	7600
G-FTA13189	7000
G-Y494969	3300
G-PH1944	7600
G-Y286694	50
G-Y107250	7300
G-FT198569	7000
G-FT19860	7100
G-FT276712	6700
G-Y595964	275
G-BY215379	50
G-FT275838	6700
G-Y269216	1050
G-FTA46353	1000
G-FTA44520	125
G-FT276384	2400
G-FT275622	350
G-FTB29568	225
G-CTS10925	100
G-FT276337	50
G-P287	25000
G-FTB166	25000
G-Y107085	13500
G-Y592546	11300
G-Y238	20800
G-M3115	20000
G-FGC3095	18900
G-FT36238	18900
G-Y279834	3100
G-FTC23548	50
G-Y82519	2600
G-BY102894	2300
G-Y86656	1400
G-Y37100	14400
G-FGC3000	7700
G-FGC2964	3400
G-FTA67300	2400
G-Y95861	1450
G-FGC2915	3200
G-Y268373	1300
G-FGC2977	950
G-M377	11900
G-Y12304	8600
G-Y60496	1400
G-FTB17177	800
G-Y12297	6400
G-Y12292	5400
G-M3124	3900
G-M283	1700
G-Y199002	1450
G-BY154721	800
G-FT361324	800
G-Y274082	275
G-M3146	1100
G-FT327124	850
G-Y215106	650
G-Y217268	1050
G-Y505256	850
G-Y199566	800
G-Y300675	600
G-Y199085	275
G-Y12975	1100
G-Z44685	600
G-Y257571	500
G-Y295704	425
G-Z44683	275
G-FT7446	900
G-FT9965	550
G-Y289311	275
G-FTB46621	900
G-Z45086	800
G-FT371043	425
G-Y147397	650
G-Y15861	900
G-BY37058	450
G-Y15563	425
G-Y503270	350
G-Y15564	425
G-Y67052	225
G-BY68027	50
G-Y16169	800
G-FT66739	800
G-BY165438	800
G-FT66307	800
G-ZS5999	800
G-Y70151	600
G-Z37828	125
G-Y45738	550
G-Y53746	50
G-YSC0000206	50
G-Y502988	50
G-Y14600	1100
G-Y48752	1050
G-FT389850	850
G-Y52805	850
G-FT142245	350
G-Y46791	125
G-BY181331	375
G-Y439385	375
G-Y164741	50
G-Y14601	750
G-Y173874	650
G-BY216436	550
G-FGC32434	425
G-FGC55702	450
G-FGC32397	750
G-BY193555	500
G-Y277451	500
G-FT169978	500
G-FGC32415	325
G-P15	18100
G-Z6552	16300
G-Y220326	5100
G-Y34352	16100
G-FT66291	15400
G-Z30702	225
G-BY198464	14200
G-Y206961	1450
G-Y173481	7800
G-FT66003	3500
G-FT68976	150
G-Z6553	10000
G-Z31464	4300
G-FTA8806	4300
G-Y245386	2000
G-FGC50490	3500
G-FGC50463	3500
G-Z35443	1750
G-Z30639	10000
G-Y331854	275
G-Y7122	7900
G-BY116538	6300
G-Y453752	6300
G-Z17775	7900
G-Z31471	5100
G-FT340335	3600
G-Z31475	2600
G-Y303068	2600
G-Z39928	900
G-BY118244	200
G-Z6744	9700
G-Z6653	8000
G-Z6700	6500
G-MF76795	4900
G-Z6702	6500
G-Y295767	425
G-Z31455	4000
G-Y219552	3100
G-Y230502	800
G-Z43192	2200
G-Y36036	2800
G-FGC65315	2300
G-FGC65388	1300
G-BY201563	450
G-FGC65318	1300
G-FGC65319	1300
G-Y69247	900
G-Z6679	5900
G-FGC1159	5700
G-Y228617	3400
G-FGC64351	5300
G-Y160529	3100
G-FTG63323	2300
G-Z31220	3000
G-FTH21411	350
G-Y160531	1750
G-BY21464	5700
G-Y52355	5700
G-Y630879	1750
G-Y47534	4700
G-Y47291	4700
G-Y47540	4100
G-BY96310	850
G-Y279353	2200
G-FTA99385	2000
G-FGC1144	4800
G-FGC1093	3000
G-FGC1114	1150
G-Y224861	50
G-Y346720	3800
G-FTD25261	3400
G-FTG87422	2200
G-Y346664	2700
G-Y425241	1000
G-Y525212	650
G-Z40014	950
G-FTD71069	950
G-FTD72788	650
G-FTD72936	650
G-BY44719	550
G-Z6692	5200
G-FTA92942	4800
G-FTB14662	4300
G-Y277111	3000
G-Y591970	2700
G-Y277112	2200
G-BY190162	2500
G-FTF3696	1500
G-Y652213	500
G-Z6706	5200
G-Y267381	50
G-Z6638	5000
G-FT23146	4000
G-FT25450	4000
G-Y246675	1950
G-FTA53262	1100
G-Y627832	1100
G-BY91717	4000
G-FTA45659	3300
G-Y326329	1400
G-FT19842	4000
G-FT18522	3400
G-Y208582	4000
G-Y352845	3300
G-PF6789	1450
G-Y544112	650
G-Y425525	1450
G-Y208712	1500
G-Z6654	5000
G-Y177943	275
G-FGC671	5000
G-FTF28636	4400
G-Y304233	3300
G-Y314406	800
G-FGC713	5000
G-FGC701	4500
G-FGC1053	4200
G-FGC1034	4200
G-Y240893	4200
G-FTA28089	2800
G-FGC1071	3400
G-FGC1044	3000
G-FGC1039	1150
G-FTC10358	2900
G-Y326828	950
G-FTC9537	350
G-Z7958	4500
G-FT103489	3700
G-Y35918	1100
G-FT105284	3500
G-Y178190	1550
G-FT104380	700
G-FTH32422	550
G-FGC750	4300
G-Z31459	3400
G-Y240582	2100
G-Y651215	1900
G-FT203745	3300
G-Y187450	1600
G-Y113312	2400
G-Y289140	550
G-Y112445	2200
G-Y85245	200
G-Y585587	200
G-FTG30216	900
G-FTG61563	550
G-Y36736	3300
G-Y97597	3300
G-Y82005	1400
G-FT56647	3300
G-Y616184	1000
G-Y188602	3200
G-Y13381	850
G-FTA64530	2800
G-Y267619	1750
G-Z31461	2000
G-C136707	1350
G-Y138630	850
G-Z45053	1900
G-FT151211	1800
G-Z45052	1500
G-Y655461	900
G-Y655456	350
G-Y188026	1500
G-FTB89221	800
G-FTB89908	650
G-Z45048	325
G-FT213879	200
G-FT20770	1900
G-Y362705	1350
G-FT180374	450
G-Y667458	1750
G-FT246696	1600
G-Y240691	900
G-FT247022	1200
G-FTG68705	900
G-Y197792	700
G-FT246068	500
G-BY123762	1750
G-FT201997	1200
G-Y336165	1050
G-Y642726	550
G-BY220805	1750
G-FTC20903	850
G-FTC19823	750
G-Y329611	275
G-Y49830	1750
G-FT389599	1750
G-Z31460	600
G-Z7940	4300
G-Y173523	1950
G-FT70700	275
G-Z7961	4300
G-Y464636	3000
G-Z40550	3200
G-Z2678	200
G-F2575	3700
G-Y70055	2400
G-FGC3794	3400
G-FGC3780	3000
G-Z7943	2600
G-Z7941	1400
G-FT61413	800
G-FT60479	125
G-SK1673	1400
G-FGC3772	1400
G-FGC3787	1400
G-FT105929	1400
G-FGC7909	550
G-FT286824	350
G-FGC719	4000
G-FT187743	3600
G-FT201546	1500
G-FT188973	2800
G-FT183671	2600
G-FT183164	2400
G-FTB48733	1300
G-Y185119	900
G-FT186070	900
G-FT186451	900
G-FT275623	3600
G-FTA10406	1450
G-Y251825	1000
G-Z7461	3600
G-Y431095	425
G-FT277525	2500
G-Y444172	1850
G-Y444365	1400
G-Y444164	900
G-Y201772	2400
G-FT388672	1950
G-FT410518	1550
G-Y615336	1450
G-FGC730	4000
G-FGC729	2600
G-Y255040	1900
G-FTG94452	1900
G-PH2531	1050
G-Y256017	900
G-Y256383	850
G-Y28365	850
G-GG330	1100
G-Y445516	1000
G-B300	375
G-A205	350
G-FT266173	700
G-Y104919	650
G-GG332	1100
G-Y346578	650
G-FGC659	1100
G-FT156449	750
G-FT156471	200
G-Y74061	1100
G-FGC710	850
G-Y428282	850
G-Y130399	1000
G-FTC90695	800
G-Y128430	550
G-FTC77935	50
G-L1259	17000
G-PF3147	13000
G-Z36520	12700
G-Z36525	10000
G-Z45700	3000
G-Z45690	2500
G-BY70232	200
G-BY37106	2200
G-Z45715	500
G-BY37102	6100
G-Y90753	6100
G-Z36522	400
G-Y183942	5600
G-FT167380	1000
G-FTA58235	5400
G-Y266080	2200
G-Z45976	12700
G-Y150357	11300
G-BY202580	7900
G-MF178808	4900
G-FTC21055	3700
G-FT408269	3200
G-Y533772	1900
G-FTH73584	1450
G-Y53493	7400
G-FT37438	700
G-BY151073	7400
G-Y336487	3400
G-Y336489	2100
G-Y164809	1800
G-Y164857	1800
G-Y164946	850
G-FTA67765	850
G-FTA65827	550
G-Y164948	800
G-Y258294	800
G-Y366234	425
G-FT259411	500
G-Z33325	475
G-PF3148	12200
G-FGC34434	12100
G-FGC34436	11000
G-Y85489	2300
G-SK1120	3400
G-Y218555	2200
G-FT318713	2200
G-FGC34419	600
G-FGC34416	425
G-PF3177	12200
G-FGC55322	11800
G-BY183249	9800
G-FTA29810	9800
G-Y159182	1600
G-FGC6669	10200
G-FGC6663	7900
G-Y97527	6700
G-Y14935	7900
G-Y93879	7900
G-FGC6713	7900
G-Y171885	1100
G-BY146136	7700
G-Y617797	2200
G-Y641473	350
G-FGC6618	1250
G-FGC6634	325
G-FGC58131	7400
G-Y154380	1100
G-FTG91023	350
G-FGC58165	7400
G-FGC58182	7400
G-M286	4500
G-A40703	4400
G-Y84562	1400
G-FGC58133	3200
G-Z43083	600
G-BY123198	375
G-FGC58189	3200
G-FGC59473	1100
G-FGC59474	50
G-Y600682	12200
G-FGC34725	12000
G-Y45080	1150
G-Y346002	1150
G-BY133179	11800
G-BY77376	11800
G-Y256820	600
G-BY225910	11800
G-L91	11400
G-FTA40859	9000
G-Y329505	1650
G-Y329503	1300
G-PF3233	11400
G-Y270793	6400
G-Y270821	3900
G-Y270808	750
G-Y271345	700
G-Z42562	10100
G-Z42565	8700
G-Z42571	8700
G-Y144865	6500
G-Z42570	8700
G-Y130324	6600
G-BY109656	5900
G-Y171774	3200
G-Y171736	2300
G-Y601566	2300
G-Y171925	500
G-Y216605	4300
G-FTA79131	4300
G-Y216657	1250
G-Z6484	11300
G-Y182739	1600
G-Y346106	200
G-Y446185	1250
G-FTF32026	400
G-Z6284	11300
G-Z12221	3500
G-BY172114	2100
G-BY172187	1700
G-FGC2352	3200
G-Z6128	11300
G-Y140837	11300
G-FT99363	10200
G-Y418521	175
G-Y140827	8300
G-Y140815	6100
G-Y140832	2800
G-Y328244	1100
G-Y140820	1300
G-Y140833	750
G-PF3239	7900
G-Z6802	6900
G-PF3158	5000
G-Z6228	3000
G-PF1755	1350
G-L166	6900
G-Z6494	5000
G-FT84409	4700
G-Y232698	3200
G-Z6285	2500
G-Y178983	3500
G-Y657846	2400
G-YP1532	2400
G-Z6211	4900
G-FGC5697	2900
G-CTS12768	2500
G-BY55	125
G-Z6212	4400
G-Y632530	125
G-Z6214	3900
G-Z6036	2300
G-L30	14500
G-CTS574	14500
G-M406	12700
G-Y173177	5600
G-Y465930	650
G-FT422263	500
G-FT61551	5600
G-FT62144	5000
G-Y173137	200
G-Y275506	2300
G-Y275545	950
G-Y377401	950
G-M3317	8700
G-PF3293	7500
G-PF3316	7500
G-FT262973	7500
G-FT163429	6800
G-Z6348	7500
G-PF3298	4700
G-Y332393	3100
G-Z6345	850
G-Y32612	900
G-Y68554	100
G-Y500594	100
G-Y32613	700
G-Y199575	450
G-Y205764	425
G-Y32619	650
G-Y205783	275
G-ZP248	650
G-Y205218	300
G-Y91281	550
G-Y94309	600
G-Y203675	425
G-Y653677	425
G-BY64206	425
G-Y94775	600
G-Y203672	300
G-Y205221	425
G-Y226310	600
G-Y81806	550
G-Y96544	350
G-Y90624	350
G-Y110607	50
G-FT260979	550
G-FT261126	550
G-Y201622	550
G-Y618632	500
G-Z6029	5900
G-Y348035	75
G-Y351315	1900
G-FTC75030	300
G-Y81131	2400
G-FTD41928	1600
G-Y31014	4600
G-Z30807	4400
G-Z30806	2400
G-FT75972	2200
G-Y39090	50
G-Z6354	5800
G-Z6875	4000
G-Z6352	4000
G-Y292455	1800
G-Z6356	2400
G-Z6350	2400
G-S9591	3800
G-Y58010	2400
G-Y338946	1250
G-Y46192	50
G-BY104772	3000
G-BY120443	2800
G-FTA39054	500
G-BY108114	400
G-FT166942	350
G-BY134453	350
G-Y586284	50
G-Y200409	2900
G-FT145997	1150
G-FT441474	650
G-FT259960	650
G-FTD33925	425
G-FT259551	200
G-Y197145	50
G-Y191241	1150
G-FTC34724	950
G-Y354916	350
G-BY51241	700
G-FTC15472	50
G-MF68137	1150
G-FTC74312	150
G-Y191244	600
G-Y191243	375
G-FTD66126	200
G-Y82047	3800
G-BY99191	3600
G-Y255941	3700
G-FT395946	3000
G-FTC19802	1200
G-Y168959	3700
G-Y464599	1550
G-Y464645	50
G-BY75675	3600
G-Z45395	2900
G-Y185194	1950
G-FT29873	3100
G-FT31230	2900
G-FT30412	1450
G-Y268595	250
G-Y268638	100
G-FGC5089	7900
G-M3302	7200
G-FT56871	7200
G-FT56736	4700
G-Y158729	1450
G-Y270011	50
G-FT57914	2800
G-BY21756	5900
G-BY141421	3700
G-BY94416	3500
G-BY21758	5900
G-MF237	3500
G-BY21760	5300
G-Z31409	3200
G-BY127971	800
G-BY69342	4400
G-BY68894	4000
G-Y314360	50
G-BY89886	50
G-M3422	6700
G-Y132816	3100
G-Y132851	1550
G-M3230	6700
G-M3336	6700
G-M3272	6500
G-M3234	5600
G-Y253716	2400
G-Y138065	3500
G-FTA67560	3500
G-Y265917	200
G-FTA35613	2900
G-FTB39527	2900
G-FTD36308	2100
G-FTB40996	2900
G-Y138058	275
G-FTE10595	275
G-Y444108	75
G-FGC5081	7800
G-Z41194	5100
G-Y155532	3800
G-Y155529	2500
G-Y234675	225
G-Y24772	4300
G-Y24446	4100
G-BY177609	4100
G-Y264771	3300
G-Y24766	3800
G-Y24764	3200
G-Z41193	150
G-Y2724	7800
G-L14	5100
G-Y248555	5000
G-FTA65263	5000
G-FTA65414	4800
G-Y316416	3500
G-Y316412	850
G-S19451	4800
G-BY158585	3100
G-Z45567	4300
G-Z45043	3000
G-BY82360	3000
G-FT115489	425
G-FTD66556	2700
G-Y130402	2800
G-FT112645	2800
G-Y517021	1300
G-FTF74041	200
G-Y128528	2800
G-FTB62695	275
G-Z45580	1900
G-Y128712	1450
G-BY129611	950
G-Y179105	200
G-Y179463	50
G-FGC5185	4500
G-FT45013	4500
G-Y431003	4300
G-FT45116	3800
G-FT168555	3400
G-Y182833	3400
G-FTC16247	3400
G-FT146640	1900
G-FT165346	1100
G-FGC5107	3900
G-Y38327	3700
G-FGC5119	3400
G-FGC5121	3100
G-FTB95699	1350
G-Y419853	200
G-BY159035	50
G-Z17088	2800
G-Z17083	1650
G-Y643501	50
G-Y92117	3900
G-BY162982	3900
G-F21273	3400
G-Y94474	3600
G-Y310101	50
G-BY91399	3400
G-BY183906	3400
G-Y621311	800
G-FT44209	3300
G-BY75777	500
G-Y181650	1200
G-FT159945	1000
G-Z17887	6500
G-Z17886	6500
G-Z37368	4900
G-Y597134	2300
G-Z39513	4200
G-Y44432	3600
G-FTD83763	3100
G-Y467149	1250
G-FTB74434	3100
G-BY128662	3100
G-Y41599	2900
G-Y423878	1650
G-L645	5200
G-Z42373	4000
G-FT22037	2900
G-BY60759	800
G-Y275464	3300
G-Y276782	1950
G-Y275245	800
G-Y350096	1500
G-FGC79804	3800
G-BY125117	3500
G-BY137735	3200
G-Y632935	1450
G-FTG86768	950
G-FT50359	3200
G-FT50746	2200
G-FTB84161	3200
G-Y333123	800
G-FTB79832	3200
G-FTA2742	5200
G-BY61547	4600
G-FT108136	3500
G-FT211727	3700
G-FTF18249	2300
G-Y564960	1550
G-BY12700	3300
G-Y245532	1800
G-FTB20525	1250
G-BY31703	950
G-FTB15276	950
G-Y134757	4800
G-PH134	3100
G-FGC72164	2300
G-BY104556	4200
G-FTB9795	4200
G-Y134776	3900
G-Y134768	2300
G-Y134774	275
G-FTB88593	450
G-Y161562	3900
G-BY190519	3200
G-Y161518	1250
G-BY189961	1050
G-FTA3145	2800
G-Y237201	2800
G-FTA3594	850
G-Y167161	3900
G-Y258422	3100
G-Y258432	2700
G-Y632512	2600
G-FTA62080	3200
G-Y258655	2500
G-Y260302	2800
G-Y318008	1650
G-Y260305	2300
G-Y274844	1300
G-CTS2488	14500
G-PF3359	12400
G-PH488	7800
G-CTS10303	4000
G-Y286299	550
G-FGC71552	3500
G-PH2339	1250
G-BY182730	500
G-F1193	11700
G-Y125465	750
G-FGC52629	650
G-PF3369	11500
G-FGC82036	8000
G-FGC82044	4800
G-Y162516	5400
G-Y162495	2200
G-F872	9200
G-PF3378	6300
G-PF3438	6100
G-PF3376	5400
G-FT89800	5400
G-Z6035	4700
G-Z7025	3800
G-Y84865	800
G-Z7016	5800
G-BY21798	5800
G-Y531985	5800
G-Z7022	5800
G-FGC92094	350
G-BY63384	5700
G-Y182589	1300
G-Y169559	1750
G-F2572	8800
G-Y67378	3400
G-F2214	8500
G-BY146155	8400
G-Y167828	4200
G-Y167907	3600
G-Y167803	2100
G-Y167782	1300
G-Y225188	3600
G-F807	4600
G-Y186265	600
G-FGC7261	1850
G-FGC66782	800
G-FGC7286	950
G-FGC81988	500
G-P303	11200
G-BY28175	11200
G-M278	1350
G-FT271904	1300
G-Y97449	1300
G-Y335617	1000
G-Y74858	700
G-Y335744	350
G-Z6360	11200
G-Z6885	11200
G-Z39332	9800
G-Z39310	4000
G-Y36033	1550
G-Y110003	8800
G-Z6880	7700
G-Y308933	6200
G-PH4185	4100
G-Z6148	4000
G-Y195209	3500
G-Y195102	1350
G-Y195141	700
G-FT108576	4000
G-FTB69677	3000
G-FTF44317	950
G-Y94766	4000
G-Y185605	200
G-Z30503	8400
G-BY96506	425
G-Z30520	7600
G-BY47090	7200
G-Y164208	3000
G-Y164210	700
G-FT307654	350
G-Z30521	7100
G-Y35042	7000
G-Y35043	4200
G-SK1164	300
G-Y109935	3700
G-Y450133	3700
G-BY47479	6600
G-FT54311	6200
G-Y258210	3800
G-Y258463	375
G-Z40458	6500
G-FT8625	5400
G-Y167904	1100
G-FT191599	6500
G-Y267689	4000
G-Y21360	6500
G-FT191853	5300
G-FT194279	3700
G-Y20834	6500
G-FT200854	6500
G-Y21355	6500
G-Y64243	1050
G-Z16251	750
G-Z40472	4800
G-BY198219	1100
G-YP800	4800
G-Y273773	3200
G-CTS796	11100
G-L140	10600
G-Z30527	7400
G-Y128019	4100
G-Y128243	225
G-Y128162	100
G-Y219433	6800
G-BY123816	6600
G-Y219434	4800
G-Y464520	1400
G-Y219435	4700
G-Z31237	950
G-FTC18839	350
G-PF3346	10600
G-Y18941	10100
G-Y18939	8500
G-Y51846	1100
G-Y131057	900
G-Y131053	550
G-Z3065	10600
G-Y472830	125
G-PF3345	10600
G-BY149069	1200
G-FTA56155	7600
G-Y362433	1950
G-Y65645	3300
G-Y381161	2500
G-Y645091	375
G-Y62233	700
G-Z39367	6700
G-Y64092	5300
G-Y67091	1800
G-Y46211	5400
G-Y46123	3800
G-Y478417	1950
G-Y456762	800
G-Y48172	3400
G-FT343757	150
G-BY1433	1950
G-Y81453	750
G-Y432662	350
G-MF607546	200
G-Y92365	300
G-FT273371	750
G-FT273344	650
G-Y376246	250
G-BY79491	1400
G-BY103677	225
G-FTD33080	50
G-FT156631	900
G-FT158279	600
G-Z23364	350
G-FTA38035	50
G-FT341862	600
G-FT342993	50
G-FTA88876	200
G-L497	7300
G-Z27264	4500
G-Y352749	4500
G-Y31008	3100
G-Z39531	2500
G-BY37132	2100
G-FT191778	3100
G-Z39525	2900
G-Z1815	6300
G-S10458	4200
G-Z40133	4200
G-Y79926	3800
G-Y152742	2600
G-BY152564	750
G-Z24311	4200
G-Y152837	2500
G-BY56198	700
G-Z24316	2200
G-Y7538	4500
G-Z6911	3400
G-Z40742	2700
G-Z6031	1950
G-Z6912	1950
G-Z1816	4500
G-FGC809	4400
G-FGC807	3300
G-FGC811	2600
G-Z40869	3300
G-BY11257	2800
G-FT107148	2800
G-BY84748	2500
G-MF38542	2000
G-FGC18268	200
G-Z31846	3300
G-Y31011	2500
G-Z44688	2600
G-Y8903	3800
G-Y564550	1200
G-BY180574	3300
G-FGC72440	3200
G-CTS8048	2000
G-Z6748	1200
G-Z40860	1100
G-FT21948	850
G-Y132505	550
G-BY27899	3800
G-Z45474	3700
G-BY37046	3200
G-BY186748	2600
G-BY113713	300
G-FT97456	3600
G-BY113517	3600
G-BY54283	800
G-Z1823	4500
G-L43	3800
G-FGC70408	1400
G-Z31333	225
G-L42	3800
G-Z40854	3100
G-FT272174	3100
G-Y65311	2600
G-Y64315	2600
G-BY140356	1950
G-BY173771	600
G-Y11074	3700
G-Y306860	3700
G-Y306276	1400
G-Y68224	2900
G-Y431250	2900
G-Y431392	0
G-FT104656	1550
G-Z45523	1450
G-BY95079	2900
G-FT221599	1400
G-Y63620	2600
G-Y288509	2200
G-Y72937	1600
G-Y72934	800
G-YSC0000033	3700
G-M7109	3300
G-Z44675	3600
G-CTS1287	1500
G-Y217139	600
G-Y138676	3600
G-Y369365	3600
G-Z44672	750
G-Y138634	275
G-Y190541	3700
G-Y440075	3700
G-BY48693	3700
G-Z39501	2900
G-Y128028	2700
G-Y128480	1350
G-BY195513	750
G-Y128646	1350
G-Y225016	700
G-Y128039	1350
G-FTC64765	1350
G-Y129040	500
G-Y425678	350
G-Y11076	3600
G-BY46472	1300
G-Y376796	1300
G-Z44718	1000
G-Z31320	600
G-Y63561	125
G-FGC57326	3300
G-A13598	2500
G-BY64664	375
G-Z45511	1150
G-Z45513	500
G-Z31316	3400
G-BY64222	1750
G-FT130688	550
G-Z27266	2300
G-BY62462	1250
G-Y28133	1650
G-Z41264	500
G-FTA78869	375
G-FTC70727	425
G-Y69292	200
G-Y485868	4300
G-Z726	4200
G-Z36218	900
G-Z16775	4100
G-Z27567	3700
G-Z39670	1400
G-Y78979	1300
G-Z39673	750
G-BY210936	750
G-Z45631	300
G-Z41155	600
G-Y14684	4000
G-Z41650	4000
G-FT4426	1850
G-FT171910	200
G-FT230034	3300
G-FT228004	2400
G-FTA13109	2400
G-Z41658	125
G-Z16770	3800
G-FT116407	3800
G-Z16771	3400
G-Z17394	2900
G-Y68656	2000
G-Z31842	800
G-FT127662	2900
G-Z34079	2500
G-Z31343	700
G-FTA43645	600
G-Y68466	600
G-Y66258	650
G-FT409950	500
G-CTS4803	3900
G-Z42514	3800
G-Z42515	3400
G-BY108238	2300
G-Y227702	1900
G-S15656	3400
G-Y101840	1250
G-Y109483	1000
G-Y244980	1650
G-Y163665	50
G-BY199514	3900
G-Y325299	3400
G-FT68507	3800
G-FT68387	3800
G-FGC60019	3600
G-BY37060	3300
G-BY122515	3100
G-Z6150	3500
G-Y181443	2900
G-Y181659	2600
G-FT287125	3500
G-Y257740	3200
G-Y258120	800
G-FT100320	3500
G-Y96394	1650
G-Z40694	3300
G-FT96984	3300
G-Y20236	3500
G-Z4600	3500
G-Z16029	3200
G-Y36533	700
G-S2827	550
G-Y36536	125
G-S2808	3900
G-FT105740	2300
G-FGC14522	2100
G-Y42055	550
G-Y285702	50
G-BY46757	3900
G-FT170438	2900
G-Y183706	1550
G-S23438	3900
G-Y31000	1400
G-Y30998	700
G-S18765	3900
G-FT7941	3500
G-FTB31017	3500
G-Y106451	3400
G-BY87464	2500
G-FT394333	3400
G-FT305316	1400
G-Z41143	3500
G-BY101101	3500
G-Y170316	3000
G-Y157826	2800
G-Z41144	2700
G-BY55158	2700
G-Z29318	1800
G-FT124403	1800
G-Y3098	3500
G-Y3101	3500
G-S2795	3400
G-S2784	3000
G-FGC8322	3300
G-FGC8346	2500
G-FGC8327	2000
G-Y125045	2000
G-Z40548	1750
G-Z40765	3300
G-Z44657	3100
G-Y108082	3000
G-Z44626	2900
G-Y13112	3300
G-FT47568	3300
G-FT153446	1150
G-FT155095	650
G-Y290430	650
G-FTB28701	200
G-FGC34823	3300
G-FT15893	3300
G-Y110663	1100
G-Y187921	3100
G-BY34320	3100
G-Y322427	3100
G-Z39523	2900
G-Y211683	350
G-Y137396	2800
G-FGC34846	3100
G-FGC34822	3100
G-Y164004	550
G-Y97811	1400
G-Y327712	50
G-Z30742	2900
G-Z30729	750
G-Y30009	300
G-Y93397	300
G-Y40024	400
G-Y16788	550
G-CTS342	9700
G-Y36001	3400
G-BY21807	375
G-FGC65118	275
G-PF4202	4500
G-Y84784	1450
G-Z39539	275
G-FGC37656	3500
G-FGC37724	2900
G-FT285023	2900
G-Y295362	650
G-FT317563	2800
G-FT282828	950
G-Z43845	2900
G-Y89079	1600
G-Y425334	550
G-Z724	8600
G-CTS1475	2400
G-F25045	1600
G-BY182126	1000
G-Y177635	550
G-Y280	7100
G-FGC89070	3000
G-FGC97635	3000
G-FGC97630	2100
G-FTF81752	1100
G-Y626458	500
G-Z1903	4800
G-Y1408	4800
G-Z3040	4600
G-FGC46576	2900
G-FGC46568	1400
G-FT49741	650
G-FGC46570	1250
G-Z44711	800
G-CTS7045	4600
G-Z3408	4100
G-Y292654	1800
G-S10056	1100
G-Z46194	3200
G-L640	650
G-Y88	500
G-Z3428	4000
G-Y190421	3000
G-Y65	4000
G-FT302334	3400
G-FGC58716	2600
G-FGC60481	1000
G-FGC58712	1800
G-FT255541	1650
G-FT256448	1200
G-FT257316	1000
G-FTC21547	1200
G-Y418993	50
G-YP4752	4000
G-Z6033	3800
G-FGC294	3700
G-FTC95176	175
G-FT8419	1500
G-Y177328	425
G-Z6434	3200
G-FGC300	1650
G-Z6435	2100
G-Z6034	2100
G-Z7001	0
G-Z6025	4000
G-FGC23437	4000
G-Z22644	2800
G-Z36163	1800
G-Z36165	650
G-Z5856	3600
G-Y21161	3600
G-Y163251	1850
G-Y261562	1850
G-Y341674	1300
G-BY200149	1300
G-Y163241	750
G-FT152027	1100
G-FT154176	800
G-Z6028	3600
G-MF29868	3600
G-CTS11177	3600
G-Y216281	1900
G-BY159247	1600
G-Y216667	350
G-FGC228	1300
G-FGC263	950
G-FTA41412	850
G-FTA39016	850
G-FTA95845	425
G-FGC31715	900
G-FGC31708	700
G-Y223673	550
G-FGC31722	350
G-FGC12126	7900
G-FTA9786	4200
G-Y527183	275
G-Y7125	5100
G-L660	4300
G-Y7129	3700
G-L661	900
G-FGC12136	425
G-Y15853	450
G-Y165455	6200
G-Y36006	5700
G-Y165181	3000
G-FT232485	850
G-Z16671	2900
G-Z16670	850
G-Z40498	850
G-FT4888	550
G-Y210129	150
G-Z31206	550
G-BY73570	225
G-FT171145	550
G-FT167758	325
G-Z40499	500
G-FT414939	275
G-FTG58466	125
G-FGC46776	500
G-Y109581	200
G-Y165363	850
G-BY188883	550
G-FT378885	200
G-BY189518	50
G-Z16713	850
G-Z31209	450
G-FTA60549	600
G-FTA61637	50
G-Z44596	650
G-FT404136	350
G-Z44815	300
G-BY6398	275
G-FGC67660	650
G-FGC67663	250
G-A20424	50
G-BY194667	50
G-FT220844	250
G-FGC67667	125
G-Z31214	325
G-Z31212	325
G-FT176549	275
G-FT176713	50
G-Y217670	650
G-Y133224	500
G-FT287809	275
G-FTB38698	250
G-FT380474	200
G-FT381294	200
G-FT287707	150
G-FGC65745	550
G-FT381222	550
G-Y217183	425
G-BY179507	425
G-Y516695	550
G-FTG19101	50
G-MF32419	400
G-FT165350	350
G-Y201785	50
G-Y515260	350
G-BY192437	350
G-Y155291	325
G-Y505971	200
G-FT162129	200
G-Y232686	50
G-FT184651	275
G-FTC13528	50
G-FT357059	275
G-FT356529	200
G-FT383790	200
G-BY68383	200
G-Y164165	200
G-BY200250	0
G-FTB32019	50
G-FT61398	425
G-FT192405	350
G-FTF6878	200
G-Y128984	275
G-FTC73844	50
G-FTB32677	50
G-FTF74610	275
G-FT192934	200
G-FT193175	175
G-Y186126	50
G-Y176429	275
G-MF46613	175
G-FT61345	175
G-FGC959	10600
G-U1	10400
G-Y191458	425
G-FT210115	350
G-Z39806	7900
G-Y271490	6000
G-Y76097	3300
G-Y272043	2400
G-Y61734	1050
G-PH1776	1350
G-Y179676	425
G-BY75827	200
G-PH177	1150
G-Y202385	1150
G-PH4105	1050
G-FT311310	350
G-A2291	1050
G-PH456	1050
G-PH237	200
G-L13	4900
G-Y48945	2200
G-Z2022	4200
G-BY174425	4200
G-FT76821	3600
G-PF6860	4100
G-S20738	800
G-MF176072	3800
G-Y450240	2200
G-Y236130	3100
G-Y127354	1150
G-Y236139	500
G-Y83449	300
G-Z6759	4000
G-FTA27302	800
G-FTA29523	750
G-FTA28913	650
G-FTA29506	350
G-F2070	400
G-FGC995	3700
G-C137106	3600
G-FTA69648	3500
G-Y592344	125
G-Z2026	3700
G-Z2017	3700
G-Y65867	1900
G-Y359160	1900
G-Y422294	350
G-FT125813	3300
G-CTS12777	3300
G-Y60994	1200
G-Z30718	3200
G-FGC56980	2400
G-FGC56982	800
G-Z30721	700
G-FGC56986	275
G-Z6764	3700
G-Z38875	2200
G-Y77340	1300
G-Z42471	900
G-FGC1016	3700
G-Z39372	375
G-Y45819	375
G-FT27430	350
G-Y56307	50
G-S9751	3700
G-Y95849	900
G-Z29424	3700
G-Z30781	2000
G-FGC31400	3700
G-BY37082	1750
G-BY45246	550
G-Z30777	3500
G-FGC91138	550
G-FT165436	425
G-BY37086	3700
G-Z45564	3700
G-Y134554	700
G-Y300393	3700
G-FT96078	3600
G-FTG34311	3600
G-Y156310	475
G-Z39053	3700
G-FTB70954	3200
G-Y497045	1100
G-Y57335	3500
G-FTA17000	1300
G-Y54750	2600
G-Y257247	1250
G-FTB8379	275
G-FTA59647	50
G-L1263	2700
G-Y67197	2400
G-Z38846	1300
G-Z38856	1300
G-BY202564	1300
G-Y650293	350
G-FT164321	800
G-Y263214	800
G-Y218394	1300
G-FGC47975	850
G-Z38853	1300
G-Z39581	950
G-Y49496	50
G-A26938	50
G-L1266	7800
G-Y18370	6900
G-Z6922	5200
G-Y448723	50
G-FT42438	4200
G-Y206203	2300
G-Y18479	6100
G-Y258395	2500
G-Y258248	2500
G-FTF31006	1700
G-FTF28542	650
G-PH1780	4600
G-Y271842	4600
G-PH311	2400
G-FT420183	1800
G-Y18491	2300
G-FTA42429	2300
G-Y148889	1500
G-Y18376	2300
G-Y129649	375
G-FT320574	1250
G-FTH11727	700
G-FT21918	2300
G-FTA54787	2300
G-Y257138	400
G-FTC74687	2300
G-Y12277	4900
G-Y172463	3600
G-FT55759	2500
G-FT55798	1100
G-Y172587	1100
G-FTA56443	1400
G-Y261070	800
G-L1264	4400
G-FGC21495	3900
G-Y30992	3300
G-FT115171	2900
G-FTB12585	50
G-Z30715	2600
G-Z44150	1750
G-Y425809	550
G-FTG99307	350
G-Y110954	1600
G-Y267487	1200
G-Z44149	1600
G-Y93380	1300
G-Y98210	1300
G-Y91812	750
G-S9409	3800
G-Y677304	2300
G-FTC55326	1150
G-Y616831	2900
G-Y602466	1300
G-Y602462	800
G-Y142068	3800
G-FT69558	2300
G-BY54724	50
G-Y184961	275
G-FT361088	3300
G-A35690	1250
G-FGC29119	2500
G-MF24138	700
G-Y269897	1450
G-Y358518	1250
G-Y269754	300
G-Y640140	125
G-Y358517	950
G-MF20259	800
G-FTC37485	500
G-FTH426	425
G-BY168175	3800
G-Y255830	800
G-BY53833	3800
G-BY53677	2900
G-Y175460	2100
G-BY165872	650
G-FT282871	650
G-FT239205	3700
G-FT389102	2100
G-Y655213	200
G-FT404468	2100
G-Y286614	450
G-MF646437	450
G-Y655209	125
G-FT239194	3700
G-Z31275	1300
G-FT239488	1300
G-FT240721	1000
G-FTA56546	1100
G-FT364858	1100
G-FTB14583	1100
G-FTA56892	950
G-FTA92527	800
G-FTF64197	500
G-FTF83330	500
G-FTA92400	550
G-FTB42918	275
G-Y513104	3900
G-Y142023	3600
G-FTH9	3600
G-BY109806	3100
G-Y99391	1800
G-Y153479	1150
G-BY108805	1000
G-Y181377	2600
G-Y181188	500
G-Y142013	2900
G-Y193960	700
G-Y411136	2300
G-FT12949	900
G-FT416526	700
G-Z44222	3900
G-FT22309	2200
G-FTA35887	2100
G-FTA36818	850
G-FTC62321	50
G-Y92354	2700
G-FT191055	2700
G-Y141986	1500
G-FT282880	1250
G-Y141911	1400
G-Y152745	1400
G-Y141885	800
G-Y87806	3300
G-Y419367	2500
G-Y419364	800
G-Y86896	3100
G-Y103333	3100
G-Y331677	1200
G-Y419966	650
G-Y331628	200
G-Y93425	2400
G-Y628162	2400
G-Y243077	1150
G-Y27517	1900
G-Y618614	125
G-Y112447	1700
G-FT143564	1050
G-FT143629	1050
G-FT143612	425
G-FT13327	1300
G-FT12699	500
G-FT69519	800
G-FT218494	600
G-FT69517	425
G-FT69676	200
G-FT9681	3900
G-Y513568	2500
G-Y219946	1100
G-A30653	650
G-FTC74800	650
G-FTC75610	0
G-Y219854	375
G-Y219948	50
G-Z44239	3800
G-Y32924	3500
G-Y237358	2300
G-FTB4098	2300
G-Y312255	1800
G-Y32606	3500
G-Y173198	2300
G-FT49834	1550
G-FT51736	1250
G-A40799	1200
G-Y272123	1500
G-Y335799	700
G-Y272122	950
G-Y272120	950
G-FTA27477	1650
G-Y297691	1500
G-FTC84115	750
G-Y298381	1500
G-Z44226	2800
G-FT102628	2700
G-Z44224	500
G-BY22250	375
G-Y511169	500
G-Y525514	2800
G-Y655465	1750
G-FTF43306	1700
G-FTF42640	600
G-FT9612	2600
G-FT8464	2100
G-Y169199	50
G-Y293402	2400
G-Y643050	800
G-Y292541	1750
G-Y292916	1750
G-Y638206	1200
G-FT244119	1500
G-Y293937	1450
G-Y452914	550
G-Y525163	225
HIJK	48500
H	45600
H-P96	28900
H-Y19966	16600
H-Y28140	11300
H-Y351977	200
H-Z41291	10600
H-Y62117	500
H-BY4105	7500
H-Y277312	6300
H-Y277310	300
H-Y90124	8300
H-Z44611	1650
H-FTF58214	350
H-FT1696	16600
H-MF16381	11400
H-Y21618	16100
H-Y19962	11700
H-FTC500	10300
H-Z19072	11700
H-Y21592	11400
H-Y21612	6600
H-Y21654	6600
H-Y19956	6200
H-Y299923	6200
H-FT390833	5900
H-BY84221	5900
H-BY87974	5900
H-Y126851	500
H-FT25659	150
H-BY96943	5700
H-FTG37933	3900
H-Y20838	4000
H-Y20839	4000
H-FGC55054	3700
H-SK1177	2500
H-FT285415	2200
H-Y21609	3700
H-BY40831	225
H-FT198472	3700
H-FT198255	1250
H-Y21598	3100
H-BY16702	3100
H-M2826	43300
H-Z5857	28400
H-Z13871	23700
H-Y238498	6200
H-Y24083	21200
H-PH1063	3700
H-Y479578	3700
H-Y63198	2900
H-Z5859	18800
H-M6214	18500
H-Z13692	16700
H-Z13779	15400
H-M8081	15400
H-Z5866	20000
H-Z5864	20000
H-Z5861	0
H-Z5863	17000
H-Z12773	17000
H-Z5858	1500
H-Z5865	14500
H-FTB9196	8800
H-Y82746	6800
H-Y161510	3500
H-Y3007	13900
H-Z5862	13900
H-Z5860	13700
H-Z16780	7700
H-Y8914	7700
H-Y11258	7700
H-Y329274	7700
H-M69	38600
H-Z5867	34700
H-Z13966	20900
H-Y25630	7400
H-Y25635	350
H-Z13973	16700
H-P80	8000
H-FT447509	7900
H-Y249401	1500
H-Y25552	7500
H-Y250926	7500
H-Y250702	2500
H-Y251170	2400
H-Y292510	800
H-Y25516	425
H-Z14012	15500
H-Y254001	15500
H-Y253907	2200
H-FTB9202	12800
H-Z13969	12800
H-C116648	12800
H-Y373420	7400
H-Y373440	1400
H-Y2579	30500
H-Z14258	29900
H-B368	26500
H-Z14308	29900
H-Z5868	29900
H-Y351470	6400
H-Y28172	27400
H-Z34492	20700
H-FT15572	8600
H-Y658454	2800
H-Y658460	50
H-Y28155	7500
H-Y60508	5800
H-Z34843	6200
H-Y166956	5500
H-Y168231	2900
H-Y62403	27400
H-Y147504	20400
H-Y147517	3600
H-Y327525	3300
H-Y327565	3300
H-Y147537	425
H-Y61050	3900
H-Y217912	800
H-Y68923	2100
H-Y62745	700
H-M52	15900
H-Z4469	15100
H-Z4487	11700
H-Z40935	4000
H-Z34873	1550
H-Z4417	8900
H-Y258224	8200
H-Y362742	1350
H-Y258217	5300
H-FGC92851	7600
H-Y47409	7500
H-Y46177	1500
H-Y45381	150
H-Y46896	50
H-Z4414	3500
H-Z4450	2500
H-Y129324	2500
H-FT58832	2200
H-Y314834	1350
H-BY75847	1350
H-Y285169	0
H-FT281847	1950
H-Y457483	1950
H-FT280474	1200
H-FT324046	1950
H-Z4425	1950
H-Z14686	1650
H-Z14690	1650
H-M82	15200
H-Z5870	15000
H-L683	4700
H-FT310941	4000
H-Y24105	4100
H-Y23677	50
H-M197	8800
H-Y20437	7600
H-Y62686	4100
H-Y81996	4600
H-Y105687	4600
H-Y339588	50
H-M36	4400
H-Y197055	800
H-FT262500	650
H-FTA93445	650
H-M2914	15200
H-Z5871	5800
H-Y147163	600
H-BY55719	400
H-Y147165	125
H-Y25775	4300
H-Z14604	4300
H-Y28192	3000
H-Y28195	3600
H-BY151042	3000
H-Z34630	2000
H-BY67462	2000
H-FTF20334	0
H-FT202130	1250
H-MF26086	650
H-FT419932	2600
H-FT419770	2300
H-Z4361	14300
H-Y516309	7100
H-Z5873	6100
H-FT325242	6100
H-FT319338	6100
H-Y81221	2300
H-Y25776	5000
H-Y640529	3600
H-Y201933	4700
H-SK1223	650
H-Y201928	200
H-SK1225	7100
H-Z5875	5500
H-FT304382	5500
H-Y253839	2500
H-Y302163	4300
H-Y639601	800
H-Z5876	2800
H-Z14452	2800
H-Y272431	2400
H-Z5877	3500
H-Z5878	5500
H-Z34667	3400
H-Z5879	5500
H-M3038	5500
H-FT321591	5500
H-Y91087	5500
H-Y82480	2300
H-Z34693	1550
H-BY99003	950
H-Z5881	5300
H-Y571121	1200
H-Z5882	5000
H-FGC54719	5000
H-Y112047	4000
H-Y372131	3800
H-Z5883	3400
H-Z5884	2200
H-Z34721	1700
H-PH4549	4900
H-Y376399	650
H-Y597151	650
H-Y267215	4200
H-Y155269	700
H-Y155256	200
H-PH124	1550
H-BY47158	1400
H-FT39510	1150
H-Y658354	175
H-PH2261	1200
H-Y352654	1200
H-PH2223	1100
H-Y335568	1100
H-Y335482	700
H-Y335571	350
H-Z5885	7100
H-Z4490	7100
H-FT167357	2900
H-Y291749	1950
H-C124020	1950
H-Z12600	6400
H-Z4489	6400
H-FGC90188	6200
H-Y448864	3100
H-Z4523	3000
H-Z4538	3000
H-Z4542	0
H-FT282446	7100
H-FTA59523	6600
H-Y245445	4000
H-FTC94144	4000
H-FT296535	4800
H-Y217828	2400
H-FT313923	7100
H-Y580141	1450
H-FT281637	7000
H-FT312471	7100
H-FT328400	4100
H-Z4695	5800
H-Y246654	3000
H-Z4507	5800
H-Y29675	950
H-Z12547	4900
H-Z12537	3800
H-Z12560	3500
H-Z12561	3500
H-Z5888	5800
H-Y289193	4800
H-Y291760	1350
H-Z5889	5200
H-Y33670	4100
H-Y33651	1600
H-Y33652	175
H-Y28205	4500
H-Y142057	4400
H-Y28212	4400
H-Y28202	0
H-Y306241	500
H-FTB63053	50
H-Z12531	5200
H-Z12533	4700
H-Z5890	4700
H-Y262918	4300
H-FT345825	3700
H-Z34522	4700
H-FT310936	4600
H-Z5891	4500
H-Y319224	800
H-Y559456	350
H-FT312222	4500
H-M6344	4500
H-Y17916	450
H-Y28214	4000
H-FTA57242	2300
H-FTA59083	2200
IJK	47200
IJ	42900
I	27500
I1	4600
I-L121	4600
I-CTS12768	100
I-Z17954	4600
I-Y19092	3300
I-Y19086	375
I-Y21293	2700
I-Y349255	325
I-FGC47136	4600
I-A9606	3700
I-A9632	3400
I-A23717	50
I-Y64213	550
I-Z17943	4100
I-Y33791	2200
I-A9642	2100
I-A16769	2100
I-A9655	1400
I-Y447509	50
I-S2315	4100
I-BY77802	550
I-FTG32861	50
I-Z17928	4100
I-A9687	3200
I-A9673	1650
I-Y233039	350
I-Y21995	2600
I-Y154876	2600
I-A22343	0
I-A9726	2200
I-A9743	1800
I-A9737	1500
I-A9945	1400
I-Y533380	950
I-Z17928a	4100
I-Y19076	3000
I-Y53530	1800
I-Y49344	500
I-A9222	1900
I-FT410543	1900
I-S2320	4100
I-S2308	3700
I-A8087	1900
I-A8090	1850
I-A18294	550
I-A18297	225
I-FT98116	850
I-S2316	1200
I-A8096	3200
I-BY63754	1450
I-Y98766	2800
I-Y277298	50
I-A23572	2800
I-Y418075	550
I-K541	4600
I-Y291706	3400
I-Y291878	2400
I-Z131	4200
I-S4663	1800
I-A13821	4000
I-PH2706	1050
I-Y172395	700
I-FT7306	4000
I-A9178	3900
I-A11062	1450
I-Y52571	2600
I-A9159	1400
I-A9804	3200
I-A9803	3200
I-Y59924	650
I-BY62428	1800
I-FT397792	475
I-FT397908	125
I-CTS6397	4000
I-Y9414	3800
I-Y403249	2100
I-Y8940	3500
I-Y9411	3000
I-Y2698	1500
I-A8162	1450
I-A9983	1450
I-Y333132	1200
I-Y33718	400
I-A16402	325
I-A16405	150
I-Y156110	375
I-A9978	300
I-FT28917	200
I-Y161393	150
I-DF29	4600
I-FTB21048	1500
I-FTB22815	500
I-PH790	4200
I-PH2510	2400
I-Y83325	250
I-Y133595	1550
I-A5741	3600
I-Y327828	1200
I-Y327863	350
I-A13424	1000
I-A5697	3000
I-FT45036	1450
I-FT45093	650
I-Y212655	1100
I-A5734	2800
I-A5699	2400
I-A5693	350
I-Y372567	275
I-A5718	1700
I-A5723	1300
I-Z2893	4500
I-Y11204	3700
I-Y164553	225
I-Y11205	1650
I-A14411	1050
I-A14405	350
I-A14416	350
I-Y103941	800
I-FT32984	800
I-FT34938	200
I-Y108926	175
I-Y24471	1400
I-A14427	850
I-A14428	750
I-Y24472	550
I-Y24470	425
I-FGC15556	3700
I-A14589	3700
I-A14586	3000
I-Y337787	200
I-FT14531	3600
I-FGC15549	2600
I-FGC69149	2600
I-FGC15561	2100
I-FT215813	1800
I-Y223410	1450
I-Y223404	500
I-FGC15539	2100
I-FGC15537	1000
I-A16928	50
I-Y276516	50
I-FGC15547	250
I-FGC15559	50
I-Y14628	3500
I-Y18389	2000
I-Y18390	1350
I-FGC68624	1250
I-Y18803	325
I-Y16449	3500
I-Y16530	3100
I-A13397	2100
I-Y323357	1550
I-Y323136	1550
I-Y43160	1650
I-Y178337	200
I-Y45099	2100
I-BY72774	3500
I-BY127314	3500
I-BY80695	3100
I-Y69551	3100
I-Y62253	1800
I-Y63732	600
I-Y18697	4100
I-Y7282	1500
I-Y7920	1500
I-Y7924	1500
I-Y39903	1100
I-Y10699	150
I-Y82109	3600
I-Y599528	50
I-S9297	3200
I-Y415554	3000
I-Y84379	2500
I-Y262222	1850
I-Y274152	1500
I-Y273929	1500
I-Y88116	1700
I-A1066	1700
I-FTE42575	550
I-Y290679	1700
I-FT54856	1700
I-Y291675	50
I-A17212	3500
I-Y175063	350
I-A17209	3200
I-A17214	2200
I-FT8322	1650
I-Y618333	1500
I-A17207	1450
I-Y10633	3700
I-Y10635	2500
I-Y46501	1050
I-A11278	950
I-A11287	300
I-Y18311	1150
I-Y49719	1150
I-A5635	1950
I-CTS9889	1300
I-A5646	50
I-A16109	550
I-Y95334	450
I-A10097	1900
I-A23553	200
I-BY198370	50
I-A10903	50
I-A10910	550
I-FT63937	1900
I-A10081	1500
I-Y36037	1200
I-A14574	650
I-Z63	4400
I-Y11539	200
I-Y13952	500
I-FT114111	4400
I-Y44939	3400
I-Y53373	3100
I-Y158779	1350
I-BY151	4400
I-FTB55557	4400
I-BY62	4300
I-BY120817	2700
I-BY111511	800
I-BY206780	500
I-Y8331	3400
I-Y38633	1450
I-Y39406	300
I-S11545	2600
I-FT30287	1650
I-FT173575	650
I-Y220055	650
I-Y19648	2200
I-Y19879	1000
I-FTB60361	1000
I-Y19883	700
I-Y19877	450
I-Y30050	50
I-Y36102	100
I-BY351	3400
I-CTS4279	2400
I-FT90531	2800
I-CTS10345	2600
I-Y32327	2300
I-FT239262	1350
I-FT428377	1100
I-Y31030	1700
I-Y31029	1200
I-BY3406	2500
I-Y368014	500
I-Y10995	2400
I-Y10994	2300
I-BY34499	1850
I-Y262449	1500
I-Y251894	1500
I-Y41873	1150
I-Y41260	425
I-Y43589	125
I-Y20846	2300
I-Y351628	850
I-Y282620	850
I-Y104695	700
I-Y21381	2300
I-FTB45616	50
I-Y21370	1050
I-Y21372	700
I-Y67287	125
I-Y7075	3400
I-Y7061	3200
I-Y7062	2800
I-Y7059	700
I-Y7067	600
I-Y7065	250
I-Y19675	150
I-Y13946	2200
I-Y14110	2200
I-Y14111	1900
I-Y85439	1900
I-Y98381	1800
I-Y67429	1200
I-Y71181	700
I-Y68865	950
I-Y200519	200
I-Y285	150
I-Y53660	1800
I-Y51867	1650
I-Y155080	1400
I-FT241689	1400
I-FT428459	950
I-Y520664	750
I-FGC81364	4400
I-Y15565	4300
I-Y128228	1100
I-Y128664	500
I-Y132620	450
I-Y15566	1800
I-Y17384	750
I-Y17387	850
I-FGC67513	850
I-Y504668	850
I-Y79155	225
I-BY34489	650
I-FT15098	600
I-Y71051	450
I-Y80133	650
I-Z13435	425
I-Y43930	325
I-S2078	4100
I-Y46992	1250
I-FTC83735	225
I-S2077	4100
I-FT115266	950
I-FTA49337	4100
I-FT401330	50
I-BY34473	50
I-Y323643	1400
I-Y24460	2300
I-Y24458	1200
I-Y24750	600
I-MF603955	3800
I-Y61868	425
I-Y16440	2500
I-Y292625	2500
I-Y292529	950
I-Y16435	2000
I-Y16437	1550
I-Y16434	1300
I-Y55824	550
I-Y60985	650
I-Y171836	650
I-BY207773	650
I-BY105294	600
I-BY58510	600
I-MF24581	300
I-BY130489	50
I-Y157596	125
I-Y59728	3200
I-Y182637	2900
I-L392	1450
I-Y182681	950
I-FT153692	650
I-FT6706	2900
I-BY141827	2300
I-BY138387	1450
I-Y133845	2900
I-Y133898	2900
I-Y50056	2900
I-Y133856	400
I-Y140041	350
I-S14335	3400
I-FGC31735	1550
I-Y156754	300
I-Y156778	50
I-FGC31738	1550
I-Y175849	1350
I-Z27057	500
I-FT76383	750
I-FT266831	200
I-S2097	3400
I-BY13514	2000
I-S15525	1500
I-BY143413	800
I-FGC29230	3000
I-FGC29244	2800
I-BY13517	1200
I-Y81689	375
I-Y18660	3000
I-Y20291	3000
I-Y20290	3000
I-BY3397	1850
I-BY13528	600
I-BY13531	550
I-BY13534	225
I-Y183720	2700
I-BY180270	350
I-Y489205	4100
I-Y75310	2400
I-Y45752	2200
I-Y54319	1250
I-BY154920	400
I-Y6375	2200
I-A8242	1950
I-Y13945	1900
I-Y85327	1850
I-Y85320	1500
I-Y106090	500
I-Y20860	1750
I-A377	300
I-Y63296	1100
I-Y508530	3900
I-Y2245	3800
I-Y132471	850
I-Y428138	50
I-Y45113	1050
I-Y45233	200
I-Y224059	700
I-Y224226	500
I-Y7234	1700
I-Y136489	1050
I-Y7666	1600
I-FT100991	200
I-Y7663	150
I-FGC14477	150
I-Y3968	3800
I-S10360	3700
I-Y158806	225
I-L1242	3500
I-PH833	2500
I-L1244	1800
I-PH661	1650
I-S19914	3500
I-Y129144	3100
I-Y547214	1950
I-Y128310	325
I-Y129289	50
I-Y90639	3000
I-Y95126	2100
I-FT18861	2900
I-FT18362	2000
I-FT22441	1250
I-Y3979	3500
I-Y3970	2300
I-C109854	1200
I-Y3969	2100
I-BY15934	450
I-Y14344	375
I-Y6228	3000
I-S11991	3000
I-S10420	1350
I-Y61727	1800
I-Y351253	1800
I-Y42065	2600
I-Y163930	750
I-Y39738	2600
I-Y250574	50
I-Y6229	3000
I-Y255137	2400
I-Y32247	2400
I-Y287606	2400
I-Y31135	950
I-Y110057	375
I-Y41563	650
I-Y7626	3000
I-FT424155	2200
I-FT424146	2100
I-FT423935	1150
I-Y37939	2600
I-FT138654	1850
I-Y109143	800
I-BY125787	500
I-Y89083	650
I-Y104808	450
I-Y467142	225
I-FT104588	2600
I-Y203552	1400
I-A16216	2400
I-BY34506	2400
I-A16212	1700
I-Y154123	225
I-Y546196	3000
I-Y190429	3000
I-BY96435	2400
I-Y532252	2400
I-Y157234	850
I-FTG66645	425
I-FTG66225	425
I-Y7627	2900
I-Y368464	700
I-FT213990	350
I-FT216162	350
I-BY34510	2900
I-Y33778	2100
I-FT110841	1650
I-FTB36954	700
I-FT111991	1100
I-L1237	3000
I-Y43820	1600
I-Y99000	2100
I-BY180884	2700
I-BY206998	1950
I-BY208945	150
I-BY583	2700
I-Y62653	1250
I-FT31467	800
I-Y60485	1150
I-Y67228	900
I-Y6634	3000
I-FT29341	2300
I-Y284658	1300
I-FTB57897	1300
I-FTD8357	1300
I-MF209579	700
I-FGC9549	2700
I-Y33063	1100
I-Y33065	50
I-FT165786	2200
I-Y596776	2200
I-FTA28840	1250
I-Y188819	350
I-A11537	2700
I-BY77027	2700
I-Y261439	1950
I-Y74586	1300
I-Y423957	275
I-BY3386	2300
I-FTB99667	2300
I-Y110682	1800
I-Y366825	1800
I-Y415255	1800
I-BY40076	1150
I-Y23123	2000
I-Y23119	900
I-Y23122	275
I-Y24002	1650
I-Y23686	325
I-FGC92782	50
I-Y6613	2500
I-Y6615	750
I-Y6612	500
I-Y16531	275
I-BY116274	450
I-Y12705	475
I-Y29662	375
I-Y16260	150
I-Y264365	50
I-Y16811	450
I-Y18322	225
I-Y6624	275
I-Y6622	150
I-Y14194	275
I-Y2592	4200
I-Y11252	3500
I-Y11251	2500
I-Y11248	2500
I-FGC31803	2500
I-Y216671	2000
I-Y216838	200
I-Y217196	50
I-Y18387	350
I-FGC31812	50
I-FGC53476	2100
I-A11298	2100
I-A11291	50
I-FGC24034	1700
I-FT335049	500
I-FGC53486	1550
I-FGC24024	1550
I-Y288488	650
I-Y159492	450
I-Y159475	50
I-FGC24008	600
I-FGC33755	275
I-FGC24015	150
I-Z2336	4100
I-Y3866	4100
I-Y164166	500
I-A394	2900
I-Y21950	1650
I-A396	250
I-BY34673	125
I-FT88916	3200
I-Y11221	2900
I-Y186709	2000
I-Y65803	1300
I-Y11887	2500
I-Y31056	950
I-Y15019	1650
I-BY59680	800
I-Y15020	1650
I-Y15502	1550
I-Y19346	1350
I-Y19080	225
I-A8581	1550
I-A8585	1100
I-Y19081	400
I-A5338	3400
I-BY19609	3200
I-Y46305	2200
I-A5339	3300
I-L1275	1700
I-Y132652	150
I-Y131844	1650
I-Y131837	250
I-Y144461	125
I-Y17391	2400
I-FT231457	1750
I-FT231013	1300
I-FT231749	550
I-Y17606	1600
I-Y17611	1600
I-FT103607	1450
I-FT418982	1100
I-FT417281	950
I-FGC35955.1	1300
I-FT384461	800
I-Y45978	1300
I-Y69772	950
I-Y17610	1600
I-Y24625	1500
I-Y79817	850
I-Y20855	1500
I-BY19624	1250
I-A14598	550
I-Y31088	500
I-Y17397	1400
I-Y19662	1300
I-Y22009	950
I-Y66500	450
I-Y22010	500
I-Y128020	150
I-Y22014	450
I-Y17392	1200
I-Y61419	225
I-Y17395	600
I-FT121441	50
I-Y55094	200
I-Y54494	425
I-FT230485	125
I-Y57835	400
I-S4767	4100
I-S10778	1700
I-Y250879	350
I-Y110319	1700
I-Y175710	950
I-Y81426	1350
I-Y485199	1350
I-Y90185	50
I-Y105766	3300
I-FT132072	2500
I-BY190045	1900
I-Y82226	600
I-Y98123	600
I-FTG61552	50
I-Y106240	300
I-Y101851	300
I-Y4781	4100
I-S4770	3700
I-Y13011	3100
I-Y13015	2900
I-FT55598	2900
I-Y51143	50
I-Y29634	950
I-Y74281	550
I-A13289	900
I-Y13012	1900
I-Y16044	1900
I-Y15947	1650
I-Y49995	900
I-FT96402	350
I-FT145465	50
I-M227	3100
I-Y44207	2100
I-Y7213	2800
I-FTA51561	400
I-Y7925	2800
I-Y33773	600
I-Y22923	2700
I-FTA7171	1900
I-Y68392	1850
I-Y89953	1250
I-Y98720	375
I-FT790	3100
I-Y96779	1200
I-Y19809	3000
I-Y327909	1950
I-BY31318	2800
I-Y19653	2100
I-Y37110	1450
I-Y60414	1550
I-FT174273	950
I-A11380	2900
I-Y93578	2500
I-Y109882	2100
I-FT163125	2700
I-FTB68603	2700
I-Y347999	2700
I-Y38588	1300
I-BY169301	1650
I-Y263675	350
I-Y331655	1150
I-BY170823	1650
I-FT256626	1650
I-FT257230	1650
I-FTA72074	1650
I-Y304548	1350
I-Y220153	700
I-Y360873	125
I-S7642	3300
I-Y21671	2500
I-Y46260	1950
I-FT236443	3300
I-FGC23267	3300
I-FT265486	2600
I-Y6340	3100
I-F15532	1650
I-FTB71820	800
I-Y6351	3000
I-S7649	1100
I-BY34714	700
I-Y504620	700
I-Y547085	700
I-BY34712	50
I-Y6343	1650
I-Y15543	1500
I-Y221081	1450
I-A17799	1200
I-Y162501	50
I-Y36096	500
I-Y45863	500
I-Y16809	1250
I-FT404920	700
I-FT455539	50
I-Y127254	1250
I-BY82754	500
I-Y172990	200
I-Y18103	1650
I-FT67945	1200
I-A17246	1650
I-Y183572	1400
I-FT170533	1250
I-A26505	600
I-A17238	1650
I-A17236	600
I-Y128044	200
I-Y126374	1150
I-FT155455	1100
I-Y511253	850
I-Y113434	700
I-Y95365	600
I-Y52957	1050
I-Y54441	550
I-FT16448	3200
I-Y17933	2600
I-Y17937	2600
I-Y141840	1150
I-S11236	2200
I-FT114623	2200
I-Y50744	2200
I-FT236809	1850
I-S19291	1850
I-A14448	1650
I-FTA63452	500
I-A14454	650
I-Y33694	550
I-Y6339	3100
I-Y100754	1850
I-Y43574	1350
I-Y22497	2900
I-Y29646	600
I-BY171123	500
I-Y85053	425
I-Y75196	550
I-Y79324	425
I-Y68475	425
I-Y22029	1850
I-Y22503	1000
I-Y22500	500
I-Y66210	700
I-FT341609	375
I-A13454	50
I-Y11264	2700
I-Y61670	1700
I-FTC15318	450
I-Y62028	375
I-Y11267	2700
I-Y32634	1050
I-A20924	2300
I-Y68508	50
I-Y12045	2700
I-Y31059	2000
I-Y83521	225
I-Y63571	2000
I-Y143544	1300
I-Y351311	350
I-Y21999	2000
I-Y61826	750
I-Y59086	2000
I-Y47423	2000
I-Y174602	950
I-Z2337	4100
I-A8182	3600
I-Y18770	2000
I-BY35220	1650
I-Y311037	1200
I-Y38600	1200
I-Y520973	50
I-Y83082	1600
I-Y101058	50
I-S6346	3800
I-Y17255	1050
I-Y17260	1050
I-Y249442	650
I-JN37	700
I-FT166203	900
I-BY129852	700
I-Y107342	500
I-Y192679	125
I-BY161516	500
I-FT238321	500
I-Y13056	3400
I-Y20848	1650
I-FT425076	250
I-FT425607	125
I-Y21501	1650
I-Y20853	1300
I-Y20850	300
I-FGC10445	2900
I-Y19053	1200
I-BY155338	1150
I-FGC41719	900
I-FGC41720	900
I-FTB54089	900
I-Y407981	900
I-FGC41734	700
I-FGC10470	2200
I-Y23356	2200
I-Y61058	1300
I-Y48920	1750
I-FT216646	1600
I-Y58257	1600
I-FTA95336	700
I-FGC10448	450
I-Y68427	425
I-Y89699	125
I-FGC10444	100
I-FTA37591	50
I-FTA37590	350
I-FT402875	350
I-Y237244	50
I-L22	3800
I-Y151292	3000
I-BY118268	3000
I-BY146511	2800
I-FTA7936	1250
I-FTA6530	1250
I-Y24054	3700
I-FT75861	2900
I-Y23687	2500
I-BY92229	200
I-Y610749	50
I-Y196633	50
I-FGC54080	2300
I-Y93027	850
I-Y23693	1050
I-FGC54042	1050
I-FGC54081	950
I-FGC54067	200
I-FGC68334	1050
I-Y23691	350
I-Y24047	50
I-Y483827	3600
I-FGC83305	3600
I-PH497	2800
I-FT9649	2800
I-Y357038	1200
I-Y473065	800
I-BY78813	1450
I-FGC28767	3200
I-FTC60207	1400
I-FGC28789	3200
I-Y139735	475
I-Y46264	1900
I-Y47555	1800
I-FGC41265	3300
I-Y21091	3200
I-Y24789	2700
I-MF32861	800
I-Y24793	2400
I-FGC73841	2400
I-BY189448	1300
I-FT32146	1250
I-Y48588	1250
I-A14466	1150
I-A14462	800
I-Y68051	450
I-PH5383	2700
I-Y268920	2700
I-Y268886	650
I-PH1871	2600
I-BY124322	2600
I-BY69981	1450
I-FT4343	2500
I-Y39266	1500
I-Y132571	2000
I-Y135062	375
I-Y268518	2500
I-Y20843	2500
I-Y82425	1100
I-Y132292	1000
I-Y83294	225
I-Y132301	600
I-Y30053	2500
I-Y108086	1800
I-BY86512	2500
I-Y195218	2300
I-FT259982	1600
I-FT50004	3300
I-BY122518	3200
I-Y275597	650
I-CTS11603	3300
I-FT40464	3300
I-Y14328	2600
I-Y292191	2600
I-Y671651	1500
I-FT66556	2600
I-Y61617	1400
I-Y54271	800
I-Y340014	800
I-Y143885	2400
I-S23035	1550
I-Y135706	1000
I-Y24485	375
I-Y65295	200
I-Y5473	3300
I-Y15036	1700
I-Y53534	600
I-FT258059	3300
I-BY185266	3100
I-Y275352	50
I-BY152929	1450
I-FT352689	425
I-FTB1052	425
I-FT86153	3300
I-Y82942	950
I-Y22024	2400
I-Y22028	2200
I-Y23147	1200
I-Y19934	3000
I-Y19932	3000
I-BY120623	1850
I-Y61255	700
I-FTC68473	50
I-M8151	2600
I-BY189222	550
I-FT191896	550
I-FGCLR1056	275
I-Y313617	50
I-Y22015	1250
I-Y22394	500
I-Y78659	900
I-BY83017	750
I-Y651720	425
I-L300	2600
I-Y31032	1050
I-Y32104	225
I-Y22918	2400
I-Y21972	1150
I-BY108914	350
I-FTA17928	350
I-Y24013	2400
I-Y24015	2200
I-Y31095	550
I-Y63304	700
I-FTE13068	50
I-FGC52007	1950
I-Y142629	400
I-FGC52003	400
I-FGC52012	275
I-FGC52006	100
I-Y3603	3100
I-Y19413	3100
I-FGC67216	1200
I-FGC67224	350
I-Y47411	1100
I-Y58309	2100
I-Y10640	1600
I-Y11570	600
I-Y11558	600
I-Y10645	150
I-S9318	2800
I-S21930	2800
I-Y555586	2700
I-Y335832	50
I-Y556841	200
I-Y100876	1850
I-Y82862	900
I-Y47675	2700
I-Y45941	1950
I-Y376827	1200
I-Y45676	1800
I-Y267822	1000
I-Y267821	450
I-FTG46746	350
I-Y267840	350
I-Y277040	350
I-Y627359	350
I-Y17218	2600
I-FT72261	2600
I-FT371762	1500
I-Y174309	1350
I-FTB66313	325
I-FTB67541	325
I-Y37109	2300
I-Y16808	2200
I-Y31081	1400
I-Y31084	1400
I-Y31080	1150
I-Y37113	300
I-Y51589	1700
I-Y45627	1650
I-Y306316	850
I-Y47022	1150
I-BY102685	450
I-FTB11566	400
I-FTF26180	125
I-BY7003	350
I-FT309693	250
I-Y503360	175
I-FTF1657	50
I-Y3605	2800
I-Y3601	2100
I-Y10639	1900
I-Y47647	1200
I-FT256403	200
I-Y54100	1900
I-FT119627	1750
I-Y15030	2500
I-Y15295	2000
I-FGC35750	1100
I-FGC35746	1100
I-FGC68800	750
I-FGC68814	600
I-Y15031	550
I-FT93423	275
I-Y158700	125
I-Y93728	250
I-Y99530	200
I-Y21524	275
I-Y182422	550
I-Y48399	125
I-Y29640	550
I-FT88110	200
I-Y92502	550
I-Y23708	225
I-FT163817	200
I-FT17180	200
I-Y3549	3800
I-Y553152	1800
I-Y47161	1850
I-Y12991	3200
I-Y109160	2100
I-Y91666	1800
I-Y91789	850
I-BY158271	1800
I-CTS5350	3100
I-FT34872	3000
I-Y189906	2700
I-Y39455	1150
I-Y274200	350
I-Y60620	225
I-BY86287	200
I-Y22486	3100
I-BY167323	1850
I-Y21959	325
I-BY65672	1300
I-FT133591	950
I-FT215297	350
I-Y485709	3800
I-L205	1700
I-A10200	1200
I-BY193453	650
I-FT121995	1700
I-A1465	1400
I-Y450233	700
I-Y90758	100
I-Y11821	1350
I-Y15023	1200
I-A5573	600
I-Y15022	425
I-S25633	3500
I-Y136069	650
I-Y136078	225
I-P109	3400
I-Y3664	3200
I-FGC31049	2600
I-Y62708	2100
I-Y60204	225
I-FGC21577	2800
I-Y107531	1350
I-FGC21584	1350
I-FGC21583	350
I-FGC21612	2700
I-FTB37416	2000
I-BY19996	2700
I-BY20000	950
I-BY19995	500
I-Y106113	150
I-MF22925	2400
I-Y9463	900
I-FT177756	900
I-FT177137	900
I-FT82128	275
I-FT175655	200
I-S10891	3400
I-FGC21705	2500
I-FGC21720	2100
I-Y135037	1450
I-BY35249	1200
I-BY18297	350
I-Y154255	2000
I-Y30882	1300
I-Y24453	1850
I-Y136342	850
I-FTB12896	200
I-Y24567	1250
I-S10200	3200
I-Y21975	2600
I-BY236196	2600
I-BY65748	750
I-BY114139	650
I-Y448785	750
I-Y449818	375
I-Y22998	2300
I-FT107923	650
I-Y21973	1250
I-Y65184	225
I-Y5842	2900
I-Y5834	2000
I-FGC21695	1150
I-BY35255	2000
I-Y18385	2000
I-Y19790	1650
I-Y19790a	1150
I-Y65808	500
I-Y19663	600
I-FGC21682	1300
I-BY35251	1150
I-Y20205	1100
I-Y20203	375
I-FGC21683	275
I-Y19654	275
I-Y432546	225
I-Y13930	3400
I-Y86565	50
I-FT27217	2800
I-FGC21792	2300
I-Y30507	2000
I-CTS8407	1850
I-FTA86559	2000
I-FTA73226	1750
I-FTB74764	1600
I-FGC21780	2200
I-FT172014	2200
I-Z12455	750
I-Y111458	2800
I-BY35235	2800
I-BY35232	1950
I-FT155884	2800
I-Y150411	1800
I-Y320283	1800
I-Y85930	2000
I-Y14227	2300
I-Y155445	1700
I-Y155525	1200
I-Y414336	650
I-Y14225	650
I-BY160105	125
I-BY70495	50
I-FGC21763	275
I-Y33711	800
I-Y54565	425
I-FGC21749	375
I-FGC16695	3400
I-Y14999	2300
I-FT26559	1050
I-FT192643	550
I-FT220021	800
I-FT24472	750
I-Y182227	600
I-FT150327	2300
I-FGC21819	2300
I-FGC21810	1750
I-Y47431	2300
I-Y37108	1750
I-Y87056	750
I-FTB22422	275
I-Y98280	1400
I-Y82306	550
I-FGC16678	3000
I-Y266837	650
I-FT224751	500
I-BY19760	3000
I-Y82674	1800
I-Y18633	275
I-BY19757	2600
I-Y64654	350
I-BY19756	2600
I-FGC67189	150
I-Y96219	1450
I-Y81341	250
I-FT69400	250
I-Y5621	2900
I-S23679	2600
I-FGC33239	1650
I-L1438	2500
I-Y5612	2200
I-Y5619	1500
I-Y15574	225
I-Y15572	225
I-Y6374	2200
I-Y280957	1300
I-Y426258	50
I-Y146279	2100
I-FTD27798	1800
I-Y456500	1800
I-FT24723	1500
I-Y67651	375
I-Y28231	1350
I-Y52627	1350
I-Y45510	125
I-Y3662	2800
I-BY119143	1300
I-Y250575	650
I-Y4045	2500
I-Y4061	2500
I-Y4043	1650
I-Y4044	550
I-FT191165	200
I-Y5487	500
I-FGC21838	50
I-S14887	2700
I-Y11203	2700
I-Y29628	1950
I-Y31110	1200
I-Y31119	1200
I-FT115021	2600
I-PF1821	2400
I-Y443146	1350
I-Y29630	1400
I-Y29631	500
I-Y51184	150
I-FGC22046	2300
I-FGC22045	1200
I-Y388538	1100
I-FGC22052	950
I-FGC22061	900
I-FT243910	425
I-PH3895	200
I-Y199088	650
I-Y432717	350
I-FT408946	800
I-Y237563	800
I-Y264438	650
I-FT36856	450
I-FTA28824	200
I-Y306716	350
I-FT263327	200
I-FGC22054	900
I-FGC22051	125
I-Y58427	900
I-Y54671	600
I-Y607460	800
I-Y4115	2500
I-FGC21918	1800
I-BY16793	225
I-Y64906	850
I-FGC65909	50
I-Y146770	600
I-Y4114	1800
I-Y7258	850
I-FGC21868	650
I-Y88989	475
I-Y31122	650
I-Y31125	550
I-Y31125a	450
I-Y87475	375
I-Y32317	550
I-Y106972	175
I-FGC22096	450
I-BY1265	175
I-FGC22097	150
I-FGC70880	2200
I-Y279014	2100
I-Y277647	1650
I-FGC21907	1700
I-Y132166	1350
I-C152327	1350
I-Y353312	200
I-Y132154	1150
I-FGC70895	1750
I-FGC21940	1200
I-Y91673	225
I-FGC21955	75
I-Y145038	450
I-FGC70902	1650
I-FGC70883	200
I-FT32112	1650
I-FT151924	1550
I-FT154555	50
I-Y32357	2200
I-BY41351	1850
I-BY35314	2200
I-BY35304	2200
I-BY35305	400
I-Y31123	1100
I-Y86352	50
I-BY17941	1050
I-FT226362	1050
I-Y36126	300
I-S14887a	2400
I-Y22812	50
I-FGC69943	2400
I-Y619663	2400
I-Y48815	2100
I-Y130536	2100
I-Y130599	1500
I-Y20844	2400
I-FGC21999	1000
I-FT50042	2400
I-FGC22034	2100
I-FGC22035	1800
I-Y84534	200
I-Y106705	2000
I-Y36107	2200
I-Y184900	1350
I-Y4735	1650
I-Y4737	1650
I-Y4734	1650
I-FGC69948	1200
I-Y141052	375
I-FGC69938	1200
I-Y262369	800
I-FGC21970	1200
I-Y20054	150
I-FT28873	50
I-Y4739	800
I-Y13944	800
I-Y4740	650
I-FGC21965	650
I-S8175	1900
I-Y33695	650
I-FGC65639	150
I-BY37406	1350
I-Y145059	350
I-BY59850	350
I-FT3562	1900
I-Y87285	700
I-Y103013	950
I-FT3923	1900
I-Y64355	700
I-Y238125	50
I-Y81757	900
I-FT5747	275
I-Y3663	2400
I-BY111027	2300
I-Y310591	650
I-Y7655	1900
I-Y370715	1500
I-Y110626	1150
I-Y105752	1250
I-FT237844	1200
I-BY35319	375
I-Y151074	1150
I-L1437	50
I-FGC23758	1900
I-Y42686	550
I-Y70431	650
I-Y250122	650
I-Y6205	2100
I-Y106783	1950
I-Y37119	1750
I-Y37407	325
I-FGC59212	2000
I-Y6204	1300
I-Y192753	1200
I-Y192822	850
I-Y6211	900
I-FGC35955.2	800
I-FTB60886	125
I-Y33772	375
I-Y7545	550
I-FGC14507	450
I-FGC22110	350
I-Y6213	600
I-Y6220	225
I-FGC23559	150
I-FT83207	125
I-YP1012	600
I-FGC22113	450
I-Y19678	225
I-FGC22115	425
I-CTS6868	3800
I-Y17927	2800
I-Y17928	2300
I-Y61438	1700
I-FT182948	800
I-Y68606	1500
I-Y17923	2100
I-Y280722	2100
I-Y17924	850
I-Y17922	400
I-Y36101	300
I-Z74	3800
I-M6003	2700
I-Y159291	2300
I-FT18795	1400
I-BY183888	50
I-FGC8772	2200
I-FGC8762	600
I-L813	3100
I-Y132304	150
I-Y454922	1450
I-BY161397	1950
I-Y30806	2800
I-Y29620	650
I-Y15505	2900
I-Y66983	2200
I-Y129187	1700
I-Y128180	1500
I-FT8660	1550
I-Z21479	1500
I-Y19916	2600
I-Y15507	2300
I-Y14994	1900
I-Y139905	1050
I-Y139911	150
I-Y14992	1900
I-Y14991	800
I-BY96673	275
I-Y19917	550
I-Y36103	125
I-Y24951	250
I-Y24951a	100
I-FT37697	3000
I-BY70873	1400
I-BY54664	350
I-Y36072	2800
I-Y36066	1150
I-Y107619	1000
I-BY1089	1050
I-Y129229	275
I-Y44128	375
I-BY142355	200
I-BY154839	200
I-FT80457	375
I-Y41271	250
I-Y515276	3100
I-FT105155	1350
I-BY173675	1350
I-Y287477	50
I-FT86143	2900
I-Y30373	2900
I-Y29621	1400
I-Y87416	900
I-Y5153	2800
I-FT300069	2800
I-Y17060	1500
I-Y20364	400
I-Y18927	2400
I-FT88278	2300
I-Y39016	1350
I-BY176352	1350
I-Y21736	2300
I-FT85121	2000
I-Y60704	1300
I-Y79653	2000
I-Y71245	1100
I-Y21738	2300
I-Y20861	1950
I-Y23712	1700
I-BY34459	1400
I-Y75943	1200
I-Y36690	1300
I-Y63538	950
I-Y5476	2700
I-Y44733	1200
I-Y57099	300
I-Y136880	325
I-FTF21787	275
I-Y5486	2000
I-Y106716	1700
I-Y159767	1450
I-Y108897	1350
I-Y88604	1150
I-Y5474	1900
I-Y58487	1400
I-Y47236	750
I-Y44820	250
I-Y5483	1850
I-BY167766	1850
I-FT259779	1350
I-Y51420	1300
I-BY205721	275
I-Y53241	1600
I-Y52656	1400
I-BY125098	1550
I-Y245241	50
I-BY62201	1100
I-Y66219	1300
I-Y72731	1300
I-Y15038	1550
I-Y17382	700
I-BY34468	1850
I-Y19670	1850
I-Y19671	1850
I-Y19667	50
I-Y23527	1650
I-BY184799	1100
I-Y410440	800
I-Y19207	1550
I-Y167549	1450
I-Y53032	125
I-FT14651	1550
I-Y33114	1550
I-Y33744	1550
I-Y46766	375
I-Y13038	1550
I-Y13505	1450
I-FTJ34408	350
I-BY3431	1150
I-FT174067	650
I-FT62329	850
I-Y174619	750
I-Y29610	50
I-FGC12097	750
I-Y36050	500
I-Y36049	150
I-Y36599	550
I-Y103242	300
I-Y103440	225
I-Y13039	1500
I-BY171117	1400
I-Y128221	650
I-Y213890	650
I-Y13039a	1500
I-Y111864	1500
I-Y83756	1500
I-BY3433	1500
I-M10140	850
I-Y30042	1250
I-Y29635	700
I-A17051	700
I-A21069	225
I-Y34445	900
I-Y34447	800
I-Y16704	1100
I-Y16448	1000
I-Y50178	1000
I-Y45723	300
I-Y17672	425
I-BY102911	125
I-Y24812	175
I-Y8943	1800
I-Y80329	1150
I-Y84570	900
I-Y83278	600
I-Y126336	600
I-FT46020	50
I-Y9434	1450
I-Y85648	1450
I-FGC59341	1450
I-Y128435	150
I-FT136674	50
I-FGC59339	1400
I-BY181677	1400
I-FT57547	750
I-Y66964	300
I-FGC17588	750
I-FGC17591	550
I-Y32059	475
I-FGC51757	350
I-FGC52743	125
I-CTS2208	2800
I-Y24701	1700
I-Y30054	1550
I-Y60224	125
I-FGC60542	2400
I-Y151101	1000
I-FGC60538	2400
I-FGC60537	1900
I-FGC12562	1950
I-Y251654	1800
I-Y186190	850
I-Y251784	850
I-Y20289	2800
I-Y20287	2800
I-Y20595	2400
I-Y29645	1750
I-Y29644	900
I-Y82329	600
I-Y23645	2200
I-Y36116	1550
I-Y100493	850
I-Y23647	2100
I-Y31092	1050
I-Y99446	550
I-Y23967	1700
I-Y149967	1000
I-CTS7676	2300
I-Y142754	950
I-FT168348	550
I-BY35394	550
I-BY42226	275
I-FT14603	275
I-FT6506	125
I-FTB10961	275
I-FT253655	350
I-FT304509	150
I-Y39752	550
I-FTA74783	550
I-FTB48517	550
I-FTB49020	200
I-FTC6635	50
I-L287	1950
I-BY594	1650
I-L258	1850
I-Y23448	1250
I-Y70341	1050
I-Y107833	1750
I-Y128963	1750
I-Y128497	600
I-Y33689	1200
I-Y128444	650
I-BY35383	1200
I-BY190126	550
I-FT36935	425
I-Y83993	1200
I-Y62376	1200
I-Y92046	1650
I-FT39282	350
I-Y85056	1650
I-Y84380	1050
I-FT54445	900
I-BY99065	1100
I-Y189998	550
I-S1167	1450
I-FT113336	950
I-A26519	1250
I-Y57882	550
I-BY35422	1150
I-BY53599	350
I-FT104488	1100
I-Y309270	800
I-FT104489	950
I-Y8598	1700
I-Y17639	900
I-Y61397	500
I-Y16256	1100
I-Y16174	850
I-Y44767	800
I-FT100268	800
I-Y53348	650
I-BY510	1750
I-Y12541	1750
I-Y15585	1750
I-Y15859	1550
I-Y46197	450
I-Y17381	1050
I-Y17380	1050
I-BY35403	1050
I-Y87347	1050
I-Y16170	1450
I-FT102841	1000
I-Y194543	50
I-Y16171	550
I-Y311929	500
I-Y16342	50
I-Z2046	1800
I-Y17401	1400
I-Y21554	1400
I-Y21555	900
I-Y151206	500
I-Y21558	900
I-Y46806	500
I-Y17220	1350
I-Y33713	750
I-FGC86121	1350
I-Y50616	650
I-Y48280	950
I-Y47125	800
I-Y13391	1550
I-PH1464	1450
I-BY57541	1350
I-PH4799	1250
I-Y13391a	1550
I-Y172494	1100
I-BY157486	750
I-Y51801	275
I-Y58278	1550
I-Y107069	1150
I-Y138861	700
I-Y172284	1550
I-BY35405	1450
I-Y172142	125
I-BY67153	550
I-FT231646	425
I-Y13389	1500
I-Y75147	1000
I-Y19655	500
I-Y33715	375
I-Y46754	600
I-Y58154	275
I-Y17215	650
I-BY79001	1400
I-MF112836	700
I-FT43396	1500
I-Y47002	550
I-Y306640	100
I-FT38951	1500
I-Y94676	950
I-Y13390	1500
I-Y131677	850
I-Y131678	850
I-Y33704	1300
I-Y33707	500
I-Y96523	600
I-CTS2242	1600
I-Y36521	1400
I-Y36522	950
I-Y129890	750
I-FT109928	650
I-Y128819	650
I-BY106684	700
I-FT93274	125
I-BY75902	700
I-FT12490	700
I-Z133	1500
I-Y93036	1000
I-Y97108	125
I-Z134	1500
I-Y15897	500
I-Y8953	1250
I-Y36504	300
I-Y36137	300
I-Y13482	1100
I-Y33710	800
I-Y33709	375
I-Y57630	300
I-Y131511	225
I-Y17288	1500
I-FT29317	200
I-Y16812	750
I-Y22888	550
I-Y36109	500
I-Y128969	200
I-Y129567	150
I-FT46973	750
I-Y22004	700
I-Y24060	500
I-Y46555	500
I-FT64169	175
I-Y112416	125
I-BY150810	375
I-BY176444	200
I-Y10990	1350
I-Y19077	550
I-Y47503	550
I-Y10988	1100
I-Y128715	850
I-BY154539	500
I-Y128327	700
I-Y8954	800
I-Y162475	600
I-Y36138	400
I-Y136279	125
I-Y190020	400
I-PF1123	300
I-BY88262	50
I-Y20304	800
I-FT172664	125
I-Y34543	800
I-Y77966	700
I-Y37117	400
I-BY50730	400
I-Y92605	50
I-FGC77143	650
I-Y97290	650
I-Y81452	350
I-Y90878	325
I-BY157963	150
I-Z58	4500
I-Z138	4500
I-FT258126	4500
I-FT258061	4000
I-Y172661	2200
I-Y172674	1650
I-CTS512	2300
I-CTS1110	1900
I-FTA49637	425
I-S5619	3800
I-FGC19383	2600
I-Y160514	100
I-Y32296	2000
I-FTA74313	1300
I-A18585	900
I-A18584	900
I-FGC19380	1250
I-FGC19385	1150
I-Y178638	350
I-Y262367	350
I-A6867	3800
I-A6849	3800
I-S5622	2400
I-A7341	2700
I-FGC3459	2000
I-A6873	700
I-A15703	1650
I-A15700	200
I-A15702	50
I-S2293	4500
I-Z2541	4200
I-Y29668	2100
I-A11255	2000
I-A11263	225
I-Y40258	3700
I-A6693	3200
I-A20253	2400
I-A20254	2000
I-FT225998	2700
I-Y447064	500
I-BY84598	800
I-Y21391	2000
I-A6733	1650
I-Y270830	500
I-A6744	175
I-Y21393	1550
I-Y21390	1150
I-BY194445	650
I-Y21384	850
I-Y7043	3000
I-Y8341	3000
I-Y20389	3000
I-Y20300	600
I-Y8342	1600
I-Y15596	1250
I-A7158	450
I-Y7057	2400
I-Y15484	1800
I-FT457210	1450
I-Y15479	1550
I-Y6708	2400
I-Y58955	800
I-A6969	2400
I-FT427051	2400
I-A8267	1900
I-Y7040	450
I-S19185	4200
I-BY52426	3600
I-Y61915	1950
I-MF66401	1950
I-Y192071	1950
I-Y192047	500
I-S23519	3700
I-A18018	700
I-FT81179	700
I-S20030	2700
I-A13207	2000
I-A13211	1600
I-Y84124	950
I-S17633	2700
I-Y168299	1400
I-A7117	850
I-A6808	700
I-A14151	200
I-A7000	2600
I-A7004	2400
I-A15116	1950
I-A11161	1600
I-A11171	900
I-A16739	750
I-PH5300	3700
I-PH4482	3500
I-FT5911	2500
I-A13745	1550
I-S2272	2100
I-S2268	2100
I-A17037	1400
I-FT242380	1700
I-S2275	1850
I-Y353649	650
I-A6554	1650
I-PH3121	1650
I-Y177222	50
I-FTB39495	1500
I-A8407	1500
I-FT96500	375
I-FTA61713	200
I-FTA56942	225
I-FTA57166	100
I-S6277	4500
I-Y15902	4500
I-A12055	700
I-Y15575	2900
I-Y324602	2900
I-A13897	1300
I-Y57730	1150
I-BY177111	225
I-Y16450	1800
I-A20519	1700
I-Y155639	175
I-Y155580	50
I-Y16458	1800
I-A6776	1150
I-A15627	800
I-Y16452	1450
I-Y130259	850
I-BY190339	1150
I-BY190096	350
I-Y172608	1100
I-Y135932	400
I-A16737	400
I-A6756	850
I-Y128984	850
I-A22514	375
I-FT376088	800
I-FT71868	350
I-A14623	1450
I-Y450319	350
I-Y34528	1050
I-A18304	850
I-Y144766	850
I-A6563	1000
I-A6562	200
I-A16956	475
I-A16957	175
I-A16959	150
I-FT50952	125
I-FT149093	125
I-FGC41670	3900
I-S6270	3300
I-A9192	1150
I-A10256	2600
I-Y155452	275
I-S20289	3000
I-FT61080	900
I-A288	3000
I-Y8430	2100
I-Y489139	1700
I-A6648	1700
I-Y267930	650
I-Y11878	2100
I-Y11211	375
I-A6397	2900
I-FT66907	2600
I-A10016	2100
I-A10006	125
I-Y190845	2600
I-Y274340	1950
I-Y97339	1000
I-Z40885	900
I-Y498918	2900
I-Y343298	2500
I-Y343311	1200
I-Y645061	200
I-A6624	2900
I-A6625	950
I-A15030	125
I-FGC79161	2900
I-Y135293	550
I-Y263685	2900
I-Y167508	2600
I-Y263684	2200
I-Y323105	1800
I-Y323171	1800
I-BY135567	2100
I-A6412	2700
I-FT46379	1300
I-A22661	425
I-A6432	2700
I-S6402	2800
I-A20603	2700
I-A20607	1750
I-Y209413	500
I-A12110	1900
I-S6391	1650
I-S6273	1650
I-Y311046	500
I-Y18386	1800
I-A18046	1400
I-FTF1277	1650
I-A6469	1650
I-Z59	4300
I-Y128537	225
I-A22488	3500
I-A22511	3500
I-A22489	2600
I-A12798	4200
I-A12791	4100
I-A12774	1750
I-FGC69860	1750
I-FTA26701	1400
I-A21234	4200
I-FT73216	2500
I-Y130660	1950
I-Z2041	4300
I-Y26079	3700
I-Y179762	50
I-Y70718	3800
I-Y61117	2700
I-Y65212	2300
I-FT50308	1650
I-Y339272	1650
I-Y361423	50
I-Z2039	4300
I-Z2040	4300
I-Y3560	3200
I-FGC69695	2500
I-TY317272	1350
I-FGC69711	2500
I-FGC69706	2500
I-Y263876	2500
I-FGC69701	2300
I-FGC69702	1850
I-Y3569	3200
I-Y3576	2800
I-Y3568	2400
I-Y351336	2400
I-Y249408	800
I-Y14516	2000
I-Y154347	800
I-A480	1350
I-Y86150	700
I-BY206800	1350
I-A482	1300
I-BY37215	850
I-FGC66540	1000
I-BY19914	325
I-Y3562	1500
I-Y3563	1100
I-BY89864	650
I-FGC12743	1100
I-FGC12751	375
I-BY93052	300
I-FGC12749	200
I-FGC12753	50
I-Z382	4300
I-FTB42659	3500
I-BY47230	3300
I-Y187003	1800
I-FT112752	50
I-Y169122	2700
I-BY45736	1800
I-BY45886	500
I-Y5384	2000
I-Y29655	50
I-FT363592	2000
I-MF178474	1450
I-Y5388	1800
I-Y6085	650
I-Y41312	400
I-Y142105	350
I-Y6165	150
I-Y43501	125
I-Y44630	50
I-Y11930	1800
I-Y15694	1700
I-BY34599	1700
I-Y29641	700
I-Y45170	750
I-A9373	1500
I-Y19079	750
I-Y49822	550
I-Y135943	325
I-BY149140	150
I-Y3643	4300
I-FT1482	4300
I-FT227921	2800
I-Y2170	3300
I-BY79293	1550
I-BY67905	1550
I-Z2042	3300
I-FT64521	3000
I-FTA30135	2900
I-Y244746	850
I-Z26340	3300
I-PH1560	50
I-CTS6617	3000
I-Y198553	2600
I-S4688	500
I-BY45889	1450
I-Y307714	500
I-FT92441	3100
I-Y225836	225
I-PH1178	3100
I-A9988	2200
I-FGC18051	1600
I-Y84678	1150
I-FTB1188	500
I-Y36046	1700
I-Y36041	550
I-Y83393	300
I-BY34622	2400
I-FT126225	1800
I-FTA79769	1650
I-Z37236	2300
I-A18664	2000
I-BY54941	1550
I-FT133537	700
I-FT228368	1000
I-FT228722	425
I-Y308729	50
I-Y7928	3100
I-FTC78611	2900
I-Y83198	550
I-Y95724	150
I-Y7231	2500
I-FT416253	2500
I-Y38568	1250
I-Y41596	1300
I-Y643025	1250
I-A9132	800
I-BY2278	2200
I-FTC22908	500
I-FT105612	2500
I-FGC9462	550
I-Y314564	200
I-Y35883	650
I-A16784	250
I-BY113924	2500
I-Y103879	2000
I-Y323533	275
I-FGC24333	3100
I-Z44266	1650
I-S26361	3100
I-Y181187	2900
I-FT273387	3100
I-S3694	2100
I-FGC54013	1650
I-Y73200	1450
I-Y15002	1000
I-Y15514	50
I-S16414	2700
I-BY170069	800
I-FGC24354	2700
I-Y97642	2700
I-Y181641	425
I-Y21480	2700
I-A21841	425
I-BY156203	50
I-Y20845	275
I-FGC24357	2200
I-A15918	1850
I-Y91452	1750
I-BY169436	1500
I-Y94283	2200
I-BY60624	500
I-Y89375	1600
I-Y101345	1500
I-BY34647	550
I-FT6699	1500
I-Y226540	1400
I-FGC24356	1950
I-Y132261	1950
I-YP5416	1950
I-BY19375	1700
I-Y60197	475
I-Y347986	275
I-FT218119	325
I-FT217643	125
I-FT214087	50
I-A16895	1600
I-A16910	550
I-A16896	250
I-BY218117	125
I-S10350	1900
I-FGC35283	1700
I-FGC24345	1700
I-FTA2647	1000
I-Y334511	200
I-FGC75802	1800
I-BY98403	1300
I-FT137642	375
I-FT4816	1800
I-FT156481	1450
I-FT157478	1250
I-Y264548	650
I-A18286	1550
I-A15022	450
I-FGC75797	450
I-Y218986	50
I-Y125947	1750
I-Y43746	50
I-S21197	1750
I-FT268649	1750
I-S9218	1750
I-FT19394	1400
I-FTB13508	700
I-Y277242	550
I-BY149414	1300
I-Y163644	375
I-BY188003	200
I-BY188570	200
I-FT213710	50
I-CTS8647	4300
I-FTD82937	950
I-FTD83147	500
I-A11141	3100
I-FTB97469	3100
I-FTB97765	1500
I-A11152	1450
I-A11142	1450
I-A14606	2900
I-A14694	1950
I-Y298686	2200
I-Y298678	700
I-Y359470	350
I-Z61	4300
I-S9939	3000
I-S20652	2400
I-Y27765	2300
I-A18181	1850
I-BY34543	1550
I-BY105965	1400
I-FT56290	1850
I-A18176	700
I-BY186770	275
I-Z60	4200
I-Y132049	1500
I-A9103	3900
I-A9101	2100
I-Y22033	600
I-A11393	50
I-A11399	150
I-Y188615	3900
I-Y151828	2400
I-Y253438	200
I-A22363	1950
I-A22364	400
I-FT119835	2000
I-Y56390	2500
I-FT352394	125
I-A9274	2100
I-Y132120	2100
I-A9273	1300
I-Y12342	3800
I-Y307638	2800
I-Y15584	1400
I-Y370382	50
I-FGC42213	1100
I-FGC23810	325
I-FGC33077	300
I-FGC33330	200
I-FGC39892	50
I-FGC23815	325
I-Y179009	225
I-FT65686	125
I-Y12903	3600
I-BY129718	2500
I-S19098	2200
I-A26742	125
I-BY40613	800
I-BY55887	425
I-BY68320	375
I-Y12344	3100
I-A6214	2100
I-BY63	3000
I-Y58936	1250
I-PH902	1600
I-Y126868	1600
I-Y186026	950
I-Y186168	200
I-Y61566	1600
I-FT169573	1250
I-A6198	3300
I-BY77316	2100
I-Y403936	1600
I-A6184	2800
I-A6174	2500
I-Y36038	900
I-A9239	1550
I-A9237	1550
I-Y55348	600
I-M1728	750
I-A6182	750
I-CTS7362	3800
I-Y187427	3500
I-S2233	3100
I-A16934	950
I-Y152457	1300
I-Y152456	1000
I-Y187808	325
I-Y187828	150
I-Y197636	125
I-FGC8666	3800
I-L1248	3500
I-Y20842	2300
I-Y289400	2100
I-Y536115	1200
I-Y289303	950
I-Y21569	1550
I-Y30051	1200
I-BY86574	1050
I-FT259292	800
I-FT259985	650
I-Y30738	3500
I-FTA73477	500
I-S11132	3500
I-Y30739	3500
I-A14846	1400
I-Y46812	3100
I-A20404	3100
I-FT46038	2200
I-Y294193	3100
I-S4715	3500
I-FT15626	3100
I-FT206938	250
I-Y3155	2500
I-Y221976	500
I-Y3461	2500
I-BY61058	2500
I-FTD28626	700
I-FTD28920	650
I-Y22018	2500
I-Y78954	2100
I-Y22019	1800
I-BY196190	1150
I-Y432331	1150
I-Y313058	1000
I-FT98759	1800
I-FTD26034	500
I-Y60814	200
I-FT80478	200
I-FGC22168	2400
I-FT36275	1850
I-L803	600
I-Y33692	150
I-Y6747	325
I-Y43869	50
I-Y3456	275
I-Y36134	125
I-Y38411	50
I-Y4101	175
I-A22100	600
I-Y36065	425
I-L802	150
I-Y3238	250
I-CTS9352	3800
I-FT63705	3300
I-Y60130	2600
I-PH3772	2600
I-Y69706	1700
I-Y63100	1350
I-Y63295	275
I-L573	3800
I-S19340	3800
I-FT106452	3800
I-Y31033	1800
I-FT93034	1600
I-BY153856	1200
I-FGC64882	1100
I-Y304776	750
I-FGC64896	275
I-FGC36096	3300
I-FT34731	3100
I-Y430646	50
I-Y4870	1700
I-FGC36087	1450
I-Y245031	950
I-Y257628	950
I-Y245058	0
I-Y20875	600
I-Y303216	200
I-Y16133	1100
I-FGC36102	1400
I-FTC80310	1400
I-A379	100
I-FT190500	1200
I-Y351743	1200
I-Y351738	900
I-Y530783	550
I-Y413764	200
I-Y351747	800
I-Y414403	350
I-Z73	2100
I-Y25790	1950
I-Y26746	1550
I-Y46605	1100
I-Y52565	1100
I-Y8955	1700
I-Y36139	1150
I-Y36140	550
I-Y8956	1650
I-Y10896	1650
I-BY176642	425
I-BY481	1350
I-L1402	1300
I-Y37104	600
I-Y20218	1200
I-Y19707	1000
I-Y31515	950
I-Y87550	600
I-Y3657	2100
I-FT226283	50
I-Y511333	2000
I-Y6593	1600
I-Y13046	1000
I-FT34186	550
I-FT36983	300
I-Y57591	500
I-Y139481	350
I-Y13045	850
I-Y104690	750
I-Y13043	475
I-Y6594	1350
I-Y10696	1100
I-Y20877	850
I-Y23714	550
I-Y24033	375
I-Y76158	650
I-FT240192	350
I-Y162550	650
I-BY210662	500
I-FT386701	500
I-FT385557	50
I-Y13049	1350
I-Y50469	1000
I-Y13050	1200
I-FT124012	900
I-Y198433	425
I-BY47861	1100
I-Y144249	700
I-Y144214	400
I-Y175634	550
I-BY2822	850
I-BY2821	700
I-Y36523	600
I-BY49247	475
I-BY44938	425
I-BY44937	50
I-Z2900	1900
I-Y16175	1250
I-Y7654	1900
I-FT452524	1200
I-Y132742	1900
I-Y165040	375
I-BY135635	900
I-Y132430	600
I-Y33783	300
I-FT203462	300
I-Y36133	50
I-S2122	1450
I-Y21976	650
I-Y24562	1250
I-Y24463	500
I-Y11312	950
I-Y13940	325
I-Y15582	325
I-Y11026	1250
I-FTE80451	500
I-Y15681	950
I-Y45208	200
I-Y13938	450
I-JN08	900
I-Y72365	650
I-Y46113	550
I-Y44946	150
I-Y30016	650
I-L1302	1800
I-Y3000	1700
I-Y3000a	1650
I-Y15146	1650
I-FTA83985	500
I-Y15141	900
I-Y16804	1400
I-Y16803	1050
I-Y49684	275
I-Y141089	1700
I-Y141086	1300
I-Y37103	550
I-FTB38231	350
I-Y7197	1050
I-Y19676	600
I-A9901	1700
I-Y49407	1150
I-Y73224	150
I-Y20841	225
I-Y21963	1300
I-Y83176	800
I-Y21964	1300
I-BY150111	500
I-Y21966	1300
I-A11703	125
I-Y21965	450
I-BY584	1350
I-Y24912	50
I-Y32626	800
I-JN12	950
I-JN63	650
I-Y19652	475
I-Y23143	125
I-Y4951	1200
I-BY240	1200
I-Y186476	1200
I-FT185439	700
I-Y4949	400
I-BY185780	300
I-FT369548	200
I-FGC8678	50
I-Y12931	1600
I-Y23141	1450
I-Y23142	700
I-Y83051	300
I-Y23337	700
I-Y12326	1250
I-Y50448	750
I-Y19953	1250
I-Y36104	1150
I-Y70648	1250
I-Y164722	650
I-Y70483	900
I-Y12328	1700
I-Y12318	1700
I-Y12322	550
I-BY195398	50
I-Y12321	450
I-Y12898	300
I-Y96980	300
I-Y134325	300
I-Y134326	50
I-Y5568	1700
I-Y9156	1700
I-Y31137	1350
I-Y36127	1350
I-Y39659	475
I-Y8340	1100
I-Y9151	1100
I-Y54870	850
I-Y8339	750
I-Y41349	500
I-FT27960	1350
I-Y7934	800
I-Y7260	325
I-BY548	1300
I-Y5018	400
I-JN24	1150
I-FGC58805	325
I-Y51498	650
I-Y48067	375
I-BY136034	950
I-Y12315	1050
I-Y96468	650
I-Y87168	375
I-Y96469	375
I-FT91243	275
I-Y83846	50
I-Y12317	850
I-Y12650	600
I-Y15024	425
I-Y16578	125
I-Y5448	1400
I-Y31129	1200
I-Y31128	450
I-Y40901	1150
I-Y39781	650
I-Y95027	425
I-Y7419	1100
I-Y32667	450
I-BY2830	700
I-BY2828	425
I-Y7658	1400
I-Y40414	650
I-Y23089	1000
I-Y36111	300
I-Y23152	650
I-Y21451	1350
I-Y23140	600
I-Y24457	1350
I-FGC43104	750
I-BY60061	1350
I-Y31107	1350
I-Y36119	800
I-BY45291	700
I-Y5180	1650
I-Y22022	1650
I-BY229	1650
I-Y89014	750
I-Y21954	100
I-Y48992	650
I-BY143469	350
I-Y33686	1600
I-Y169634	1600
I-Y33685	700
I-Y40227	450
I-Y5184	1100
I-Y5179	700
I-Y39423	700
I-FT165291	600
I-FT432607	600
I-Y628550	125
I-Y23565	1650
I-Y132765	1200
I-Y132760	550
I-Y139636	550
I-Y83682	375
I-FTB37881	350
I-FTB35545	200
I-Y36113	1100
I-Y131258	600
I-Y145608	900
I-Y80015	650
I-Y70630	600
I-Y11071	1650
I-Y36078	900
I-Y92739	375
I-Y11070	1600
I-Y31054	1150
I-Y97788	600
I-Y31053	1150
I-Y140565	425
I-Y140567	350
I-Y11067	1600
I-Y31045	1050
I-Y166952	500
I-Y103154	375
I-Y31046	700
I-Y37111	600
I-Y84657	275
I-Y11067a	1350
I-Y24610	1350
I-FT99404	500
I-Y627207	350
I-Y24467	650
I-Y107564	450
I-Y68521	450
I-Y132453	300
I-BY47654	175
I-BY208606	150
I-Y51514	425
I-Y54520	200
I-Y82373	650
I-Y225648	650
I-FTB49154	50
I-Y95745	450
I-Y97566	250
I-Y93058	125
I-Z140	4000
I-A16606	2400
I-Y619969	2900
I-Y620079	2100
I-Y215805	1600
I-E564	650
I-E581	200
I-FT371964	650
I-FT372314	400
I-FTB38748	500
I-Z141	4000
I-FGC65549	800
I-A1373	3100
I-Y15150	3100
I-Y31062	1350
I-Y48678	1650
I-A19516	1400
I-FGC94381	3700
I-M507	500
I-A5996	2900
I-A6144	2700
I-A6140	2700
I-A5947	350
I-A1605	2400
I-A7450	1150
I-A1609	850
I-A1612	700
I-A11401	500
I-A1596	500
I-Y176572	200
I-Y6231	3300
I-FGC22418	2800
I-FGC22445	2700
I-FGC22420	1100
I-Y43935	3100
I-BY51190	2800
I-Y38453	850
I-Y7277	2900
I-A14338	2500
I-BY198727	550
I-Y32666	550
I-BY34592	225
I-BY156552	250
I-BY197862	275
I-Y309975	125
I-A14330	500
I-A14340	175
I-FGC81118	2800
I-Y307389	2300
I-Y306903	2100
I-Y434898	1350
I-Y432859	1800
I-Y7279	2400
I-Y7278	2000
I-Z44251	2000
I-FT290376	1950
I-Y10890	1800
I-FT2487	1600
I-A9392	850
I-FT2731	500
I-A2064	1400
I-BY51439	1400
I-Y62147	500
I-A1942	1250
I-BY73799	300
I-FGC90963	50
I-A196	3600
I-FGC19081	3600
I-A5475	3600
I-Y446055	1100
I-FGC19077	1950
I-FGC19069	1950
I-A14986	1100
I-A14984	175
I-Y138776	150
I-A1395	1650
I-Y48695	950
I-A5554	600
I-A5562	550
I-BY165809	225
I-BY182260	475
I-Y166855	200
I-Y103070	600
I-Y161504	600
I-BY51031	225
I-A6161	3600
I-Y6900	3600
I-Y199436	2800
I-Y199294	950
I-Y6910	3200
I-Y283887	3200
I-FT274899	50
I-A11341	2500
I-A11343	600
I-F13007	200
I-FT460204	200
I-FT8846	3100
I-Y51456	2600
I-Y53381	2300
I-FT10830	1950
I-Y236031	250
I-FT418749	125
I-Y6888	1900
I-Y6889	1900
I-Y6885	1250
I-Y6887	1250
I-Y6902	300
I-Y7140	2200
I-Y18586	1400
I-A2341	50
I-Y183653	450
I-Y7477	2200
I-FGC53704	2200
I-A16378	2200
I-A16380	2200
I-FT12515	2200
I-FTC5341	2200
I-Y175900	50
I-YP1081	1700
I-A2377	650
I-Y362484	1350
I-Y362451	1200
I-A6026	1600
I-FT242797	1600
I-Y194009	200
I-PSH01	300
I-YP1084	1700
I-A5672	1450
I-A19413	1450
I-SHTR13	1650
I-A2392	1300
I-SHTR1	700
I-SHTR7	250
I-CTS6739	3800
I-A23339	1550
I-Y157824	200
I-S2169	3800
I-Y1966	3200
I-A19433	3000
I-A19435	2600
I-A19429	2300
I-A19437	1900
I-Y434946	50
I-Y281577	800
I-CTS7397	2800
I-FT200192	1550
I-BY453	2800
I-A16572	1500
I-Y19048	375
I-FGC39137	1650
I-FT97855	350
I-Y322169	200
I-Y322166	50
I-BY51300	1500
I-Y189956	350
I-FT102819	50
I-A2053	2800
I-Y188817	250
I-A5975	1400
I-A5976	600
I-FGC82169	200
I-Y31028	2500
I-FT106455	1050
I-FT100011	800
I-Y214209	950
I-A13959	2300
I-A14302	950
I-Y277476	50
I-FTB7010	2300
I-FTB8733	1400
I-Y273584	1250
I-Y318244	425
I-Y3649	3100
I-A5790	2600
I-A5779	2000
I-Y132283	550
I-A13241	3000
I-A7150	2900
I-Y57817	1750
I-A7144	1200
I-A18501	750
I-A18500	50
I-Y3651	3000
I-Y3647	2000
I-A14097	2000
I-Y3647a	1900
I-A14094	100
I-L234	1050
I-A1655	750
I-A1653	50
I-A13248	1200
I-Y136323	600
I-Y136318	450
I-Y33529	125
I-A13242	400
I-FT80854	300
I-Y190078	125
I-Y1854	3800
I-BY51196	2500
I-Y180334	1450
I-BY49955	1450
I-A6034	600
I-FGC74521	3300
I-FT106013	1950
I-Y188899	200
I-BY46619	3300
I-A15598	3300
I-A15603	3300
I-FTB47844	2500
I-FGC74500	1350
I-A1550	350
I-Y1843	3800
I-A1560	3400
I-FT288548	3400
I-A1553	1550
I-FGC2495	3800
I-Y2967	2500
I-FT53428	1950
I-Y6356	750
I-Y36136	750
I-Y2963	100
I-Y13025	1900
I-A1348	1250
I-Y14331	225
I-Y23582	1700
I-FT102101	1700
I-Y73915	250
I-A13184	1450
I-Y130639	1300
I-A14269	750
I-A14268	225
I-S2170	2500
I-FGC3087	2200
I-FT117678	1100
I-A16244	850
I-FTE33884	200
I-S2175	2500
I-S2167	2100
I-S2160	1800
I-A10207	500
I-A15739	375
I-Y130060	225
I-A10921	225
I-A10216	325
I-A10208	150
I-FT78074	2400
I-A19588	550
I-A18493	50
I-A15697	550
I-Y160313	50
I-Y130559	150
I-Y130553	150
I-A15693	550
I-FT81809	250
I-Y510603	200
I-A15683	225
I-Y200853	125
I-FT290000	200
I-A15841	200
I-FT78302	175
I-A15681	50
I-Z2535	4000
I-Z2538	3200
I-A8648	2300
I-A8641	1650
I-Y575115	50
I-A14127	600
I-Y352678	400
I-Z2536	2900
I-FGC76403	2700
I-FT59202	2500
I-A1894	1950
I-FTB90825	1450
I-A6933	950
I-A6935	500
I-Y433400	350
I-A8621	2500
I-Y29667	2500
I-A10263	1200
I-A10278	950
I-A8620	200
I-A1890	2900
I-A11045	2000
I-Y183164	275
I-A11035	1100
I-A11042	500
I-Y22930	350
I-S2202	2900
I-A11020	2200
I-Y324047	2200
I-FT112378	2900
I-A16098	1950
I-A16099	1200
I-S4700	2500
I-Y3148	1700
I-Y3147	1150
I-A1875	850
I-A12699	275
I-A7126	175
I-A7124	125
I-YSC261	3400
I-L338	2900
I-Y15155	2900
I-A1915	2900
I-A1930	850
I-A1968	225
I-FT288387	50
I-A2398	1750
I-A5493	1100
I-Y307706	1100
I-Y469231	375
I-BY31698	1600
I-BY31701	700
I-FT114518	1750
I-Y185992	350
I-A12974	2900
I-Y33691	275
I-A12720	275
I-Y12329	1400
I-Y12330	1350
I-A8673	500
I-A8674	200
I-Y12663	350
I-S12289	2800
I-A15750	2800
I-A20048	1100
I-A11317	900
I-A11323	425
I-FGC54167	1500
I-FGC54132	50
I-A12708	2500
I-FGC60263	50
I-Y252117	1450
I-A4586	2600
I-BY51406	2500
I-BY31729	375
I-A21908	1800
I-A21901	1800
I-FT25520	1200
I-A21912	1300
I-Y197065	650
I-FT354407	1300
I-Y3636	500
I-A20033	750
I-A20451	750
I-A20831	300
I-Y131422	100
I-A20032	500
I-BY32573	500
I-A20047	500
I-A20044	225
I-A22686	400
I-A22685	275
I-FGC29004	50
I-Y14670	2800
I-Y8333	2300
I-Y272398	50
I-Y8334	1800
I-A1821	1750
I-Y322267	1800
I-PH1410	1800
I-Y185625	1200
I-A7320	650
I-A4637	1300
I-FTB14777	225
I-A4638	350
I-PH4462	1600
I-FTB92981	1500
I-A18483	1250
I-FT115141	1550
I-BY50971	1100
I-Y4015	2500
I-A11587	1650
I-PH1845	1250
I-FT308636	550
I-A1845	1700
I-A2094	2300
I-Y95466	1650
I-A2093	1950
I-A2099	1800
I-A2087	500
I-A8601	2500
I-BY50995	1600
I-Y245396	500
I-Y216313	1100
I-A20737	2500
I-A11569	1650
I-Y132919	2500
I-Y132926	2500
I-A15611	2300
I-A16200	1350
I-Y145642	800
I-FT68294	500
I-FT111200	350
I-A8595	2400
I-A8596	325
I-FT409631	325
I-Y489122	2300
I-Y291130	1500
I-A1627	1700
I-A1626	1300
I-A22526	1300
I-A22520	550
I-PH5345	2300
I-BY31695	2000
I-BY50767	1850
I-FT89219	1900
I-Y413598	350
I-Y414255	350
I-A375	1750
I-S1977	1750
I-A1790	1400
I-S1972	1550
I-FT188978	1550
I-Y467191	1550
I-FT115201	1050
I-A9538	200
I-Y489281	1550
I-Y489181	650
I-A376	700
I-FT409426	600
I-FT190246	200
I-YFS523700	600
I-Y23905	350
I-A5449	50
I-FGC74330	350
I-Y219852	125
I-FGC74328	350
I-FGC74329	50
I-Y12989	475
I-FT58391	450
I-FT57373	450
I-FT58653	125
I-S2000	500
I-Y168313	375
I-Y509163	350
I-S1961	325
I-YFS273194	200
I-BY186982	100
I-A264	700
I-FT11063	650
I-A263	700
I-A262	700
I-YFS2353752	550
I-Y7142	500
I-F666	300
I-A6248	225
I-A6246	225
I2	21500
I-Y283553	4200
I-Y263932	950
I-Y284115	700
I-CTS2257	21500
I-L596	15500
I-Y14158	13800
I-S6635	10300
I-S6724	10300
I-Y230819	10300
I-Y38066	10300
I-PF3936	9300
I-PF3885	5100
I-Y230355	125
I-FT231715	5100
I-Y5334	9600
I-S6595	3900
I-FGC18068	3200
I-S6656	1750
I-CTS7767	375
I-BY2801	3600
I-BY47546	3200
I-BZ4067	3200
I-BY56002	3000
I-Y222172	1200
I-S9234	5200
I-Y199009	5200
I-Y7177	4200
I-FT132317	4200
I-Y332449	4200
I-S16446	3700
I-Y452671	550
I-Y7857	3700
I-BY57324	2000
I-FGC71108	2700
I-Y600692	3700
I-FT90708	3700
I-MF15932	3400
I-Y425262	50
I-Y7174	2700
I-Y14155	125
I-Y11280	50
I-Y16679	14000
I-Y16419	4100
I-BY126133	4000
I-BY70891	4000
I-Z26403	4100
I-Y60169	275
I-FT256393	4000
I-Y196812	50
I-Y273482	2200
I-Y597166	1100
I-FT121460	3700
I-FT121479	500
I-FT120460	350
I-Y86519	300
I-BY100081	300
I-BY2807	300
I-V4854	4100
I-BY2818	4100
I-Y41247	3300
I-FTB17107	800
I-Y270777	3600
I-Y316163	2000
I-FTA85522	3600
I-Y359472	1600
I-Y359602	800
I-Y538420	1350
I-FTA81958	3600
I-A1143	3900
I-BY104339	2500
I-Y142001	3900
I-FTA85460	3700
I-FTA78987	3500
I-Y88320	3300
I-Z4234	2600
I-Y94533	2300
I-Y84056	225
I-Y531930	4100
I-BY3335	3900
I-MF235359	3100
I-PH5209	3200
I-BY121027	3900
I-BY4175	3200
I-Y647580	550
I-Y16418	3600
I-Y350024	2200
I-Y420223	275
I-Y16664	3000
I-BY4177	900
I-BY46947	2100
I-Y60125	450
I-Y31614	2800
I-FTD70061	2700
I-Y51738	2800
I-Y46459	750
I-Y168119	650
I-L460	20900
I-M436	17400
I-S2555	16400
I-Y10720	12100
I-Y60101	1000
I-S2519	12100
I-Y237434	7000
I-S2524	11000
I-L38	4700
I-BY14072	4700
I-S27697	650
I-Y275751	500
I-L533	3700
I-Y146185	1400
I-Y328415	50
I-Y49785	3100
I-Y155131	950
I-Y45198	1950
I-Y50295	750
I-Y67927	4700
I-FGC82455	1000
I-Y164174	950
I-BY198748	400
I-Y282679	3100
I-FT377249	2100
I-FTA10633	400
I-FTA11814	325
I-S2606	4700
I-S24121	4700
I-Y128084	4000
I-BY37418	1300
I-FT124604	1150
I-Y497534	50
I-FT105991	1300
I-Y128257	50
I-BY44940	550
I-BY44939	275
I-Y16521	4700
I-Y86523	3200
I-Y83181	225
I-Y96496	50
I-S19763	4700
I-BY107856	50
I-BY104642	1800
I-FT85407	1800
I-Z7265	2900
I-Y130307	2800
I-A522	225
I-FT140675	1250
I-FT138435	1250
I-FT137663	800
I-BY14023	1750
I-Y88850	1150
I-Y16416	4700
I-Y316787	3200
I-FT72050	4700
I-Y16415	4000
I-Y16417	75
I-Y17139	3400
I-Y17121	3400
I-Y17117	375
I-Y17123	375
I-FT87285	200
I-Y17268	375
I-Y17266	50
I-Y31908	2300
I-Y31085	850
I-Y107478	300
I-Y74569	650
I-Y62850	650
I-Y86214	1900
I-Y182725	325
I-BY205057	225
I-FT427020	275
I-FT97420	1800
I-FTC37202	125
I-Y89787	1400
I-Y164157	200
I-Y154138	150
I-Y13067	4100
I-Y18920	3600
I-BY146760	3100
I-Y422150	1150
I-Y156871	2000
I-Y229550	1000
I-Y18919	3600
I-Y20295	2200
I-FT342984	1650
I-Y414647	50
I-Y20293	1100
I-Y97670	1100
I-Y105542	1000
I-Y519526	550
I-BY136302	400
I-Y18921	2900
I-Y19084	2500
I-Y20202	2400
I-Y65164	2000
I-Y19211	1950
I-Y19212	1600
I-BY62809	850
I-FT373963	850
I-Y13076	4100
I-S2488	4100
I-FT25327	3400
I-BY200375	950
I-Y30539	150
I-Y13074	4100
I-Y29636	2100
I-S11561	650
I-Y94788	550
I-FGC29694	3300
I-Y257692	2300
I-Y371683	950
I-Y59902	275
I-PH1237	3400
I-Y68833	3400
I-Y111839	3400
I-BY68153	1050
I-Y164455	325
I-PH2591	3100
I-FGC68688	2900
I-FGC68670	2500
I-Y32631	2500
I-Y33743	2500
I-Y52406	1300
I-BY171589	1300
I-BY86358	1300
I-FTB89087	650
I-BY172565	275
I-Y31042	3100
I-Y386712	1200
I-Y31038	2500
I-A34683	1550
I-Y441921	1300
I-BY14044	2000
I-BY64484	1650
I-BY25359	2000
I-FT53143	1300
I-Y211872	200
I-FT52991	200
I-Y125026	1550
I-BY184790	1550
I-Y177573	450
I-Y48059	650
I-Y206347	1550
I-Y223395	1250
I-Y223398	850
I-Y128714	1500
I-Y129739	550
I-Y130323	50
I-Y127786	50
I-M223	15100
I-Y344225	12700
I-Y344262	12500
I-Y344254	50
I-Y3259	11900
I-Y6098	7900
I-Y6099	4800
I-Y42503	50
I-Y38683	225
I-S23680	7600
I-Y52134	4700
I-PF692	5700
I-BY37400	5300
I-Y182235	3800
I-Y277478	1450
I-SK1251	3600
I-FT28117	3600
I-L1227	1500
I-FT150183	1500
I-Y34539	5700
I-FT352539	4100
I-Y84767	3900
I-Y335466	3500
I-FGC70305	425
I-FGC70348	300
I-CTS616	10300
I-Y3721	10100
I-Y3670	8800
I-Y7240	8800
I-Y7241	8800
I-Y7839	8800
I-Y18950	8800
I-L1229	5100
I-S18331	4900
I-Y6512	3600
I-Y38675	2500
I-S20743	4900
I-BY53698	4200
I-S18174	4600
I-Y4902	3900
I-S8171	2500
I-Y4911	1800
I-Y190040	50
I-Y4900	750
I-Y4906	375
I-Y143199	3500
I-Y100095	125
I-Y226489	2700
I-Y226415	1600
I-Y590303	350
I-FTH42774	350
I-Z2069	4900
I-Y69926	4900
I-Z2059	4400
I-FT125218	4400
I-Y322912	350
I-S17973	3300
I-Y22031	1600
I-S16717	1300
I-FT20920	2300
I-Y167083	1500
I-FT20170	550
I-Y576730	550
I-Y167082	500
I-Z2068	4400
I-S16056	4400
I-Y161809	275
I-Y3672	3600
I-Y3675	3500
I-BY175714	3500
I-Y69465	2300
I-BY90011	1550
I-Y447669	1550
I-Y66694	1200
I-Y7244	3500
I-Y7243	2600
I-Y38383	425
I-Y29664	800
I-Y29664a	800
I-A17409	800
I-Y9443	3100
I-Y10648	650
I-Y11046	150
I-FGC67849	2700
I-YP4799	1750
I-FT153886	1100
I-Y482721	1100
I-YP5240	150
I-Y125786	350
I-Y139018	125
I-Y139066	50
I-FT91761	3100
I-Y150880	500
I-L812	2900
I-Y11520	2900
I-Y5319	2500
I-FT234233	1200
I-Y190859	100
I-FT25845	2500
I-BY128724	2500
I-Y340033	1650
I-Y44731	2500
I-Y212022	2400
I-Y5309	1250
I-Y5308	1150
I-Y13474	2500
I-FTD33601	2400
I-BY178759	1350
I-Y438340	1000
I-Y13008	2200
I-Y15029	650
I-BY48174	650
I-FGC15109	3500
I-BY138	3500
I-BY60966	1500
I-Y13321	1850
I-Y31027	1450
I-Y33734	225
I-S4894	1650
I-FT149019	1550
I-Y489821	1550
I-FT149403	1000
I-FGC15105	3100
I-Y4332	2300
I-Y4761	2100
I-Y4760	2100
I-Y146149	950
I-FT392447	500
I-FGC57449	2100
I-Y44043	1800
I-FT65975	2000
I-BY41384	1500
I-Y297667	500
I-BY80060	2000
I-Y60730	1900
I-Y60083	1400
I-Y472936	50
I-Y40030	1850
I-Y43419	1850
I-Y4854	2000
I-Y33132	1650
I-BZ2610	1400
I-Y189979	350
I-Y33133	1200
I-Y151397	1200
I-Y85844	425
I-Y4715	1950
I-BY102304	1450
I-Y4714	500
I-Y4719	450
I-Y60465	50
I-FGC15127	425
I-Y12542	200
I-FGC15152	325
I-FT241336	125
I-Y4723	175
I-Y4722	50
I-M284	7100
I-Y10626	5400
I-Y43545	4200
I-Y38707	1050
I-BY70410	1050
I-Y125034	3400
I-Y44748	3300
I-Y44817	1700
I-Y133110	325
I-BY155046	125
I-L1195	5400
I-Y3709	5400
I-Y151420	4400
I-FT380000	5400
I-Y217738	5400
I-BY166007	5400
I-BY168618	5400
I-BY166450	1750
I-FT108421	950
I-Y189293	50
I-L1193	5400
I-Y38674	500
I-Y39485	300
I-Y3712	5400
I-Y27463	5300
I-Y64939	3100
I-Y3684	5100
I-Y3708	3700
I-B293	3600
I-Z31168	3600
I-FT82321	3600
I-FT13004	2700
I-Y167978	1350
I-Y6028	3700
I-BY166660	50
I-BY202349	3400
I-Y187767	1300
I-FT36762	3700
I-Y33745	1300
I-Y91209	250
I-Y46816	1800
I-FT352998	800
I-Y49659	50
I-BY68692	1400
I-FT30350	1000
I-BY28902	650
I-Y67825	650
I-Y6021	3700
I-Y88283	2300
I-Y88549	2100
I-Y93841	1600
I-Y88297	1600
I-Y6000	3300
I-Y5996	600
I-FGC14236	50
I-FT186345	200
I-Y20863	475
I-BY37503	475
I-Y23610	275
I-FTB50786	450
I-Y23654	200
I-Y88465	350
I-FTA29093	350
I-Y309075	375
I-BY86585	275
I-FTA91184	375
I-FTB9374	225
I-Y70035	125
I-L126	3200
I-Y221022	50
I-Y55254	2300
I-BY157473	1850
I-FTB16356	400
I-Y255610	1200
I-Y255543	1200
I-Y48146	2200
I-Y47821	1300
I-Y55816	750
I-FGC20063	3000
I-Y34450	1750
I-Y83984	175
I-Y33688	1750
I-YP2572	950
I-BY31467	600
I-Y86482	50
I-FGC26616	1550
I-BY110655	1100
I-BY139318	800
I-Y287056	800
I-Y286691	100
I-Y4733	2700
I-FTD12996	2500
I-Y4171	1950
I-Y23716	1450
I-BY3805	1300
I-Y4142	1600
I-Y7190	300
I-Y36593	1150
I-FT90436	1150
I-FT220078	850
I-Y91989	200
I-BY136377	850
I-FT220080	850
I-FT366338	350
I-Y181758	850
I-FT151414	275
I-Y4751	1550
I-Y94701	400
I-Y159063	750
I-Y292515	800
I-Y642746	275
I-Y72806	1000
I-Y85612	225
I-Y139236	225
I-Y139612	1150
I-FT23556	1150
I-Y139609	850
I-FT24080	125
I-Y12714	1550
I-Y12339	550
I-Y31615	1250
I-Y40418	1100
I-FT22891	1500
I-Y21729	750
I-Y31090	750
I-BY3812	450
I-BY88209	50
I-BY82880	425
I-BY3610	1350
I-Y63570	800
I-Y10657	1050
I-Y29626	850
I-Y31109	850
I-Y29627	850
I-Y90113	225
I-Y30722	425
I-Y92890	50
I-Y10655	350
I-FT58617	250
I-Y36135	1250
I-Y433832	50
I-Y154983	1050
I-BY58294	850
I-FT166892	500
I-FT91746	1200
I-FTH16184	125
I-Y175556	200
I-Y141060	800
I-Y140579	1550
I-FT97521	600
I-Y140584	1500
I-FT228503	550
I-BY54878	1450
I-BY60810	1300
I-Y156445	1300
I-BY106497	150
I-FT342728	600
I-FTA52805	250
I-FTA52914	125
I-Y33770	1200
I-Y34393	1100
I-BY19883	650
I-FT28471	650
I-FT31123	125
I-Y33769	250
I-BY19887	500
I-FT409819	500
I-Y36529	375
I-Y105604	125
I-Y39696	900
I-Y130813	850
I-FT60157	475
I-Y132729	650
I-BY222142	650
I-FTB43268	50
I-Y39206	650
I-Y134061	150
I-Y39421	400
I-FTC51751	125
I-Y130736	275
I-FT138527	125
I-Y130808	50
I-Y4752	1350
I-YP6208	1100
I-Y36143	275
I-Y32659	700
I-Y32661	425
I-Y19693	1300
I-Y17398	150
I-Y131609	950
I-Y131617	800
I-Y131613	650
I-Y131610	350
I-Y23144	600
I-Y67976	150
I-Y45000	650
I-Y46292	350
I-Y57253	350
I-Y62974	1250
I-Y182427	425
I-Y76840	350
I-Y4750	1200
I-Y5673	1200
I-Y11246	275
I-BY3818	1200
I-BY19877	1100
I-Y131693	1000
I-Y206566	850
I-Y39068	350
I-BY3819	850
I-BY19896	300
I-Y136834	800
I-Y20072	850
I-Y80046	425
I-BY3821	550
I-Y67430	350
I-Y30372	425
I-A11471	300
I-A11471a	300
I-Y11858	750
I-BY81373	250
I-Y11858a	750
I-Y11857	750
I-Y17214	325
I-Y11197	750
I-A2229	300
I-A5860	375
I-Y8599	1000
I-Y11668	850
I-V1840	550
I-Y29077	475
I-Y29076	200
I-BY19893	100
I-Y9269	700
I-BY47538	600
I-Y9268	500
I-Y125692	50
I-A6695	125
I-BY88061	50
I-Y8600	500
I-Y232347	125
I-Y8601	375
I-Y8602	350
I-A6698	100
I-CTS10057	10300
I-L701	9500
I-Y5606	8700
I-L699	8000
I-Y7637	8000
I-FTJ80	8000
I-Y8543	3800
I-Y7642	3800
I-Y20885	3300
I-Y20878	175
I-Y7641	700
I-Y30543	375
I-S12195	7200
I-Y154998	2900
I-Y345712	2900
I-Y5669	7200
I-S23937	5500
I-C121262	5300
I-Y50210	700
I-PF6901	5500
I-Y5670	6400
I-Y5671	6400
I-Y251394	3700
I-Y390302	3700
I-Y166757	6300
I-Y244790	6300
I-Y277407	2500
I-Y244796	3500
I-Y267458	3400
I-C142295	3400
I-Y10677	150
I-Y6998	6300
I-Y6973	6300
I-Y6996	1750
I-BY138030	1750
I-Y40290	750
I-FT4915	50
I-P78	5200
I-Y309342	3300
I-Y309340	125
I-Y7219	4200
I-Y8945	700
I-Y137037	475
I-Y9382	500
I-BY19809	100
I-Y9389	500
I-Y38897	450
I-Y7222	2400
I-Y7214	250
I-Y87452	250
I-FT175879	150
I-FT135755	150
I-Y41503	150
I-S25733	4800
I-PH2670	4200
I-Y199620	2900
I-Y199158	1250
I-Y214083	1100
I-PH246	1000
I-Y214184	700
I-Y363379	1000
I-Y363427	1000
I-Y632263	350
I-Y199559	1150
I-Y200040	1050
I-Y199239	950
I-Y226397	900
I-Y226395	650
I-A427	4800
I-Y319620	800
I-Y522827	4800
I-Y39342	4800
I-FTD86866	4800
I-Y42846	3500
I-Y44468	150
I-S17511	3900
I-Y279802	3900
I-FTA20208	3000
I-Y136535	2400
I-Y128315	3200
I-Y128641	700
I-Y128364	225
I-Y378824	3900
I-FGC70611	3800
I-FGC70567	2100
I-FTA38121	3600
I-FTA40070	3500
I-Y378526	2500
I-Y602572	200
I-S23897	4400
I-FT412950	2900
I-A8078	3200
I-Y4884	3900
I-Y5362	3500
I-Y32665	2400
I-Y5359	1800
I-Y39330	1800
I-Y5369	200
I-Y5369a	200
I-Y24488	125
I-Y6405	3400
I-Y177314	2400
I-Y155150	500
I-FT210066	125
I-BY97160	275
I-Y177446	50
I-Y6396	3300
I-Y6406	2900
I-Y11261	1750
I-Y39743	750
I-Y38863	650
I-Y52940	800
I-FT367939	750
I-FTA21537	350
I-Y670492	750
I-BY224950	750
I-Z161	10000
I-Z189	10000
I-BY3797	8800
I-PH5234	8800
I-Y5213	7400
I-Y299171	1900
I-Y5188	3000
I-BY57564	2500
I-Y38715	550
I-Y10671	1500
I-Y39758	850
I-L623	9200
I-PH2391	4600
I-Y15491	3400
I-Y45629	950
I-S20076	4400
I-Y29618	800
I-Y131175	3100
I-PH4859	1550
I-FTA5982	1500
I-Y131169	1100
I-Y140521	3000
I-Y162102	750
I-Y162425	400
I-A7202	275
I-FT404326	350
I-FT353817	250
I-CTS4348	9200
I-L801	8100
I-Y3249	4500
I-Y167771	4500
I-BY97882	4100
I-Y98943	2200
I-Y83902	475
I-FT384000	4500
I-Z170	4100
I-Y36144	850
I-Y113416	700
I-Y139183	125
I-Y352743	700
I-Y180371	200
I-Y16963	3700
I-Y7206	2600
I-Y7202	2000
I-Y39405	900
I-L1290	1950
I-Y6647	1900
I-Y64175	800
I-Y80720	425
I-Y6644	1800
I-Y6639	1400
I-Y8830	850
I-BY190783	700
I-Y8831	550
I-Y13947	550
I-FT163273	125
I-CTS1977	3700
I-Y65895	3600
I-BY13273	2600
I-Y76416	2600
I-BY13296	1600
I-BY54534	1600
I-Y161724	2300
I-BY109443	275
I-BY94158	1900
I-Y4946	3400
I-Y131277	2000
I-FT374352	1950
I-Y232591	2500
I-Y528127	1850
I-Y232718	200
I-Y605730	1050
I-Y8935	2800
I-Y12052	1900
I-BY50251	1350
I-Y61741	950
I-Y30040	1600
I-Y33719	475
I-Y33722	225
I-Y158792	50
I-Y7153	3200
I-Y15788	3000
I-Y7829	2800
I-Y7825	1500
I-Y7152	950
I-A11214	250
I-BY50248	250
I-Y86977	150
I-Y5282	2900
I-BY3754	850
I-BY13361	275
I-Y23418	1950
I-BY13426	1550
I-BY13384	1550
I-Y31091	1700
I-BY3753	1450
I-BY25870	550
I-FT16477	550
I-Y81563	50
I-Y7151	2800
I-CTS1858	1850
I-CTS10148	1850
I-Y252903	500
I-BY13231	1850
I-FTA29671	1800
I-FTA34117	1800
I-Y435028	1850
I-Y11762	1500
I-BY13258	1150
I-Y11763	200
I-Y22362	1550
I-BY3748	200
I-BY13216	50
I-Y11230	2900
I-Y413455	2600
I-Y84255	2300
I-Y11229	2700
I-FTB2021	1100
I-BY195155	2500
I-MF14662	2200
I-FT220268	1300
I-FTA16476	1100
I-Y11920	2700
I-BY13388	2000
I-BY13435	2000
I-A18713	750
I-YFS3117413	275
I-A18721	275
I-P95	2000
I-BY157642	1000
I-FT240454	1000
I-FT239880	200
I-FGC33295	2700
I-Y23130	1150
I-Y458738	1150
I-Y23401	1000
I-Y23403	700
I-FGC6800	2700
I-PF4366	150
I-Y153577	150
I-Y15823	1300
I-Y15588	50
I-FTA42918	50
I-Y11774	2500
I-Y220837	2200
I-Y221016	1050
I-Y23701	500
I-Y12335	1200
I-Y13022	550
I-Y13408	475
I-BY13199	300
I-Y13023	325
I-Y15912	225
I-CTS6433	4100
I-Y7155	3200
I-Y7426	325
I-Y31856	2800
I-Y359822	1050
I-S6480	650
I-BY114397	350
I-Y32632	450
I-SK1258	4100
I-Y31901	3600
I-Y375538	3600
I-Y31897	850
I-FGC30175	800
I-Y16445	3800
I-Y92772	3200
I-Y16441	3500
I-BY166963	2400
I-Y36100	2500
I-SK1259	2500
I-Y36098	2100
I-Y36097	1650
I-Y82822	550
I-FGC56722	2800
I-FTB15368	2500
I-FTB14959	1100
I-FTB15686	650
I-FTB14811	650
I-FGC56713	2400
I-FT9106	1100
I-Y84117	1550
I-Y111141	1100
I-FT62879	275
I-FT400923	2700
I-Y360591	1100
I-Y297468	1900
I-Y64346	1150
I-Y36056	375
I-Y16443	2400
I-FT109035	1650
I-Y47901	750
I-FT358554	125
I-Y46175	425
I-Y31077	1750
I-FTC95359	800
I-Y31069	1750
I-Y31066	1300
I-Y102790	1300
I-Y94948	800
I-Y180451	800
I-FT171362	350
I-L1425	3200
I-FT28889	1800
I-Y39366	2600
I-Y41202	1300
I-Y4766	2100
I-Y32662	1300
I-Y33169	275
I-FT47319	2100
I-Y4769	1200
I-Y179328	1200
I-FT47195	1200
I-FTB66947	1200
I-BY3605	3100
I-Y47040	1600
I-Y220410	3100
I-FT6886	3100
I-FT216113	2800
I-Y226798	2100
I-TY321577	1950
I-Y343234	950
I-Y519225	800
I-CTS5332	1250
I-Y43928	1350
I-Y414693	950
I-Y414847	650
I-Y40409	700
I-BY171035	325
I-FT174589	325
I-FT175321	200
I-FT358534	200
I-FT227705	550
I-Y43584	500
I-Y17376	3000
I-S14645	2900
I-Y167015	2100
I-BY60236	1500
I-BY112118	1100
I-FT5926	1500
I-Y304516	50
I-FT5305	550
I-Y17502	2400
I-Y181005	425
I-Y17377	1800
I-Y39930	1200
I-Y30324	1800
I-Y36124	600
I-Y22007	1450
I-Y22005	200
I-Y30319	200
I-S2364	4100
I-Y136528	3800
I-Y136469	3600
I-Y136470	3600
I-Y136467	1000
I-Y13435	3300
I-Y168661	150
I-FT22708	50
I-Y5561	3200
I-Y31133	2800
I-Y102504	425
I-Y38628	1950
I-Y140191	1800
I-MF17330	200
I-S8112	3500
I-Y4928	3400
I-L1272	3300
I-Y5715	2600
I-Y558653	2500
I-Y5717	450
I-Y44385	225
I-Y4926	3400
I-Y13037	1900
I-PH4369	1550
I-FT367106	1900
I-Y43838	1300
I-Y40723	550
I-Y34559	1850
I-Y33697	450
I-Y84370	950
I-Y84758	75
I-Y6876	3400
I-FGC60083	650
I-Y14695	3400
I-Y14686	2500
I-Y14685	1600
I-Y17518	1450
I-Y17514	600
I-Y22002	50
I-Y6884	3400
I-Y6877	2800
I-Y145601	475
I-Y6883	2800
I-BY152608	425
I-S8104	2800
I-FTH8061	2800
I-S8105	2300
I-Y6875	2300
I-Y90929	550
I-Y92887	225
I-Y6881	1700
I-FGC21549	1400
I-FGC17393	1350
I-FT165653	600
I-FGC21180	1350
I-Y22702	375
I-FGC17394	600
I-FGC17377	375
I-Y4955	4100
I-Y5695	3000
I-Y7268	3000
I-Y7263	800
I-Y7271	800
I-Y7265	650
I-Y33776	125
I-Y5692	1800
I-Y5696	1550
I-FT334575	125
I-BY84315	1400
I-Y5711	1400
I-BY161242	1400
I-FGC20000	750
I-Y151190	550
I-Y5712	275
I-Y11161	4100
I-Y162460	1150
I-Y10660	3900
I-Y10666	3400
I-BY21660	2600
I-BY21655	2100
I-BY21653	200
I-FT245332	1000
I-Y10659	1800
I-FGC58634	1800
I-Y167011	650
I-Y11231	1000
I-Y31044	600
I-Y142819	700
I-Y142818	275
I-FT107638	50
I-Y177642	50
I-Y37834	3300
I-Y149869	750
I-Y63124	850
I-Y104786	3300
I-BY86005	1550
I-BY205692	500
I-Y83339	3200
I-FT377356	2800
I-Y91906	3100
I-Y354909	550
I-FTA8376	200
I-Y94242	1650
I-Y88368	950
I-Y89617	550
I-FT459200	350
I-Y330155	350
I-S2361	3400
I-BY112545	3400
I-FT29022	1300
I-BY40104	2200
I-Y137256	1750
I-Y209085	275
I-Y527324	50
I-FGC55824	3400
I-FGC55839	3400
I-Y9161	3400
I-Y192373	75
I-Y17942	3100
I-Y49919	2600
I-BY118335	950
I-FGC55836	1250
I-Y44327	1150
I-BY200547	850
I-Y14248	2500
I-Y13948	1750
I-Y46108	650
I-Y46453	1450
I-Y33024	1400
I-FT241887	1050
I-FT251382	150
I-Y32639	1350
I-Y111844	1350
I-Y90453	225
I-Y39476	850
I-Z78	3400
I-Y20044	2900
I-Y64364	1250
I-Y23710	1750
I-Y38427	1200
I-Y39229	1150
I-Y141780	3400
I-BY3766	3400
I-FGC32557	2700
I-Y283755	1500
I-BY106498	2500
I-Y425186	1100
I-Y167142	1650
I-Y50175	2500
I-FT334331	600
I-Y132598	3300
I-Y373464	2100
I-FT40870	850
I-Y132599	350
I-BY70194	175
I-BY92644	125
I-CTS8584	3400
I-Y44338	2300
I-Y38763	1050
I-BY3768	700
I-PH2205	1500
I-FT151348	1200
I-Y289506	650
I-Z185	2800
I-Y499395	1500
I-BY201584	2300
I-Y319344	200
I-BY201660	1350
I-Y165312	50
I-Z180	2800
I-Y92994	1400
I-Y263374	1400
I-Y154542	400
I-L1198	2800
I-FT86361	2800
I-Y17535	2100
I-BY3098	350
I-Y39985	200
I-FT86695	50
I-Y18111	1500
I-FT105503	1100
I-Y18109	175
I-FT73935	2600
I-FGC91264	2200
I-FGC91274	1850
I-Y39168	700
I-Y172437	450
I-Y160449	150
I-Y40511	450
I-Y172481	50
I-BY46958	2200
I-Y50549	1050
I-BY3778	150
I-Y151541	50
I-Y6060	2600
I-S2366	2400
I-FT107281	1450
I-Y311388	1100
I-Y29658	1750
I-Y164173	175
I-BY205023	125
I-Y29661	1750
I-BY181202	850
I-Y90227	1350
I-Y29659	1700
I-Y7273	1900
I-FT20093	1450
I-BY3100	1800
I-Y7671	650
I-FTA51565	500
I-Y7677	650
I-Y29608	850
I-Y89148	150
I-BY46994	1800
I-Y36632	1050
I-BY66854	750
I-Y5750	1900
I-Y5748	1750
I-Y46018	1500
I-Y43052	1350
I-BY150623	50
I-FT218916	800
I-Y16460	475
I-Y16470	300
I-Y7272	800
I-BY204017	800
I-BY125170	450
I-Y157224	50
I-S20905	2800
I-Y446902	1750
I-Z190	2800
I-S8298	2800
I-FTC68290	275
I-FTC80938	50
I-Y32151	2700
I-CTS7618	2200
I-M12355	2200
I-Y32156	2100
I-Y111149	650
I-BY27818	650
I-Y36051	2100
I-FT268580	2100
I-Y255684	2100
I-CTS3428	200
I-Y4869	2700
I-Y30736	2500
I-Y7280	1500
I-Y7818	1250
I-Y29666	800
I-A10757	350
I-BY176350	350
I-Y157358	200
I-GG275	200
I-A10758	50
I-BY37562	2700
I-Y105806	700
I-Y87525	500
I-Y33771	1400
I-Y93186	1400
I-Y20888	2300
I-Y32645	2200
I-FT262293	2200
I-BY3773	1650
I-Y32646	175
I-Y81046	1550
I-Y66799	1100
I-Y79294	800
I-CTS12706	2600
I-FT27459	2600
I-Z79	2600
I-Y7682	1100
I-PH1414	800
I-Y8712	2600
I-BY103184	1450
I-Y39166	100
I-Y5736	1800
I-Y5729	850
I-Y23539	300
I-Y42786	200
I-P37	18100
I-CTS595	18000
I-S21825	14700
I-Y21979	5200
I-BY66505	4600
I-BY90015	4100
I-Y163768	3000
I-Y22591	4000
I-Y21980	1150
I-A13906	850
I-Y4213	14500
I-FT344596	12500
I-FT344600	6100
I-FT344602	6000
I-Y4192	12100
I-Y28222	12100
I-BY33170	12100
I-FTA37476	8500
I-BY33164	12100
I-BY33169	10400
I-M838	8100
I-Y28224	6800
I-Y62626	5700
I-Y79427	6100
I-BY63113	1950
I-Y61717	1800
I-L1287	7800
I-Y11949	2700
I-Y19470	1350
I-L233	2100
I-Y4197	2100
I-A8462	2000
I-A11930	2000
I-A14892	1800
I-FT250118	1200
I-Y36039	1200
I-Y36040	900
I-FT11343	1000
I-Y138986	350
I-Y138982	325
I-BY77146	275
I-F25958	1000
I-Y96354	550
I-BY111085	425
I-BY132915	425
I-BY154767	200
I-FT37081	125
I-Y169905	200
I-BY111621	325
I-BY164830	350
I-Y155085	350
I-Y106756	850
I-BY124440	125
I-FT8747	425
I-Y102352	650
I-Y215389	125
I-FT67257	250
I-Y181265	125
I-FT47329	650
I-FT47877	425
I-Y144730	275
I-Y85375	425
I-BY189019	300
I-FT97878	225
I-BY189035	50
I-Y4252	1800
I-BY118047	350
I-FT133689	1550
I-BY65456	1250
I-Y142672	1200
I-Y86483	1050
I-BY117344	1700
I-FT137092	1300
I-FT252317	650
I-A417	1750
I-Y149953	150
I-Y32652	1050
I-Y98295	475
I-FT398059	275
I-A19385	1800
I-Y82374	1600
I-Y418093	700
I-BY64794	800
I-YFC1342994	800
I-Y103977	550
I-Y32657	1800
I-Y38919	1800
I-Y36128	450
I-Y36654	375
I-Y33765	1450
I-FT250135	425
I-Y33767	475
I-FT314945	475
I-Y33761	225
I-Y85503	1750
I-FT87019	650
I-FT212799	1400
I-FT211895	650
I-FT213673	500
I-Y265155	200
I-FTA56202	600
I-Y282286	425
I-A10033	1400
I-Y60701	600
I-Y23458	1400
I-BY73711	850
I-BY88267	1400
I-A19486	1400
I-Y60343	200
I-BY149840	1400
I-FT406278	1200
I-FGC56815	1550
I-FT147716	800
I-FGC56815a	1450
I-Y105479	650
I-FT102358	650
I-Y131221	425
I-Y131236	350
I-Y131229	50
I-A7111	1800
I-FTA82557	275
I-Y54081	1400
I-Y138219	1800
I-Y275489	650
I-BY63871	1000
I-BY91094	550
I-Y84928	800
I-FT134029	700
I-A23319	500
I-FTB49772	500
I-V1278	500
I-Y304695	200
I-FTB44480	475
I-Y94204	300
I-Y158754	275
I-L158	15500
I-CTS2046	11500
I-L1274	6500
I-BY21549	5900
I-Y64375	4200
I-Y65774	650
I-Y81170	1200
I-Y3992	8900
I-BY189905	5600
I-Y160923	5200
I-Y160790	375
I-Z2049	7900
I-Y11222	5800
I-Z27396	5300
I-Z27398	5300
I-PF6921	3500
I-PF6939	2500
I-Y15581	3900
I-Y17390	3500
I-Y49473	800
I-Y47373	1200
I-Y49177	375
I-Y25784	1400
I-Y54965	500
I-Y63713	950
I-FT46055	950
I-BY40578	5700
I-Y21997	5000
I-Y45216	2100
I-Y63652	5000
I-Y62258	3400
I-FT53174	3000
I-BY37467	3300
I-BY170278	2500
I-Y61015	750
I-BY63498	275
I-Y14718	5300
I-Y85303	800
I-Y102001	375
I-Y105805	50
I-Y15473	4800
I-Y144436	2600
I-FT296754	50
I-Y144435	1000
I-Y144439	400
I-Y298995	350
I-Y144442	200
I-Y14720	3500
I-DC796	2700
I-Y60757	550
I-Y73815	375
I-Y15460	3100
I-Y19660	2500
I-Y19659	800
I-Y14722	3100
I-BY103693	3100
I-Y50490	3000
I-Y313667	1800
I-Y44831	1300
I-FTA23311	650
I-L160	5800
I-F1295	5800
I-Y131770	350
I-BY174945	4400
I-Y162893	900
I-Y21970	3500
I-Y21971	3100
I-Y164411	3100
I-BY18705	1150
I-Y64278	1100
I-Y69797	375
I-FTA59785	375
I-A13628	300
I-PH1671	2100
I-Y68070	1600
I-Y62321	1350
I-Y138751	1850
I-Y250531	425
I-Y138768	600
I-Y138757	375
I-Y82628	225
I-PF4088	5700
I-Y137878	2800
I-Y25699	800
I-A17273	5700
I-BY45921	5700
I-Y36693	5700
I-Y23722	800
I-FTA6470	200
I-A19395	4800
I-Y83748	3300
I-Y82558	750
I-BY37379	3300
I-FT162436	3300
I-BY129449	2800
I-FT345197	1250
I-Y427896	1250
I-FT106118	3200
I-Y141619	850
I-Y154884	550
I-Y217789	125
I-CTS1758	5700
I-PF4104	2300
I-Z27054	1500
I-PF4144	2300
I-Y24017	5700
I-FT35110	2800
I-Y23153	2900
I-Y23412	2800
I-Y23411	2800
I-CTS9973	2800
I-Y190069	1650
I-CTS11517	1200
I-FT54418	2800
I-Y60821	325
I-BY115925	150
I-Y2177	5500
I-BY130413	5200
I-F22803	900
I-Y38933	3600
I-Y597083	550
I-Y40338	1150
I-Z27034	5500
I-Y84185	3000
I-Y89460	1650
I-FT137670	600
I-Y95251	475
I-Z27030	5500
I-S18051	2400
I-BY37344	3700
I-BY205153	3300
I-BY37325	2800
I-FTC22048	200
I-Y256537	2600
I-Y313102	900
I-Z105	5000
I-PF4189	4800
I-A12373	3000
I-BY64875	850
I-Y84594	3300
I-Y90362	2500
I-Y127057	2300
I-BY68371	750
I-FT238960	550
I-PF4188	3700
I-PF4211	2200
I-PF4223	1800
I-Y3945	50
I-PF4295	3600
I-PF4393	1850
I-PF4404	125
I-Z26848	1700
I-PF7172	950
I-FT304036	850
I-PF4422	3400
I-PF4459	2200
I-Y249502	900
I-Y323125	425
I-PF4431	3000
I-Y104389	3000
I-Y85335	350
I-Y360106	200
I-FGC93376	350
I-Y4386	4600
I-Y160125	3500
I-Y160128	1000
I-Z99	3200
I-Z98	2100
I-Y104678	2100
I-Z113	1900
I-Y2181	1900
I-Y155330	1400
I-BY146971	1150
I-Y301480	1100
I-FT342160	1900
I-Y207627	950
I-FT59019	1550
I-Y41400	1100
I-BY55167	550
I-Y55233	1550
I-Y38900	50
I-A18463	1550
I-FTB3630	1550
I-FTB3861	50
I-BY61594	1550
I-FT196526	1450
I-Y140451	1250
I-A18572	600
I-BY170474	300
I-M423	14100
I-V6473	14100
I-FGC41353	14100
I-Y7286	14100
I-Y24694	2400
I-Y324397	1350
I-Y128272	1600
I-Y136305	475
I-Y3104	11600
I-L161	7200
I-Y13336	4500
I-Y13331	4000
I-Y13339	3000
I-Y13604	2900
I-Y13330	150
I-Y60935	950
I-Y167371	200
I-Y69164	500
I-S2639	7200
I-A812	6900
I-Y12072	3100
I-Y12070	3100
I-Y85743	375
I-PF4135	2400
I-Y91501	2400
I-FGC39003	1050
I-FTB58300	375
I-A11374	2400
I-Z45261	375
I-Y166579	225
I-Y11772	1650
I-A11115	1450
I-Y64698	800
I-Y12075	1300
I-Y36079	1250
I-A19302	1250
I-Y128218	650
I-Y12073	650
I-Y12073a	500
I-A11984	350
I-FGC71304	650
I-Y19285	350
I-A9877	50
I-FTB21047	200
I-A13665	1250
I-Y31631	1250
I-A13664	1250
I-A14359	850
I-Y37101	850
I-FT176677	850
I-Y167071	475
I-A19380	500
I-Y102853	275
I-Y156113	600
I-L1498	7100
I-A10029	6600
I-A10028	4800
I-Y28215	3400
I-Y28991	3100
I-Y31015	1100
I-FGC7094	7100
I-FT27731	7000
I-Y12993	6500
I-BY1236	2800
I-Y38490	350
I-A8742	6500
I-Y292968	6500
I-Y51883	5200
I-BY160006	750
I-BY37286	5600
I-BY37269	3800
I-BY37259	550
I-Y422260	850
I-Y523269	350
I-Y161566	2200
I-BY189123	1850
I-Y161526	450
I-FGC7087	6800
I-BY60222	5800
I-BY71227	5300
I-BY186215	1400
I-Y3749	6400
I-Y169013	5700
I-BY33358	5600
I-Y14619	6000
I-S2742	5600
I-PH401	3700
I-FT251613	3000
I-Y140746	3300
I-Y14338	5200
I-S2630	3200
I-BY168587	2200
I-S2624	475
I-Y14605	4700
I-A16983	750
I-Y106539	50
I-Y48879	4700
I-BY175113	3700
I-ZS11586	1100
I-Y45563	3800
I-Y45481	1350
I-FT45562	3600
I-Y302220	3600
I-Y14339	3000
I-PF3086	1750
I-Y139309	1150
I-Y14604	2700
I-BY135483	2700
I-Y128168	2500
I-Y14342	1400
I-Y14340	1400
I-A16449	325
I-A17998	1400
I-A18000	1000
I-FT4590	125
I-Y48314	200
I-Y3722	3800
I-A22306	3600
I-Y157525	600
I-Y7847	1200
I-Y20866	850
I-Y20872	600
I-FT144530	200
I-Y46717	600
I-Y194743	400
I-Y50064	125
I-Y69224	1650
I-BY37518	1500
I-Y262495	1450
I-FTA94677	1150
I-Y143386	1200
I-Y143389	950
I-Y143387	325
I-FGC7193	3400
I-Y3734	3200
I-FGC14453	2900
I-Y5450	2000
I-Y18393	1800
I-Y44821	900
I-Y314402	50
I-Y470484	50
I-A12374	1700
I-BY37223	1250
I-BY224067	950
I-Y63687	1050
I-Y5452	1500
I-Y5453	1350
I-FTA98482	700
I-Y5451	1300
I-Y39012	950
I-Y128131	1300
I-Y128027	350
I-FGC14463	800
I-BY158352	700
I-FGC14449	425
I-FGC7163	2900
I-Y4660	1400
I-FGC14716	1000
I-FGC14721	375
I-Y607469	50
I-Y92811	800
I-FT14043	800
I-Y5280	1400
I-FTA38834	950
I-FGC7210	1100
I-FGC7198	50
I-A14890	750
I-Y82491	225
I-FT86615	750
I-Y39543	275
I-Y21537	1400
I-BY180053	850
I-Y60838	900
I-BY136251	1250
I-FT256148	425
I-Y69677	275
I-L621	6400
I-Y45825	2100
I-CTS10936	5500
I-S19848	5500
I-Y85772	3300
I-Y81561	1350
I-Y84342	1200
I-CTS4002	5000
I-Y44940	2200
I-FGC20479	4300
I-Y354689	4200
I-Y354339	125
I-FGC20473	4000
I-Y91151	1400
I-BY31905	1850
I-Y66580	1250
I-Y60783	350
I-Y646613	1850
I-BY89974	1100
I-BY63579	425
I-FT215352	600
I-FTG27908	300
I-CTS10228	3400
I-Y81696	1600
I-Y3120	2200
I-BY154615	1550
I-FT76511	1450
I-FT256359	1100
I-Y18331	2100
I-Y223834	400
I-Y158862	1150
I-Y158878	125
I-Y253085	2000
I-Y253088	2000
I-A2512	2100
I-Y366243	1200
I-A7134	1650
I-Y32624	750
I-Y84841	375
I-B61	700
I-BY72528	350
I-A10959	2100
I-Y66192	1400
I-Y153039	250
I-BY161850	125
I-Y182158	950
I-Y182752	275
I-Y60804	425
I-Y23115	1050
I-A13655	650
I-FTB78318	650
I-Y290912	350
I-Y23118	650
I-A13654	600
I-Y87441	375
I-FTA60607	275
I-Z17855	2100
I-FT226393	500
I-FT386376	2100
I-BY116090	1450
I-BY92056	2100
I-PH3414	1000
I-Y58629	750
I-Y48807	225
I-Y75980	1800
I-Y60793	1100
I-Y230195	1900
I-Y256221	1900
I-Y255786	1900
I-Y230196	1900
I-CTS8213	1900
I-FTD85543	1900
I-A21934	1900
I-Y263534	1650
I-Y319236	50
I-Y375983	1100
I-BY114557	1900
I-FT396308	1900
I-MF117187	1000
I-FT173833	1450
I-FT119338	1100
I-Y449478	1100
I-Y255792	800
I-Y12341	1450
I-Y362490	1450
I-Y330564	1450
I-Y4295	50
I-FT12287	1350
I-Y39505	1250
I-A19454	950
I-Y44133	950
I-Y263849	50
I-FT138640	800
I-Y52071	1100
I-Y167284	125
I-Y59595	800
I-Y151307	225
I-FT20796	1900
I-FT333768	1350
I-Y484873	1450
I-Y405056	1750
I-Y512033	425
I-FTF58462	425
I-BY190177	1350
I-Y474927	800
I-Y167811	750
I-Y131386	475
I-FT17506	275
I-A16413	1500
I-Y151087	1000
I-Y486674	550
I-Y263173	1500
I-Y135658	1400
I-Y376881	1150
I-FTG94884	125
I-A20030	1250
I-BY55537	650
I-Y151995	425
I-Y447500	50
I-Y135654	950
I-Y135655	550
I-Y135653	500
I-BY97841	50
I-Y508496	2200
I-Y4460	2000
I-FT6738	1500
I-Y420205	1300
I-Y441965	650
I-SK1241	2000
I-Y31845	2000
I-Y75171	1950
I-Y85905	375
I-BY37317	1600
I-FT65490	1450
I-FTD23572	1450
I-FT122415	1450
I-Y70430	2000
I-M4597	1350
I-Y312797	275
I-Y64438	2000
I-BY88589	2000
I-BY81774	1600
I-B57	2000
I-Y3106	2000
I-S8201	1750
I-PH5047	1250
I-Y323916	1750
I-S22288	1750
I-Y323917	500
I-Y8942	1600
I-Y456022	1200
I-Y42031	1300
I-Y39483	500
I-Y43929	50
I-Y195015	1500
I-Y13498	1350
I-FT254431	75
I-A6105	1850
I-Y284065	1850
I-Y232385	1050
I-BY128086	1850
I-Y87425	600
I-Y416912	50
I-Y16810	1600
I-Y40000	50
I-Y91090	1200
I-Y94994	125
I-FT417133	1750
I-FT190633	1200
I-FT190479	850
I-Z16973	2000
I-Y46607	125
I-Y175806	1500
I-FT106436	1400
I-FT105866	1400
I-FT104884	500
I-FT10545	2000
I-Y91535	1250
I-Y90289	650
I-FT9301	2000
I-FT8963	1850
I-FGC63213	2000
I-Y4298	2000
I-Y622549	125
I-Y128456	1850
I-Y128119	275
I-Y129345	200
I-Y3118	2000
I-FTC74322	350
I-Y39363	850
I-Y600685	1800
I-Y600683	900
I-FT154027	2000
I-FT212368	1000
I-FT305059	2000
I-Y244991	1550
I-Y244983	50
I-FT220052	1600
I-FT194407	1300
I-FTB65930	800
I-Y189048	1850
I-Y189289	1750
I-Y161783	1700
I-A26614	700
I-Y161695	1700
I-Y161788	1550
I-Y161680	550
I-FTC16476	500
I-FT16121	2000
I-Y135400	225
I-Y258636	1950
I-Y125625	1600
I-Y354309	1600
I-FT108909	1600
I-Y45300	1600
I-Y5598	2000
I-CTS5779	1650
I-FTA31711	1400
I-Y10622	1600
I-Y10624	1200
I-BY110974	950
I-BY133340	800
I-Y401653	650
I-Y17106	1450
I-FTA17881	1100
I-FTA17320	950
I-Y544130	1750
I-FTA37575	1450
I-Y216711	950
I-Y223710	50
I-FT40113	1750
I-Y568249	850
I-BY156040	1650
I-Y45587	800
I-FT44595	800
I-FT40536	325
I-Y25010	1750
I-Y317144	350
I-Y376529	350
I-BY142660	1750
I-Y280071	1500
I-Y29565	1400
I-FT278687	1750
I-Y92276	1750
I-BY68951	1750
I-BY94806	1250
I-FT450013	1100
I-Y155453	950
I-S17250	2100
I-FT91315	1650
I-BY142076	2100
I-Y40662	1150
I-A26390	1800
I-FT269253	1450
I-FTA23679	1750
I-FTA24412	1750
I-FTA25120	1350
I-FTA26387	1350
I-Y244400	900
I-FTA22961	650
I-Y435818	700
I-Y392779	550
I-Y5596	2000
I-A14973	1700
I-FT89578	125
I-Y192026	1700
I-FT145834	1700
I-FT145778	800
I-Y516002	1000
I-Y48192	550
I-Y46985	500
I-Y44950	50
I-Z16971	2000
I-Y159653	2000
I-FT80174	1550
I-FT37540	1550
I-BY184129	2000
I-Y5595	1850
I-A16681	1450
I-Y274013	1200
I-Y285687	950
I-Y351556	1450
I-Y38927	550
I-Y160601	650
I-FT308967	1250
I-FT310138	950
I-FT308122	950
I-FT39645	1850
I-Y520489	1850
I-FTB8700	1150
I-Y245597	500
I-Y78980	1650
I-FTC88046	1650
I-Y12911	1850
I-FT233531	1500
I-Y592755	800
I-FT42350	1850
I-FT234871	1400
I-FTD61011	1650
I-FT122179	1850
I-Y283720	1300
I-F24901	1150
I-FT43555	1650
I-FT38755	1600
I-FTA97675	1650
I-FTA35844	1100
I-Y272830	1650
I-Y351658	1650
I-Y351784	1350
I-FTB32970	650
I-A815	1800
I-FT9248	550
I-FT8732	550
I-Y62880	1050
I-BY193138	1400
I-Y162535	50
I-FT33727	1800
I-FT34568	1800
I-FT32987	1800
I-Y262343	1800
I-Y246976	1800
I-BY147900	1400
I-FTA66587	1800
I-FT398145	1150
I-Y247812	1100
I-FT398005	1100
I-A5875	1600
I-Y179040	1200
I-Y32090	425
I-FT96342	200
I-Y176987	50
I-Y31024	425
I-Y31025	1600
I-A21278	1600
I-BY42203	225
I-A5876	1150
I-Y112522	1500
I-Y514805	1800
I-Y4882	1750
I-Y16473	1650
I-Y46518	1450
I-Y56991	500
I-Y162454	1550
I-BY194708	700
I-FT66517	1650
I-F20176	1500
I-FGC30452	1300
I-BY30329	900
I-Y419720	325
I-Y584706	150
I-Y83761	250
I-BY54431	250
I-BY124002	125
I-Z16969	1750
I-A7358	1500
I-Y290226	1500
I-FT16284	1500
I-FT341320	350
I-Y88700	1250
I-Y94925	50
I-FGC83784	1750
I-PH5237	1350
I-Y597186	50
I-A12505	1400
I-Y40830	700
I-A1328	1700
I-FT27092	1700
I-FTA80342	1700
I-Y603957	650
I-Y15928	1550
I-FTB40760	900
I-Y17665	1000
I-Y39630	1200
I-BY103931	1550
I-BY70033	1550
I-Y177643	1550
I-Y432942	650
I-Y448371	1500
I-Y188959	1200
I-Y188845	850
I-Y189076	850
I-Y188841	600
I-Y188808	275
I-Y220413	1550
I-FT109194	1100
I-FT109402	1000
I-FTA99021	650
I-Y279925	650
I-FT109387	950
I-FT461579	1550
I-Y441928	1350
I-FT386055	900
I-FTD21598	425
I-FTF15614	225
I-FT27624	700
I-FT385600	650
I-FT386567	650
I-FT385599	650
I-FTB12377	425
I-Y482992	1750
I-Y262650	1500
I-FT28683	1650
I-Y141127	1400
I-FTE3040	425
I-Y140266	600
I-Y141124	600
I-FT226043	1650
I-FTA95803	1400
I-FTA95041	1100
I-BY153754	1650
I-FTB10095	850
I-FTC45751	700
I-Y332410	450
I-Y332731	50
I-Y363148	125
I-A10230	1750
I-FTD94464	1750
I-FTF17795	900
I-Y152107	1600
I-Y152087	50
I-PLE07	1550
I-BY31899	1150
I-BY31896	225
I-Y161357	1000
I-Y161329	500
I-PLE04	1250
I-PLE02	1250
I-FTC82800	950
I-PLE08	150
I-A811	1700
I-Y140892	1600
I-Y140891	50
I-BY164522	1650
I-Y289760	1650
I-Y40408	1450
I-Y40760	1250
I-Y244407	50
I-BY23979	1300
I-Y225862	850
I-PH908	1700
I-Y45765	1700
I-FTA65386	1500
I-Y262301	1300
I-Y265443	200
I-Y265455	200
I-Y277521	500
I-Y51673	1000
I-Y153037	1000
I-BY200456	1700
I-FTB39489	1700
I-FTB33264	1600
I-FT168731	1250
I-FT169314	550
I-Y84307	1600
I-FTA65128	1300
I-Y214467	1600
I-Y93273	1600
I-Y101738	950
I-Y214276	1700
I-FT355750	1500
I-FT356032	1500
I-Y673508	1200
I-FT355524	1200
I-FT276002	1600
I-Y359689	1000
I-Y359468	800
I-Y359583	325
I-Y199272	1350
I-MF99099	550
I-Y352390	800
I-FTA64438	1350
I-Y398095	1350
I-Y266284	1050
I-FT382557	1700
I-BY127711	1700
I-FTD50331	50
I-BY93199	600
I-Y515817	550
I-BY76604	225
I-Y308450	225
I-Y32084	1700
I-Y140541	1100
I-PH3310	1600
I-PH1012	300
I-Y64002	200
I-A20333	1500
I-Y298642	1350
I-FT25902	950
I-FT176119	550
I-FT174826	400
I-FT18830	850
I-FT25469	275
I-A5913	1550
I-A16863	1550
I-Y90251	1000
I-Y39942	650
I-A22312	1250
I-Y188043	1250
I-BY55783	1250
I-BY79593	1250
I-Y260989	1150
I-BY153567	800
I-BY152858	700
I-FT65958	700
I-Y516194	700
I-FT65946	125
I-Y189170	300
I-FTC20437	50
I-Y503090	1700
I-Y178551	275
I-Y515812	1700
I-Y282649	1200
I-FT162921	800
I-FT162018	800
I-A29335	1650
I-FTA10357	1000
I-FTB22408	1350
I-FT277965	1650
I-Y230823	1000
I-Y93865	1450
I-Y95760	1350
I-Z16983	1600
I-Y102777	1600
I-Y110105	1300
I-FT37357	1200
I-Y97246	1050
I-BY189404	550
I-BY188785	450
I-Y4789	1550
I-BY201756	850
I-BY169115	1050
I-A8741	1550
I-Y19359	1550
I-Y264744	900
I-Y111673	1550
I-Y90603	275
I-FTC93799	50
I-FT69556	1350
I-FT69508	300
I-Y6651	250
I-FT245949	1200
I-Y55893	1050
I-Y465712	350
I-Y490092	1050
I-Y45843	950
I-Y51899	500
I-Y670310	350
I-FT16449	1650
I-Y109702	1450
I-Y99608	1300
I-Y183257	1150
I-FTB90047	650
I-Y46636	900
I-Y56167	450
I-MF2888	1450
I-Y353372	1000
I-FT138628	1650
I-Y106021	1650
I-Y272748	1650
I-Y272794	1650
I-FTA9633	1100
I-Y81469	1600
I-FT37595	1450
I-FT36524	1350
I-FTA15859	1350
I-FTA16433	1350
I-Y263291	50
I-Y126296	1650
I-FT215325	1650
I-FT214390	1650
I-Y81557	1300
I-FT98024	1300
I-FT167709	1300
I-FT167636	850
I-Z43076	200
I-Y109645	1050
I-Y189253	1050
I-Y189089	550
I-Y493308	800
I-Y177200	1000
I-Y99196	800
I-Y218167	550
I-Y177549	800
I-Y177506	50
I-Y233137	950
I-FT204832	650
I-PF6161	900
I-Y325110	75
I-Y232679	750
I-Y232617	550
I-Y151633	1600
I-FTA49542	800
I-FTA66910	1600
I-Y193127	425
I-Y579484	350
I-Y368773	950
I-FTB820	1000
I-Y353921	1500
I-Y353811	425
I-FT34788	1200
I-BY169079	1600
I-FT407280	1350
I-MF4021	800
I-Y183830	1600
I-Y525174	300
I-BY171718	1400
I-Y343817	800
I-Y267977	250
I-A28710	50
I-Y144303	1400
I-Y144305	1100
I-FT70085	800
I-Y153677	1300
I-Y321721	1300
I-BY170480	750
I-A22770	350
I-FT14506	1600
I-TY425877	800
I-BY140506	1300
I-FT21354	800
I-FT385850	1100
I-Y251275	1600
I-Y607155	1200
I-Y251467	800
I-FT177529	1300
I-FT176058	1100
I-Y330253	1400
I-Y331025	1150
I-A40935	800
I-Y70799	1400
I-BY188335	1300
I-BY187039	850
I-FT352070	850
I-Y255172	1550
I-Y254677	275
I-Y337971	900
I-Y337781	425
I-A13912	1600
I-FTB32566	800
I-Y140427	1250
I-Y263987	1250
I-Y294454	950
I-Y339476	850
I-Y30728	1600
I-A13910	1600
I-BY37511	1600
I-Y30729	600
I-Y88226	325
I-Y486944	1600
I-Y56203	1500
I-FTA22808	200
I-Y46296	1300
I-FTC69351	1300
I-FT25907	1100
I-FT19865	1100
I-Y134578	1050
I-Y319762	600
I-Y134585	750
I-Y190065	650
I-Y134582	650
I-A29945	425
I-Y134636	225
I-Y179535	1550
I-Y413587	1200
I-Y598756	1100
I-BY191770	1400
I-FT39964	1300
I-FT271768	1100
I-FTA42935	200
I-FT125322	1100
I-BY189748	1000
I-FT124969	350
I-FT190202	1250
I-Y248354	500
I-Y52621	1250
I-BY198441	750
I-BY77359	1050
I-Y649067	850
I-Y313595	850
I-FTB88575	850
I-FT190799	900
I-FT190854	350
I-Y189944	750
I-Y476914	700
I-Y263686	600
I-Y264395	700
I-A30291	150
I-Y331554	750
I-Y336905	750
I-Y264472	700
I-Y329074	500
I-Y358110	500
I-Y329174	350
I-FTC66423	350
I-Y483870	700
I-Y336366	400
I-Y329185	500
I-Y329194	350
I-Y250780	600
I-MF681733	600
I-Y251122	175
I-Y571460	600
I-A29200	600
I-Y596557	175
I-Y255062	550
I-Y254753	50
I-A32852	400
I-CTS12249	125
I-Y499136	225
I-Y498707	225
I-Y497357	200
I-Y499215	50
J	31600
J1	18300
J-Y6313	16600
J-FT33726	16200
J-FT265222	12000
J-Y196305	6400
J-FT34521	14000
J-FT33859	7400
J-Y621349	2100
J-Y643214	700
J-Y6304	13500
J-F2306	6300
J-F4303	4800
J-Y68450	1600
J-Y223911	700
J-Y223947	600
J-Y135974	1400
J-Y348375	650
J-ZS3642	13500
J-Y19093	7800
J-Y158859	1700
J-Y159014	1700
J-Y158958	950
J-ZS50	6600
J-FGC42059	1250
J-ZS5071	6600
J-M10096	2000
J-BY93868	6000
J-Y303494	3400
J-Y583281	1250
J-Y271669	5400
J-Y255849	4200
J-ZS5108	4000
J-Y658663	425
J-BY119669	1500
J-Y256359	1300
J-Y255968	950
J-Y448813	500
J-FTF28697	200
J-Y448815	300
J-Y448811	100
J-Z2215	18200
J-Y29696	12800
J-Y156525	6400
J-PF7261	11500
J-Y168316	8700
J-ZS3290	6800
J-Y199965	6200
J-FT277109	1050
J-Y199403	700
J-Y199105	275
J-ZS3289	3400
J-ZS3305	2100
J-Y169200	425
J-ZS11812	375
J-ZS11798	375
J-PH128	8100
J-Y29685	8100
J-PF7262	6200
J-BY72832	3900
J-FT346160	2800
J-FT363436	6000
J-Y214081	4800
J-Y127653	175
J-Y29688	7100
J-Y234094	6200
J-FT418082	4700
J-Y287905	2500
J-Y30278	2200
J-Y85140	1700
J-FTC43742	850
J-Y212213	200
J-PH4992	1500
J-Y211994	1050
J-Y167773	2200
J-F17410	2200
J-Y94416	1050
J-FT15491	2200
J-FT19410	275
J-FTC46560	950
J-Y33339	1600
J-S695	1600
J-FTC45721	1200
J-Y33340	1600
J-Y93016	1550
J-Y36244	500
J-BY25332	50
J-Z2217	18200
J-CTS1026	17100
J-Y136727	8800
J-BY56527	6400
J-Y196453	6400
J-Y180350	4200
J-Z1828	8100
J-Z18463	7000
J-Y31163	500
J-Z18471	6700
J-BY94	3800
J-ZS10767	1300
J-ZS10780	750
J-ZS3178	3200
J-FT60853	3200
J-GG074	3200
J-FGC31593	3100
J-Y5156	450
J-ZS3128	3800
J-ZS3127	1200
J-Y205890	1100
J-Y380139	3800
J-Y298606	1450
J-Y81244	3300
J-Y44223	3000
J-Y544529	200
J-Y177580	2300
J-Y475213	2100
J-ZS6913	2300
J-FT111097	1750
J-Y156564	1750
J-Y63446	500
J-FT157022	200
J-Y4401	7800
J-Z1842	7700
J-Y3476	6400
J-ZS3114	6300
J-FT275667	3400
J-Y199176	1900
J-Y33967	5200
J-Y102610	500
J-Y60194	5000
J-FT291141	3300
J-Y64969	1850
J-SK1283	500
J-Y254019	500
J-Y179558	3200
J-Y608221	700
J-Y180134	2300
J-Y179304	850
J-ZS3084	6300
J-Y39893	3000
J-ZS3067	850
J-ZS3085	125
J-BY152351	6300
J-Y271395	2800
J-Y271394	500
J-Y151297	5000
J-Y251624	650
J-Y151309	4300
J-FT63629	2900
J-Y321933	1800
J-Y461639	650
J-Y461652	650
J-Y237814	750
J-Y330733	550
J-FTD91894	125
J-B234	4800
J-Y256927	4800
J-FGC68039	3300
J-FGC68038	3300
J-BY38057	4700
J-ZS5658	4300
J-Y322931	150
J-FTB57494	2300
J-FTB25111	425
J-FT117382	4300
J-FTA97008	3700
J-FGC45614	3700
J-ZS11229	1650
J-ZS11222	150
J-Y36145	2400
J-Y36159	2400
J-FGC32976	2200
J-Y36158	800
J-Y650095	350
J-Y36148	600
J-Y81379	600
J-Y86486	50
J-FT260795	400
J-FT261994	275
J-BY38055	4200
J-Y206934	3600
J-FTH14221	600
J-Y206924	2200
J-ZS5655	3500
J-Y25791	3500
J-Y82328	1750
J-ZS12644	550
J-ZS5644	2900
J-ZS5650	2200
J-Y514054	2000
J-Y338024	1000
J-Y338027	50
J-Y128953	2900
J-Y129171	350
J-Y143735	1750
J-Y268217	50
J-FTA58931	1750
J-Y143749	1000
J-FTA78347	700
J-Y265926	500
J-FTA58425	400
J-FTC65353	400
J-Y4423	6000
J-ZS3042	5500
J-ZS4887	5100
J-Y651586	3600
J-Y651585	3200
J-Y651574	600
J-FTH60899	125
J-B233	3300
J-Y236636	3300
J-Y236616	1800
J-Y236625	1600
J-FTA21717	1350
J-FT423523	3300
J-V7401	2200
J-Y251821	2600
J-F961	275
J-Y335788	2700
J-Y453604	2700
J-ZS3030	5200
J-Y40579	4500
J-Y345827	425
J-ZS3026	4500
J-Y364210	3000
J-ZS3034	4200
J-Y140347	4600
J-Y140368	4600
J-Y140353	3300
J-FT8525	4600
J-Y192074	1850
J-FTG47533	425
J-Y23505	2300
J-Y209535	850
J-FT345107	150
J-Y196443	800
J-Y497177	400
J-FT360205	475
J-FT296242	425
J-FT360389	200
J-FT256155	600
J-Y216358	600
J-FT256786	425
J-FT257982	425
J-CTS1460	5900
J-BY56616	4200
J-Y162883	5800
J-BY189025	4000
J-FTG69794	2200
J-Y162862	1250
J-FGC52914	5400
J-FGC52903	4800
J-Y318674	3000
J-ZS10873	2400
J-FTB75397	1350
J-Y106959	50
J-Y147483	5900
J-FTD59476	4800
J-Y147367	5900
J-Y650820	1050
J-Y147362	3500
J-Y147382	1450
J-BY72455	1100
J-Y78917	500
J-FT67404	3500
J-Y301256	2600
J-Y301175	425
J-Y301377	200
J-Y96045	5100
J-Y416065	1650
J-Y83506	2700
J-Y97203	2100
J-Y35587	2700
J-BY209295	2500
J-Y200814	1750
J-S12795	900
J-FT304067	200
J-FT293485	700
J-Y79665	5600
J-Y200529	750
J-Y200530	750
J-Y200526	450
J-Y200536	275
J-ZS10132	5600
J-Y27049	4900
J-Y249624	4000
J-Y467165	2400
J-Y467155	1000
J-FTE34158	500
J-Y250090	3400
J-FTA68737	2600
J-FTB886	2100
J-FTB1378	2000
J-CTS1460a	5900
J-BY103715	4700
J-Y156100	4300
J-Y567871	3400
J-BY110629	4300
J-FT282433	4000
J-Y213496	2400
J-ZS7008	5800
J-ZS7032	5800
J-Y22665	5000
J-Y157794	4700
J-FGC37498	4700
J-Y158747	325
J-ZS8730	200
J-Y22035	3200
J-ZS9345	3200
J-FTB14341	3200
J-M11421	2700
J-Y266451	1950
J-FTG28633	1950
J-FTH74425	1850
J-FGC37479	2100
J-FT117784	1800
J-Y180183	1800
J-MF264664	2100
J-Y543834	1900
J-Y545662	300
J-Y5353	3900
J-ZS3009	3300
J-ZS2994	2600
J-Y153050	550
J-FT215692	375
J-Y36737	2200
J-Y138841	200
J-Y36269	1000
J-MF1081	1000
J-Y112419	400
J-Y96154	150
J-BY37587	300
J-Y200578	200
J-BY37568	650
J-Y597141	275
J-Y164303	275
J-Y36270	550
J-Y113309	550
J-Y21396	3800
J-Y273186	3500
J-Y273187	3000
J-Y38521	2200
J-Y649644	350
J-Y30433	2400
J-ZS10928	1900
J-Y96592	750
J-FTD5838	700
J-FTH52967	500
J-ZS10931	1850
J-ZS10930	1200
J-ZS10924	1050
J-Y154949	225
J-FT152537	1050
J-FT153267	550
J-FT154011	200
J-ZS10943	600
J-Y190494	350
J-MF28863	50
J-ZS10926	450
J-Y337390	450
J-FT236876	225
J-FTF45626	200
J-Y86730	850
J-Y99361	700
J-Y129538	375
J-Y130256	200
J-FT275936	375
J-BY96983	325
J-Y199932	275
J-BY50885	200
J-Y16575	650
J-Y98761	650
J-BY79842	175
J-Y367154	650
J-Y152444	500
J-Y152474	225
J-FT11364	475
J-BY171066	475
J-BY218457	475
J-BY169147	125
J-CTS7188	5600
J-ZS2862	5600
J-BY122591	4300
J-FT301599	5600
J-BY100	5600
J-Y432502	4100
J-ZS5702	1400
J-ZS2872	5600
J-Y166886	600
J-Y231928	500
J-FTB10589	600
J-FTB10819	275
J-Y166911	300
J-Y61473	4800
J-Y192504	350
J-FT146340	2800
J-Y235884	200
J-Y81380	2100
J-Y83026	2100
J-Y247026	2000
J-Y101337	1450
J-Y142829	1150
J-Y142901	550
J-Y369313	225
J-BY55308	2800
J-Y191226	1950
J-FTD77881	700
J-FTD77975	425
J-Y164549	1550
J-BY60698	1450
J-CTS7742	1450
J-FTF15941	650
J-FTG27408	425
J-FTF16525	425
J-FT284220	850
J-FTH5387	500
J-Y113102	500
J-FTB33989	500
J-ZS11710	4800
J-Y61684	550
J-Y364248	275
J-FTB35139	550
J-Y609230	550
J-ZS11712	175
J-Y29727	3900
J-Y86818	2500
J-Y86300	550
J-BY60978	50
J-CTS3496	1950
J-Y62853	1000
J-Y196293	425
J-ZS11316	425
J-Y140354	1700
J-Y151193	1000
J-S17615	350
J-Y602399	125
J-Y140352	950
J-BY170150	125
J-FTB75249	250
J-Y140359	700
J-Y140345	700
J-FTB19251	425
J-Y140334	150
J-Y140371	550
J-ZS2910	5600
J-FT47280	4400
J-Y172217	75
J-ZS8686	4100
J-ZS8701	4100
J-FTD93298	3800
J-Y641674	3000
J-Y86120	2500
J-Y106851	2000
J-FTB77713	2500
J-ZS2870	4100
J-Y38550	800
J-Y128605	2900
J-Y129032	750
J-BY152341	550
J-Y151410	275
J-FTA88010	2900
J-Y271430	1250
J-Y360336	700
J-ZS7634	5600
J-Y607042	4400
J-Y503212	4000
J-ZS7661	4700
J-Y143432	4300
J-Y143423	2700
J-FT201111	850
J-Y198978	850
J-Y198977	350
J-Y144328	475
J-ZS7640	3300
J-ZS7626	1200
J-ZS10511	1200
J-Y81869	1200
J-FT125411	700
J-FTC70167	125
J-Y192113	425
J-Y200302	1050
J-FT288159	400
J-Y237813	200
J-FTA76865	1150
J-Y100085	375
J-Y313332	125
J-Y145396	300
J-ZS7629	700
J-FT251956	500
J-FT394199	600
J-FTF79463	275
J-Y128915	350
J-Y649440	275
J-FT394594	325
J-FT394595	275
J-ZS7633	600
J-ZS7639	300
J-L620	14800
J-FGC6064	14800
J-Y59693	13100
J-Y177646	13000
J-Y48949	5500
J-ZS7119	5400
J-Y133082	2400
J-FGC6031	9000
J-FGC5989	5000
J-Y73555	2700
J-FGC6032	3700
J-Y628525	125
J-Y19467	3300
J-FGC6139	2600
J-Y111161	2600
J-FGC6035	1250
J-Y56960	1250
J-PF4816	13900
J-ZS6599	13100
J-Y82819	6700
J-ZS6638	13100
J-Y169874	11000
J-FT33771	7800
J-Y169817	7100
J-Y286380	650
J-Y169631	5900
J-FT35065	4500
J-FGC80188	5800
J-ZS6592	6600
J-ZS6637	6600
J-ZS6598	5700
J-Y244934	5600
J-Y244948	4600
J-Y127679	1350
J-Y244930	1350
J-Y290838	2100
J-Y95610	375
J-MF205499	175
J-L136	11300
J-ZS4393	10900
J-ZS4374	8100
J-ZS4416	3700
J-ZS4452	3100
J-Y227295	3100
J-ZS9949	950
J-Y208121	850
J-ZS10589	3000
J-ZS12120	200
J-Y82690	50
J-Y537521	2800
J-ZS10568	1200
J-BY110933	550
J-FT65731	500
J-FT108949	550
J-FT108812	500
J-ZS10579	1200
J-Z45570	800
J-ZS10582	1200
J-ZS10574	750
J-Y74553	650
J-Y290686	950
J-FTE68978	950
J-FTB39328	950
J-FTB33959	650
J-ZS7768	3100
J-BY45309	2800
J-BY137125	2800
J-BY101500	2800
J-Y327549	50
J-Y286267	950
J-BY74227	1450
J-FT196440	1450
J-Y455002	200
J-BY75447	950
J-FT194684	700
J-BY102071	700
J-P56	2500
J-Y331305	2300
J-Y331286	100
J-ZS9859	2100
J-FT36866	600
J-Y327392	550
J-FTC4397	200
J-ZS10071	50
J-BY83181	50
J-FT193504	1400
J-Y236197	1400
J-Y204146	1800
J-FTB11392	1150
J-FGC83829	2100
J-Y183473	500
J-Y271456	225
J-Y343085	200
J-FTB17634	800
J-Y294029	375
J-Y505690	1100
J-FTD38019	350
J-ZS9878	2100
J-Y140428	200
J-Y539400	1150
J-Y548343	600
J-FT51592	2100
J-FT200896	125
J-FT50378	550
J-Y126149	2100
J-Y365060	200
J-FT391182	600
J-Y526701	600
J-FTD4711	1700
J-Y413477	550
J-Y365970	750
J-FTC99470	425
J-FTD38208	200
J-Y20337	600
J-FTG66914	200
J-Y20547	600
J-FTG12494	600
J-FT20016	50
J-Z22028	125
J-FT40451	275
J-FT38409	275
J-ZS9849	50
J-ZS9978	475
J-FT69067	125
J-FTC2072	350
J-Y155250	100
J-P58	9300
J-ZS12519	9300
J-Y205364	2200
J-ZS12454	3700
J-CTS9721	8200
J-Y4067	6900
J-Y4065	6900
J-L817	6900
J-Y144631	6900
J-ZS7789	2900
J-FT365615	1900
J-Y214565	1500
J-Y214300	550
J-L818	4700
J-FT308514	3600
J-Y205486	1000
J-FT350449	800
J-S4985	3100
J-ZS2723	3100
J-L816	1200
J-ZS11491	1100
J-Y34527	650
J-ZS11487	325
J-ZS2728	1200
J-ZS12183	550
J-Y81077	750
J-ZS2748	375
J-BY190785	300
J-Y133835	700
J-S4944	1200
J-ZS2729	600
J-Y83626	225
J-ZS2725	600
J-ZS2721	425
J-S4994	50
J-C134621	50
J-Z30436	1100
J-ZS11070	350
J-ZS2690	850
J-FT61828	700
J-Y372195	275
J-ZS2697	425
J-ZS2736	900
J-ZS12015	350
J-Y352535	350
J-Y385377	450
J-BY80	900
J-FGC96210	500
J-FTB8224	350
J-BY47498	900
J-ZS2740	750
J-Y146255	225
J-ZS2737	750
J-ZS2754	850
J-Y183014	650
J-ZS2756	550
J-Y31511	275
J-FT80612	200
J-ZS5383	4600
J-MF92247	4600
J-FT242231	4500
J-ZS5422	4400
J-ZS5376	800
J-ZS8629	4400
J-Y280589	1900
J-Y280591	1400
J-Y144926	3600
J-Y168185	3500
J-ZS8907	3500
J-Y219911	850
J-FT455428	850
J-ZS8903	3200
J-FTA31875	2800
J-Y178103	2700
J-YMA2266	225
J-Y178104	2600
J-Y202424	1800
J-FT249451	600
J-FT249823	300
J-Y329782	2600
J-Y179455	950
J-FT117952	800
J-FT115567	425
J-FT115592	200
J-FTA73523	900
J-Y530542	550
J-Y530547	350
J-FT409448	2200
J-Y227224	1850
J-FT404973	1850
J-YMA804	1550
J-ZS8899	1050
J-FTA92468	650
J-BY201722	1050
J-Y174647	500
J-ZS8904	150
J-Y167067	3500
J-Y179932	2500
J-FTA20888	1250
J-FT115300	1250
J-Y244356	1100
J-FT115461	750
J-ZS8636	2300
J-FT185778	2100
J-Y352422	1400
J-Y287876	1350
J-Y94943	1200
J-Y287209	275
J-FTA46419	1150
J-FTA46987	850
J-FTJ41561	425
J-ZS8630	2200
J-ZS8634	1700
J-FT3367	1700
J-Y209509	900
J-FT343681	800
J-FT5064	1250
J-FT3935	1150
J-FT4760	200
J-FT342894	950
J-FT230464	1650
J-FT355653	1350
J-FTA98597	1350
J-FTD48140	1350
J-BY204144	1350
J-FT3442	1700
J-Y79220	1650
J-Y600214	950
J-FTA6558	1400
J-FGC29862	500
J-ALK763	1600
J-Y168306	1350
J-A5500	1300
J-Y182117	125
J-FT6674	1150
J-FT9596	50
J-FT8631	200
J-BY40714	1550
J-Y36002	1550
J-FT240587	1000
J-Y144929	500
J-FT139659	1550
J-Y179607	275
J-MF201242	275
J-FT11763	1300
J-FTE16113	1250
J-FTD6020	750
J-FTD5933	750
J-Y136679	1200
J-YMA2283	800
J-FT13552	1200
J-FTA20246	850
J-FTA18624	125
J-FT13908	1200
J-FT13629	1200
J-Y531736	1100
J-FT12993	1050
J-Y354901	1050
J-Z1836	1600
J-FT138828	1000
J-ZS4083	950
J-FT137607	425
J-Y325338	350
J-Y507553	1600
J-FT146348	500
J-FT145936	425
J-FT147167	425
J-FT363358	1050
J-FTA34496	750
J-ZS8639	1600
J-Y277294	1600
J-FTB35500	200
J-Y277080	500
J-FGC90655	1250
J-BY200096	1200
J-FTD35385	200
J-Y207598	700
J-FT342473	275
J-FTB62742	500
J-BY199581	1000
J-Z42485	700
J-FT245338	50
J-Y173405	650
J-Y178108	850
J-BY198555	350
J-Y183731	350
J-FT112474	750
J-FT221801	125
J-FT118896	400
J-FT117798	125
J-Y510995	1150
J-Y222574	275
J-FT395925	125
J-FTB27725	125
J-FT251746	900
J-FT251392	650
J-FT251012	900
J-FT252302	650
J-FT251810	50
J-FTB56122	50
J-FT14821	1150
J-FTB3783	125
J-FT19146	1050
J-Y172015	150
J-FT20049	1000
J-FT20144	200
J-FT241909	275
J-FT239243	550
J-FT239878	300
J-ZS8632	1250
J-FT288856	950
J-Y273591	200
J-FT288286	850
J-FTE33160	550
J-FT242124	1250
J-FT243298	1250
J-Y209372	1250
J-FT240952	475
J-FT242209	125
J-Y48809	1150
J-ZS8626	600
J-Y169717	200
J-FT177258	225
J-ZS8631	50
J-Y312151	1150
J-Y312148	800
J-FTD86352	1150
J-FTD85706	800
J-FTD86358	750
J-BY98734	1000
J-BY116312	650
J-BY69999	200
J-FTB74765	750
J-Y308246	350
J-FTB36265	500
J-FTD20408	275
J-FTD20934	200
J-FT383408	950
J-Y304129	550
J-FTA18820	850
J-Y308272	550
J-FTC40885	500
J-Y220251	550
J-Y220120	425
J-Y162703	300
J-Y308276	800
J-Y318140	275
J-FTB64151	800
J-Y308275	800
J-Y219008	500
J-Y561607	400
J-Y415789	125
J-FT382480	325
J-Y218993	125
J-Y286502	200
J-Y507552	1000
J-BY199005	500
J-FTA87679	425
J-FTC44031	425
J-FTA33024	1000
J-FTA30057	1000
J-FTC24647	50
J-FT347802	700
J-FT383381	475
J-FT382489	400
J-FTA33245	200
J-FT387263	650
J-FTC23350	125
J-Y326807	50
J-Y313300	500
J-Y313307	275
J-Y321156	200
J-BY136724	550
J-BY55035	400
J-FTC3691	350
J-FT348077	450
J-FTC35044	425
J-Y326815	50
J-Y321117	250
J-Z643	8100
J-ZS10186	5700
J-Y258300	650
J-Y220818	450
J-BY145013	8100
J-BY68499	6000
J-BY69547	6000
J-BY70129	3900
J-Y198530	950
J-BY189924	4800
J-Y301423	2100
J-BY190120	375
J-BY190227	50
J-Y16646	6900
J-BY111	3900
J-FT260016	2400
J-Y168376	3200
J-ZS4477	2600
J-ZS4454	425
J-FT192347	1500
J-FT119912	1050
J-ZS1306	3200
J-YP6424	2400
J-Y182963	1150
J-Y180837	2400
J-FT115005	2200
J-FTB17750	550
J-Y46974	1800
J-Y180838	1850
J-FT76444	1600
J-Y143613	1800
J-Y143638	650
J-Y181368	850
J-ZS1297	2400
J-Y179387	550
J-Y179628	500
J-Y45046	1500
J-FGC91419	500
J-Y180056	350
J-Y152005	600
J-ZS8359	600
J-Y201027	475
J-Y126240	500
J-Y193780	150
J-Y200955	425
J-Y265785	500
J-Y265445	225
J-Y352849	500
J-Y153041	450
J-Z28195	150
J-ZS1324	2400
J-FT57680	1900
J-Y173045	1400
J-FT56927	1400
J-FT72589	1400
J-ZS1313	2300
J-Y265541	1100
J-Y269787	1650
J-Y269676	275
J-ZS1283	1750
J-Y173120	1500
J-FT227903	1450
J-BY173398	1000
J-BY203611	1050
J-BY202806	500
J-ZS1296	1000
J-Y198534	650
J-FT212055	800
J-ZS1293	750
J-FT211225	700
J-Y266280	375
J-Y195562	750
J-ZS1291	150
J-FT71088	950
J-Y194972	550
J-Y195603	950
J-Y203654	350
J-FT160071	550
J-Y144553	1850
J-Y188594	800
J-Y262928	1250
J-FT15121	700
J-Y600395	650
J-BY111515	1700
J-Y16714	700
J-Y144561	1150
J-Y144554	175
J-Y191412	125
J-BY172178	1550
J-Y219451	700
J-FT52612	1350
J-Y163123	1100
J-BY213451	450
J-BY189786	1100
J-Y212464	600
J-Y244359	50
J-BY172199	1550
J-Y212472	950
J-Y212476	950
J-FGC90335	1450
J-FT36669	700
J-FT37146	500
J-BY172042	1200
J-FGC90346	1200
J-BY172217	950
J-BY109867	950
J-Z1865	7400
J-L860	4400
J-Y217441	4400
J-Y217426	1250
J-Y364015	3600
J-Y235712	2800
J-ZS11325	3400
J-FT193359	1150
J-FT191319	350
J-Y75449	3400
J-ZS11341	3400
J-ZS11322	2600
J-FT357234	2600
J-Y210792	1300
J-FT293071	1850
J-ZS11321	325
J-ZS11337	275
J-FT397864	125
J-FT387456	275
J-BY165724	200
J-FT370912	275
J-FT393745	200
J-ZS7438	3600
J-ZS7455	3500
J-FGC93816	1000
J-ZS7488	3400
J-Y50052	2900
J-Y209393	1150
J-FT118706	1000
J-FT115559	450
J-FT118045	450
J-Y217500	150
J-FT117927	275
J-Y217464	275
J-Y196662	150
J-ZS7428	1500
J-ZS7432	1500
J-FT342668	700
J-Y198676	1500
J-Y218892	1500
J-Y225708	500
J-Y261625	350
J-Y261619	350
J-FT294363	1500
J-FT149299	600
J-BY183277	1500
J-BY182938	750
J-BY182588	600
J-Y217606	550
J-Y217607	200
J-Y220531	425
J-FT294361	700
J-Y501745	650
J-FTD58879	425
J-Y198675	275
J-Y224547	200
J-BY2647	600
J-Y209377	425
J-Y506560	425
J-ZS7441	950
J-Y222113	800
J-Y237260	425
J-Y222114	650
J-Y222119	350
J-ZS7489	750
J-ZS7465	750
J-Y212382	275
J-Y208095	600
J-Y520477	550
J-Y503446	550
J-Y54351	600
J-Y446946	275
J-Y208089	350
J-Z1853	6300
J-Y519675	6300
J-ZS2652	5700
J-Y236814	500
J-Y244614	5200
J-Y244488	1550
J-TY495600	5700
J-FT130385	4300
J-Y181273	350
J-ZS3683	5800
J-FT212608	5800
J-Y219259	350
J-V4738	3200
J-Y191185	1750
J-ZS3684	4600
J-ZS3698	4600
J-FGC46047	550
J-FT264307	425
J-FT264605	50
J-Y136152	3400
J-Y136125	1800
J-FT236710	1100
J-FT237278	1100
J-FT355713	1000
J-BY125340	225
J-FT9988	1000
J-FT408575	600
J-FT10912	1000
J-FT11133	600
J-Y211441	600
J-FTA86330	425
J-BY38078	1800
J-Y138143	950
J-BY101919	600
J-Y58563	900
J-Y138118	750
J-Y136189	1000
J-Y125358	850
J-Y164487	225
J-Y136129	50
J-Z2331	5800
J-Y15152	5500
J-Z18293	4700
J-Y354294	950
J-FT94023	4100
J-FGC62793	4700
J-ZS2622	2800
J-ZS2597	2100
J-FT245736	1550
J-Y307008	650
J-ZS2616	2000
J-FT28848	1100
J-FTA23713	650
J-ZS8965	500
J-ZS2600	1900
J-ZS2608	1000
J-ZS9027	1450
J-FT346601	950
J-FT78476	4500
J-BY163985	3400
J-BY163496	2700
J-FGC20891	4500
J-Y23173	3100
J-FTA92262	350
J-PH4242	2900
J-Y31147	225
J-FGC20913	2700
J-FTA66949	2600
J-Y244477	1300
J-ZS4336	5400
J-Y188424	1800
J-Y56819	5100
J-Y125237	5000
J-Y125309	4700
J-Y142302	650
J-Y142374	4700
J-Y154827	300
J-FT47391	125
J-FGC59348	300
J-BY161789	50
J-ZS4312	5400
J-Z28165	3100
J-Y6384	2800
J-Y207493	2000
J-Y207439	850
J-ZS4306	1500
J-FT174105	1500
J-FTC87532	950
J-FTC87699	850
J-Y139519	1000
J-Y139518	350
J-ZS8896	275
J-FT22800	125
J-ZS4326	1100
J-ZS4322	500
J-ZS10615	1050
J-ZS10616	500
J-FT53371	850
J-Y201411	800
J-Y244777	650
J-ZS8615	1150
J-FT245778	800
J-FTA21143	1000
J-FTA25959	950
J-BY114395	650
J-FTA18204	1000
J-ZS10059	750
J-Z2324	5800
J-YP4763	5400
J-BY81256	4400
J-FT189757	4800
J-S7953	2500
J-Z28229	450
J-ZS2531	5400
J-Y512529	50
J-ZS6004	700
J-ZS2527	5200
J-Y40431	1450
J-Z2317	5800
J-Z27682	5800
J-BY78446	3500
J-FT286354	3100
J-Y224179	700
J-BY60550	1750
J-BY55900	800
J-Z27714	5800
J-FT191364	3000
J-Y522856	1950
J-YMA2093	1750
J-FT192682	1550
J-Z27681	5800
J-FGC33766	5400
J-Y332787	900
J-Y173274	1700
J-Y323887	500
J-FT390859	5800
J-MF23616	4800
J-ZS5964	4200
J-Z27680	2700
J-Z27670	1600
J-Z27671	1350
J-BY58783	1200
J-FT192926	850
J-ZS5949	125
J-Z2313	5800
J-V6422	5400
J-Y377704	1100
J-Y245715	5300
J-Y476101	800
J-YSC0000234	5800
J-ZS6178	4400
J-Y144359	3800
J-FT304627	2600
J-Y144364	650
J-ZS6167	2900
J-ZS6169	425
J-ZS6169a	425
J-BY69358	350
J-FTB47287	425
J-Y36276	200
J-FGC4745	5000
J-MF35937	4500
J-FT55671	4200
J-ZS6270	4000
J-Y172659	1700
J-Y172843	550
J-ZS6261	4000
J-BY144205	4000
J-ZS6262	1550
J-FT131653	200
J-Y25604	200
J-ZS6269	550
J-ZS9429	5000
J-Y5148	1400
J-ZS9432	1000
J-ZS9417	700
J-FT144215	650
J-ZS9419	200
J-ZS10113	800
J-ZS10112	175
J-Y209325	125
J-BY91928	150
J-FGC47369	5000
J-Y636098	1500
J-HU58	600
J-Y10735	3500
J-Y12345	2700
J-Y248374	350
J-FGC4736	1450
J-Y12347	750
J-FGC22392	750
J-Y156795	125
J-Y57818	300
J-Y20901	375
J-FGC21564	250
J-Y63432	50
J-Y12349	600
J-FGC4811	275
J-Y13102	350
J-FTD45376	50
J-FGC47855	350
J-FGC32477	200
J-Y215867	275
J-FGC48061	150
J-Y11776	600
J-Y11776a	200
J-Y94032	50
J-BY16658	500
J-FGC61330	350
J-Y195540	425
J-Y195315	50
J-Y556185	125
J-Y155247	450
J-FTD44973	300
J-Y506040	150
J-FGC51709	275
J-FGC51710	225
J-FGC51712	100
J-Y12505	425
J-A23665	350
J-Y12354	225
J-FGC47371	50
J-L1144	200
J-FGC4793	200
J-FGC4796	200
J-Y12356	50
J-Y3081	5400
J-Y179831	4300
J-BY32810	3100
J-Y179091	1750
J-Y3082	5200
J-BY143137	4000
J-Y562471	650
J-Y155708	1950
J-Y155729	1050
J-Y352809	1050
J-BY91853	700
J-BY146335	700
J-Y3087	5100
J-ZS2477	2100
J-ZS2478	350
J-ZS8752	50
J-FGC58961	650
J-FGC58963	275
J-FGCLR1099	100
J-S20075	5000
J-Y3088	2800
J-FT246135	2200
J-Y649880	100
J-Z18271	2800
J-Y142301	850
J-Y191714	275
J-Y205402	1100
J-Y205697	500
J-ZS2458	2100
J-BY72797	2100
J-FT263339	1350
J-FT34605	2800
J-FT34991	2200
J-Y146893	1450
J-FT19404	1150
J-ZS232	1750
J-ZS2408	900
J-BY64521	2500
J-BY101844	2500
J-A13776	1600
J-Y362426	200
J-ZS2435	2000
J-ZS2439	1750
J-ZS2432	1050
J-BY172422	1050
J-Y276891	350
J-BY25901	1050
J-FT159488	800
J-BY208094	800
J-FT8022	550
J-FT46689	850
J-FT249016	275
J-ZS2437	700
J-FTA1410	500
J-FT55092	650
J-Y231976	650
J-Y554119	650
J-FTA1409	850
J-FT46094	425
J-FT380977	750
J-A22605	700
J-FT157560	2500
J-BY55414	2100
J-FTC88036	1400
J-Y504706	350
J-BY70242	650
J-Y196545	125
J-MF73519	2100
J-FT211174	200
J-FGC17491	2300
J-Y197905	950
J-FT269460	500
J-Y103906	2300
J-FT251993	850
J-FT157802	2300
J-FTC65125	2000
J-FTD51497	1900
J-FTA72391	2100
J-Y9765	800
J-Y142293	800
J-Z18289	1400
J-Y142306	600
J-Z18288	850
J-FT156903	850
J-S17446	2600
J-Y196438	800
J-FT104218	650
J-Y5400	1550
J-ZS4108	450
J-Y31161	1550
J-Y81349	750
J-Y81787	450
J-ZS2374	850
J-BY65054	700
J-Y113483	850
J-Y89545	750
J-FTA24029	750
J-Y254730	50
J-FT2609	500
J-BY75	350
J-ZS10317	250
J-FT240624	125
J-Y5399	1300
J-ZS2366	1150
J-ZS2368	1050
J-ZS2370	150
J-Y146888	700
J-Y5402	900
J-FT213662	800
J-FT120613	800
J-FTA31480	650
J-FTA33457	350
J-ZS11214	450
J-FTA74097	450
J-ZS10443	475
J-FGC65922	350
J-Y142158	650
J-Y142159	400
J-Y193399	200
J-ZS9497	850
J-ZS9492	650
J-ZS11006	850
J-FTC36696	550
J-Y13968	650
J-FT86459	650
J-BY123295	650
J-ZS2359	350
J-Y131865	325
J-FTA97162	275
J-Z1884	4600
J-FT41851	4500
J-BY66269	3700
J-FT23965	4600
J-BY61664	800
J-PF4874	4400
J-FGC12834	4400
J-PF4876	3500
J-ZS8794	3100
J-FTA20683	1000
J-FT1546	1000
J-Y413339	750
J-Y413340	300
J-ZS8811	3100
J-Y265321	1950
J-Y270708	850
J-FT121851	3100
J-FT121897	3100
J-Y180270	800
J-FGC50874	3000
J-FTA16277	1100
J-Y351504	700
J-FTD18067	550
J-Y260362	1100
J-FTA62355	950
J-FGC12816	3000
J-FT196614	2000
J-Y199062	1050
J-MF167052	1050
J-FT273565	500
J-FT274524	500
J-Y216139	850
J-CTS10217	750
J-Y255709	600
J-Y255697	425
J-FGC12841	3000
J-L829	3000
J-FGC12836	2600
J-FGC12830	2600
J-FGC12812	2300
J-Y99745	200
J-ZS8112	2200
J-Y183149	2100
J-Y183148	1000
J-Y183278	500
J-PF4878	3000
J-CTS2572	2800
J-BY79662	2800
J-BY124057	2800
J-Y372958	1300
J-YMA1036	2300
J-FTA85037	2200
J-Y454433	2200
J-YMA1024	1550
J-YMA1034	1150
J-Y132415	2500
J-Y132425	950
J-BY137522	900
J-BY128480	750
J-Y229113	125
J-Z640	4600
J-FGC54386	4600
J-Y183747	1700
J-BY197993	3300
J-MF10517	3300
J-Y503603	3300
J-FGC97306	1250
J-BY199181	3100
J-Y331312	1350
J-MF5805	650
J-YMA1260	2700
J-Y217734	1800
J-FT211172	1800
J-FT212079	850
J-FGC5230	3500
J-Y353774	2600
J-FGC90899	800
J-FGC5239	3500
J-FTA49371	3500
J-Y62425	200
J-FGC5206	1350
J-FGC57172	800
J-FGC57170	600
J-FGC57173	375
J-FGC59084	1350
J-FGC59081	1350
J-FGC60670	225
J-FGC5215	700
J-FGC23367	650
J-FGC62574	400
J-FGC41680	700
J-FGC5229	700
J-Y374933	500
J-FGC59164	300
J-FGC15759	375
J-FGC15760	375
J-FGC5212	700
J-Y577911	650
J-FGC68006	3200
J-Y36264	2900
J-Y36969	2900
J-Y528417	800
J-ZS1416	1700
J-ZS1409	1250
J-Y36996	1200
J-Y36968	1100
J-ZS1410	1000
J-ZS1417	425
J-ZS7417	1000
J-BY153375	800
J-Y220829	200
J-BY206556	425
J-ZS1342	1750
J-Y76683	550
J-FGC52763	350
J-FT224913	350
J-BY37648	1750
J-BY75683	1750
J-ZS1341	1150
J-Y514479	200
J-ZS1328	200
J-BY37647	175
J-Y218885	500
J-BY74	4000
J-BY161028	225
J-Y188627	50
J-FGC67964	3900
J-ZS1428	3600
J-ZS1431	2700
J-Y91969	2600
J-FT242632	1950
J-FT382189	1600
J-FT321717	1350
J-Y218977	225
J-Y226962	1350
J-Y226960	600
J-Y111630	2600
J-FT174553	2300
J-Y218937	700
J-F22806	1300
J-Y184869	1100
J-FTA45240	1000
J-Y193830	750
J-FT206741	650
J-Y110737	1800
J-FGC82137	1200
J-HU259	1200
J-MF263705	1050
J-FGC82132	900
J-FTA57346	900
J-HU265	1000
J-FTB23577	350
J-HU274	900
J-HU270	700
J-BY37575	700
J-HU267	400
J-Z4731	2500
J-Y221360	1500
J-Y306018	200
J-ZS1437	1850
J-BY91	1850
J-Y199772	1850
J-FT276630	1850
J-FT277555	950
J-MF79715	350
J-FT276006	600
J-Y199426	325
J-FT275817	50
J-FTC82726	300
J-Y72854	1800
J-FT230722	1250
J-BY70289	1350
J-Y317377	700
J-FT50942	1300
J-FTA30439	900
J-FT225013	1800
J-FT223763	1800
J-FT223156	950
J-Y197346	1250
J-FT404904	850
J-FGC67975	1150
J-FT436166	1150
J-FGC74218	1000
J-Y430998	50
J-ZS1482	3800
J-Y22688	3800
J-Y200579	2400
J-FT293923	1500
J-Y200562	1250
J-Y217662	1250
J-FT414978	700
J-Y229922	350
J-Y217665	600
J-FT347439	600
J-Z32351	600
J-FTA25957	600
J-ZS1479	3400
J-ZS9256	2000
J-Y225033	550
J-Y174694	650
J-FTD15115	200
J-FT49446	3400
J-FT282593	750
J-Y94691	2200
J-Y95298	600
J-ZS12545	250
J-ZS1464	3200
J-Y135543	750
J-ZS6379	650
J-ZS1468	2500
J-Y206957	1400
J-ZS1470	2500
J-FT242666	1850
J-Y217179	1850
J-Y216656	1850
J-FT243511	1450
J-ZS1478	2500
J-ZS1475	1800
J-ZS10446	2500
J-Y237877	2500
J-Y237871	200
J-ALK716	1000
J-ALK717	450
J-FTB1231	250
J-FTH2781	125
J-FTH4985	50
J-FT93628	1400
J-ZS10447	600
J-HU34	600
J-ZS10449	550
J-TY318838	550
J-FT93902	300
J-FT141380	125
J-S23127	200
J-FTA21493	200
J-Y514865	200
J-FTE91850	300
J-FTE88098	200
J-HU27	200
J-Z2292	4600
J-FGC75054	2800
J-Y178134	2800
J-Y178220	700
J-FT18074	700
J-Y178169	350
J-Y639944	700
J-FTC16240	175
J-FTC32258	125
J-ZS11724	1550
J-ZS11729	1550
J-BY176160	850
J-FGC75059	1550
J-FT396044	1100
J-FTH7567	550
J-Y163700	600
J-FT258766	425
J-Y195916	425
J-Y196749	225
J-Y335771	125
J-FGC75058	550
J-Y263387	425
J-Y263388	200
J-FGC86243	400
J-Y339958	125
J-Y269126	250
J-F15355	125
J-ZS11725	500
J-Y310357	500
J-FTC19754	500
J-FTC18642	350
J-FGC75045	325
J-ZS11740	50
J-Z642	3700
J-FT133907	3200
J-Z2285	3200
J-FGC64266	2900
J-BY202929	2400
J-Y356729	1250
J-Y357205	50
J-ZS1370	3100
J-FGC85458	700
J-FGC85444	400
J-CTS4510	1150
J-FGC59173	375
J-Z2289	1000
J-ZS1378	3600
J-FTB17102	2200
J-FTC44788	1300
J-Y180843	3000
J-BY90	2000
J-Z1506	1700
J-Y228132	350
J-FT259513	1650
J-Y196920	1150
J-FT259566	125
J-FT385025	350
J-FTA25098	1150
J-FT140977	1550
J-FT137403	350
J-Y309033	1200
J-FT163246	800
J-FT163409	800
J-FTB40002	250
J-ZS9008	3200
J-Y183027	2000
J-F18823	125
J-FGC64432	3200
J-Y139081	1300
J-Y361406	200
J-ZS8998	1550
J-FT188993	1550
J-Y185182	1250
J-FT54493	1350
J-FT53733	125
J-Y203659	1300
J-ZS9000	1250
J-FT382383	700
J-FTE36973	500
J-Y498062	1500
J-MF68732	1000
J-Y625894	1300
J-Y622128	1250
J-FT146234	1500
J-FT148162	750
J-BY103056	225
J-FT237571	1500
J-FGC30542	3700
J-Y207096	1000
J-FT343596	350
J-ZS5745	3700
J-FGC62682	3300
J-FGC62621	2700
J-BY132871	1200
J-Y154012	225
J-FGC62618	2600
J-FGC62623	2600
J-FGC30545	3700
J-FGC62702	475
J-ZS5768	3100
J-A7914	500
J-FT360198	275
J-ZS5769	2800
J-FGC30554	600
J-FGC30556	425
J-FGC64323	275
J-Z27721	1250
J-FT179448	1150
J-Y33794	950
J-CTS130	650
J-ZS7587	3700
J-Y164837	2300
J-Y164845	800
J-ZS7595	3700
J-Y637378	3500
J-Y126588	3600
J-FT63157	1250
J-FT250000	1050
J-FT63373	1100
J-ZS7573	2500
J-Y247058	700
J-FTA44288	700
J-Y666741	275
J-Y2919	4300
J-FTB539	4300
J-FTB1235	3300
J-MF217392	4300
J-Y467420	650
J-Y6094	4300
J-FT401315	4200
J-Y394131	4200
J-Y6096	4200
J-ZS1644	3000
J-ZS6103	3000
J-FGC15942	1450
J-FT105050	1100
J-ZS1680	3500
J-Z28277	1700
J-PF7266	1700
J-FGC71138	2900
J-ZS9124	2000
J-ZS9119	650
J-ZS9122	225
J-ZS1675	3300
J-ZS1670	1550
J-ZS1686	1550
J-ZS1660	600
J-FT274924	600
J-FT404404	500
J-Y225061	50
J-Y36267	550
J-Y95459	50
J-ZS1711	4100
J-Y244737	4100
J-ZS4781	500
J-FGC66981	4000
J-FT163310	3400
J-Y517062	1100
J-ZS5563	800
J-FT57650	350
J-ZS5892	2600
J-ZS5884	2000
J-FT41076	3600
J-Y183241	350
J-ZS1766	2800
J-FTA92235	2700
J-Y445739	2700
J-Y573055	4000
J-SK1300	2000
J-ZS6236	50
J-SK1301	1250
J-FT283185	850
J-ZS6868	2100
J-Y275235	950
J-ZS6881	550
J-ZS6883	200
J-ZS1706	3900
J-Y60136	3200
J-ZS7078	1550
J-ZS7071	1500
J-FT163325	1500
J-FT44111	950
J-Y192190	350
J-ZS4837	3500
J-ZS4839	2600
J-Y560003	2600
J-Y423431	200
J-BY211033	200
J-ZS4846	2600
J-ZS4856	2200
J-FT248726	1900
J-FT248506	275
J-ZS1713	3900
J-YSC0000212	1850
J-ZS4763	1850
J-FTA39880	1300
J-FTC88361	1100
J-FTC87899	800
J-ZS4773	1550
J-FGC66977	1200
J-FGC66964	850
J-BY130575	850
J-FGC66972	500
J-Y3442	4100
J-Y3441	4100
J-Y249779	2900
J-ZS5907	2200
J-ZS5910	1200
J-ZS5925	275
J-FT55749	3500
J-Y183273	2600
J-Y571685	1250
J-FGC22298	4100
J-Y204765	3000
J-Y204759	1750
J-Y205210	1750
J-ZS6485	1450
J-ZS6495	1150
J-FT354422	450
J-ZS6486	600
J-ZS1488	4100
J-Y294521	3700
J-Y446112	3200
J-Y18570	1850
J-Y18569	1150
J-ZS1506	950
J-ZS1487	475
J-FT71790	1050
J-FT72267	475
J-FT72430	125
J-ZS6056	3500
J-FTD37800	850
J-FT104442	2600
J-FTD73805	425
J-ZS6063	2300
J-FTB2781	1400
J-FTB2596	900
J-FTB2682	500
J-ZS6064	800
J-FTB17639	350
J-ZS6062	250
J-BY65	4100
J-Y256852	50
J-FGC58460	4100
J-Y289443	650
J-ZS6730	3800
J-Y642236	950
J-Z38438	2300
J-FTF31198	2200
J-Y647951	50
J-ZS1559	4100
J-ZS1560	3400
J-Y162860	125
J-ZS6829	1250
J-M6752	700
J-BY45935	2700
J-Y134769	2200
J-Y181713	1300
J-FT128393	1300
J-BY129155	1800
J-FTA59593	1000
J-ZS4199	3300
J-ZS1541	2300
J-Z27216	1000
J-Z27213	450
J-Z27227	425
J-Z27220	50
J-Z18183	1050
J-ZS1538	850
J-FT50996	275
J-FT24860	1050
J-Y179354	1050
J-BY26685	1050
J-Y238198	1050
J-Y488231	3800
J-Y362743	350
J-FGC8214	3800
J-FTA19070	3800
J-FTA17314	350
J-FGC8216	3800
J-Y439927	3800
J-Y201680	1600
J-CTS5332	3000
J-ZS4360	2300
J-ZS7543	350
J-Y142167	2300
J-Y142165	1800
J-FGC8183	3800
J-FGC8196	3000
J-FTB76817	3000
J-Z31548	550
J-FTB75958	450
J-Z18206	3800
J-Z18207	2600
J-FGC17157	2600
J-ZS1602	2100
J-ZS6153	650
J-ZS1603	2100
J-ZS1612	1400
J-ZS8409	500
J-FGC17147	1400
J-Y423371	350
J-ZS4009	1400
J-ZS11889	1200
J-ZS4013	1200
J-ZS4015	1000
J-ZS4014	900
J-ZS6321	1200
J-FGC32176	200
J-ZS6324	1200
J-FT342690	1150
J-ZS6318	1200
J-FT280891	900
J-FT278810	700
J-Y354744	125
J-ZS7413	700
J-ZS7412	425
J-ZS7406	350
J-ZS7407	150
J-Y507619	600
J-ZS11815	400
J-Y190384	500
J-ZS10649	425
J-Y549835	350
J-Y94782	175
J-Y544109	50
J-FTD47117	175
J-Y419285	125
J-FGC31305	1100
J-Y183469	475
J-FGC81026	450
J-ZS4371	275
J-FGC17139	1050
J-FGC17137	850
J-FGC30154	125
J-FT230858	425
J-FGC30149	650
J-FT213547	425
J-BY152430	425
J-FT218620	250
J-FGC37867	350
J-FGC37869	250
J-FGC30148	50
J-FGC30108	950
J-Y64143	375
J-Y77005	125
J-FGC43931	950
J-FT231725	950
J-Y212387	350
J-FT414062	350
J-Y17212	350
J-FT217276	50
J-FGC43932	500
J-FT245437	500
J-ZS1581	2100
J-FGC22711	1150
J-FGC22713	50
J-ZS1585	2100
J-Y154284	1650
J-ZS5440	1400
J-ZS5437	1100
J-FT156054	550
J-FT158091	550
J-BY73801	350
J-Y199511	425
J-Y199506	350
J-ZS6438	1800
J-FT412427	1200
J-BY158876	1800
J-BY160103	1300
J-Y104047	75
J-BY209375	75
J-ZS1576	1700
J-FGC49230	1250
J-ZS1575	1700
J-Y488995	1500
J-Y21633	950
J-BY179260	1450
J-Y239784	1450
J-Y226984	1150
J-ZS1577	1000
J-FT174741	300
J-ZS1578	700
J-ZS6806	1450
J-FT319559	1150
J-ZS6801	800
J-ZS6807	800
J-ZS6802	650
J-ZS6813	600
J-Y182323	550
J-ZS12280	50
J-FT192897	350
J-ZS5604	1400
J-FT241981	200
J-FGC67896	1400
J-FGC67898	1400
J-Y98513	950
J-BY208461	1000
J-Y210527	950
J-BY203577	600
J-Y183998	1200
J-FT170823	1200
J-FTC94615	600
J-FTD2234	600
J-FTC94502	400
J-Y125209	1300
J-ZS5599	1150
J-FT277383	1150
J-FT277183	750
J-ZS5603	1000
J-FT293945	750
J-Y68063	375
J-Y78698	125
J-BY207588	800
J-FT177351	700
J-Y165142	800
J-FT168466	500
J-ZS5596	1000
J-Y147415	650
J-SK1310	50
J-FT299876	650
J-Y142201	375
J-Y142240	50
J-FT299873	1000
J-FT299707	1000
J-FT296329	600
J-FT296210	425
J-FT299875	750
J-FT295380	200
J-ZS10105	650
J-BY93068	225
J-FT55211	350
J-FGC86306	650
J-BY207620	350
J-ZS10104	600
J-Z32306	600
J-BY202543	550
J-ZS10107	475
J-BY26368	325
J-ZS10106	125
J-FTJ20774	475
J-BY191406	225
J-FGC11	3900
J-YMA1	2700
J-YMA10	700
J-Y3014	3900
J-BY74276	3900
J-FTB35305	2300
J-Y361877	1150
J-Y185155	1000
J-Y339113	550
J-Y185174	750
J-FT153006	425
J-FTC20583	550
J-FGC14348	2900
J-FGC14349	2400
J-FGC14343	325
J-BY160119	50
J-ZS4035	200
J-Y161700	1950
J-Y65807	475
J-Y161727	175
J-FT216846	125
J-BY192076	50
J-ZS3927	1850
J-BY62545	750
J-BY161107	200
J-ZS3929	1100
J-L1405	800
J-BY68850	800
J-Y6370	3900
J-Y82285	3900
J-FT244460	3300
J-YMA1462	3000
J-Y309979	3200
J-FTB66242	800
J-FT340844	950
J-Y207111	350
J-Y45150	3900
J-FTA68379	2100
J-FT31033	3900
J-Y14207	850
J-Y312903	1350
J-Y345887	1350
J-Y345882	1350
J-Y345879	125
J-FGC34217	3900
J-Y332000	2700
J-FTC5279	700
J-Y57357	3900
J-Y53322	1400
J-FGC34190	50
J-Y610752	375
J-BY205751	2800
J-Y200494	1750
J-Y200497	1400
J-Y209544	2700
J-BY207114	2600
J-Y164563	500
J-Y226978	1400
J-Y226986	900
J-FTB18357	425
J-Y6369	3900
J-ZS3844	3400
J-ZS3820	3400
J-Y191450	50
J-FT345374	3000
J-Y364961	1400
J-Y636620	2600
J-Y163614	500
J-Y636658	50
J-PH1501	3900
J-FT231657	3800
J-BY181921	3200
J-A32350	2200
J-Y331317	1650
J-BY181567	2900
J-FT381693	1000
J-BY55105	3700
J-BY56165	2500
J-BY53606	225
J-FT260173	1050
J-Y347146	2900
J-Y347149	600
J-Y347154	425
J-FTA57171	3500
J-FTA56348	2400
J-FTA57142	1350
J-YMA2147	425
J-FTB59994	3500
J-Y312443	2800
J-FTB60324	2800
J-FTB59972	2200
J-A35362	1600
J-FT275522	3500
J-FT230828	1500
J-Y227088	1100
J-FT411323	800
J-FT410020	275
J-FT411225	200
J-FT410452	200
J-FT411443	550
J-FTA55696	350
J-FT410944	475
J-BY149962	200
J-Y267371	425
J-FT230447	1100
J-FT231412	900
J-FT231465	425
J-YP1185	350
J-Y220580	900
J-Y220576	800
J-Y220575	425
J-Y220581	350
J-FGC40624	3700
J-YMA1887	3100
J-YMA1876	850
J-YMA1888	175
J-FT249439	3100
J-FT248270	425
J-FT87104	500
J-Y196165	1450
J-Y212311	2600
J-Y212281	650
J-YMA1955	225
J-Y212319	175
J-FT430131	150
J-Y261696	2500
J-Y261712	1450
J-Y261699	1250
J-Y269528	1250
J-Y261718	1250
J-FT74781	350
J-FGC3733	3700
J-FTA52021	1800
J-FTB66164	2800
J-FGC3698	3700
J-FT37031	3100
J-FGC3729	3600
J-FGC3706	3600
J-FGC3720	3600
J-FGC3730	3400
J-FGC3703	1700
J-FT146215	1400
J-Y164556	3400
J-BY40609	750
J-BY80857	150
J-FT286175	750
J-Y127074	400
J-FT286882	250
J-Y215560	50
J-BY177990	200
J-FT420882	200
J-Y161755	1950
J-FT116489	1950
J-MF2936	800
J-Y362117	700
J-Y181340	50
J-FT95419	1600
J-FT244214	1550
J-FT174498	700
J-Y620860	50
J-FT172946	125
J-FTB77757	600
J-ALK845	500
J-ALK847	275
J-FT383175	350
J-FT382018	350
J-FTA94876	50
J-Z18258	3600
J-ZS5458	1750
J-ZS5459	275
J-Y180624	275
J-Z18257	3500
J-FTC77533	3400
J-Y626462	200
J-Y634164	200
J-ZS2242	1900
J-FTG10170	650
J-BY200370	1500
J-Y163219	275
J-FT237347	1900
J-MF16067	650
J-FTA15332	1300
J-FT228913	375
J-FTG60913	350
J-Y616367	275
J-Y40110	1300
J-PF5831	175
J-FT242588	150
J-FTA25728	50
J-ZS2260	3500
J-Y195187	2900
J-FT188102	3500
J-FTB66414	3500
J-FT185128	3500
J-Y368258	1800
J-Y556593	3400
J-Y280553	1500
J-Y280554	850
J-FT117968	2800
J-FTE12065	2800
J-Y450316	1450
J-Y294401	1300
J-FT113800	50
J-Y225059	1100
J-ACT1064	500
J-FT285981	1600
J-FTA50558	1300
J-FT286449	1050
J-Y277086	550
J-FGC40613	3000
J-FGC40609	2500
J-FT48611	1150
J-BY184820	1850
J-FGC40604	2500
J-Y252722	1650
J-FTA8252	1500
J-Y361853	1100
J-YMA1159	1400
J-FGC40619	2400
J-FGC40585	1950
J-FGC40611	1600
J-FGC40592	1350
J-Y212374	800
J-FTA17866	800
J-FGC40616	700
J-Y286839	200
J-FGC40590	550
J-FGC40593	500
J-FGC40594	50
J-Y579430	3400
J-Y649582	50
J-Y138203	3400
J-Y308290	900
J-FTC96001	50
J-Y241112	1700
J-Y308291	1000
J-SK1162	1650
J-Y201526	900
J-FT293345	250
J-FT396008	200
J-ZS2258	2600
J-YP6143	1300
J-FTB95025	1200
J-FTB94893	1100
J-YMA368	425
J-YMA322	1150
J-Y224801	900
J-ZS2277	950
J-Y273437	550
J-FTA58976	950
J-FTB79125	550
J-FTB18390	950
J-Y138196	600
J-YMA2859	3800
J-Y362862	200
J-TY22366	200
J-FTD990	50
J-FGC46728	3800
J-ZS2324	3200
J-CTS7680	3200
J-ZS2318	1650
J-Y311887	1150
J-S21237	3200
J-S20171	3100
J-S23734	2200
J-Y289185	2200
J-ZS5515	3100
J-BY157361	475
J-FTB17038	2600
J-ZS4490	650
J-FTD7019	650
J-Y185251	275
J-Y228513	125
J-ZS4501	350
J-Y42509	3100
J-ZS3804	3100
J-ZS11851	450
J-ZS3795	300
J-ZS2140	2400
J-Y41720	2400
J-ZS2135	1100
J-FTA45030	650
J-FTA96068	500
J-ZS2148	750
J-Y555572	750
J-Y4348	3200
J-FT61401	2800
J-Y183171	2800
J-Y183287	0
J-FT61432	1100
J-FT61518	950
J-FGC54321	3200
J-FT112756	2600
J-YMA103	2000
J-YMA111	1100
J-YMA102	1100
J-YMA1152	1050
J-YMA1150	700
J-Z18243	3100
J-Y209065	1400
J-FT155152	2300
J-Y182621	125
J-FT92512	3100
J-ZS5547	3100
J-Y70621	600
J-YMA861	2600
J-Z18247	2200
J-ZS2203	1150
J-Y155824	2000
J-Y155753	650
J-FT167232	2400
J-Y251658	1500
J-Y251698	650
J-Y266175	800
J-BY115546	1950
J-FTB93616	1950
J-FTB92798	650
J-FGC54316	3100
J-FTA53635	2500
J-YMA2448	1700
J-Y198502	950
J-Y198487	850
J-FT270466	350
J-Y25838	3100
J-ZS2156	2100
J-Y79450	850
J-FT229959	800
J-FT197527	700
J-BY97255	650
J-FT251758	200
J-FGC54320	750
J-ZS2177	2000
J-FT173827	425
J-FT174552	50
J-ZS2152	1650
J-A25942	1100
J-Y211481	650
J-ZS2164	1550
J-FGC90562	700
J-FTD30490	350
J-Y169400	200
J-FTC28894	550
J-FTC39431	200
J-Y373524	425
J-ZS2154	1550
J-FTD47323	1550
J-ZS2155	950
J-FT128610	1550
J-FT293399	750
J-FT293277	275
J-FTC70757	750
J-FT195644	225
J-FT269514	225
J-FT268803	50
J-Y137497	1350
J-FT142746	1100
J-ZS10039	1350
J-ZS9681	1350
J-FT42353	850
J-FTC6596	275
J-ZS9682	300
J-Y137485	1350
J-FT350332	275
J-FGC74754	1200
J-Y248289	650
J-Y137481	550
J-FT201018	50
J-Y179018	850
J-Y199348	200
J-Y201745	350
J-FT120038	850
J-Y235498	850
J-BY96096	300
J-FT118510	650
J-FT366057	650
J-Y4349	3100
J-YMA1317	275
J-Y6074	3100
J-Y545460	800
J-FGC15654	350
J-FT150337	200
J-ZS2121	3100
J-BY162488	2600
J-ZS2102	1450
J-ZS2117	1100
J-ZS6295	800
J-Y574053	200
J-FT251441	275
J-L859	1350
J-ZS5448	950
J-BY220065	200
J-FT294023	200
J-ZS9661	500
J-ZS6406	700
J-ZS6404	700
J-ZS6402	200
J-FGC47435	550
J-FGC47428	50
J-Y12869	1350
J-FGC67360	900
J-FT399464	750
J-Y635846	125
J-FGC67357	750
J-FGC67359	600
J-FGC67355	275
J-FT128998	500
J-Y12361	1350
J-FGC11714	1350
J-FTC12064	1200
J-ZS2099	650
J-FGC38790	1150
J-FGC38789	650
J-FT53625	1050
J-FT348272	950
J-FGC10493	1150
J-FGC10489	1150
J-Y158477	375
J-Y586437	1000
J-ZS4667	1150
J-FGC28329	500
J-FGC8702	1150
J-FTC34677	500
J-FTC18425	500
J-ZS2086	1000
J-ZS2085	1000
J-FGC88064	375
J-A20953	850
J-FGC87422	125
J-FGC87380	500
J-FGC87401	500
J-FGC65954	1000
J-FT65263	550
J-F4667	1000
J-FGC65953	600
J-FGC65957	600
J-FGC9581	1100
J-Y219015	350
J-FGC9583	700
J-Y485682	50
J-ZS5823	550
J-ZS5819	175
J-FGC30416	1350
J-FGC41036	1250
J-Y464428	350
J-Y240816	950
J-BY49997	1300
J-Y539179	1250
J-BY50497	900
J-BY50498	900
J-FTB22979	800
J-FTB23317	650
J-BY50918	950
J-BY50923	650
J-FT106556	950
J-FTA33224	250
J-Y376736	250
J-ZS10833	1200
J-BY172085	150
J-ZS10829	750
J-FT65352	225
J-BY200916	475
J-Y658056	475
J-FTC43518	275
J-BY50476	800
J-BY50472	425
J-FT239124	150
J-FT149828	550
J-FT148823	425
J-FT377330	350
J-MF118891	200
J-FGC54257	1250
J-FGC54256	500
J-FGC86267	1250
J-FTB18254	150
J-FGC86264	1050
J-FT293565	850
J-FT406499	800
J-FTA10143	275
J-FTA77726	275
J-Y225178	700
J-Y305691	500
J-Y500825	500
J-MF187340	500
J-Y225207	150
J-Y10887	3100
J-Y136982	3100
J-YMA88	1500
J-FT176235	3100
J-FTC65233	350
J-Y61703	550
J-YMA1388	1900
J-Y525260	1900
J-Y573880	850
J-YMA1390	1450
J-YMA1386	950
J-FGC496	3000
J-Y649122	1200
J-ZS4932	2300
J-FGC45655	1700
J-FGC45657	1450
J-Y331693	1300
J-YMA73	1850
J-YMA159	1700
J-ZS11512	1350
J-ZS11509	1050
J-ZS11504	600
J-ZS4948	1700
J-A39074	50
J-Y69097	1700
J-ZS4938	950
J-BY16791	2700
J-Y545611	1200
J-FT92509	2700
J-FT71717	2700
J-Y88973	425
J-ZS9306	2300
J-BY180273	2300
J-Y188143	900
J-Y216682	550
J-BY180587	2100
J-BY180334	125
J-BY205651	2100
J-Y445057	700
J-ZS9302	1350
J-FT71524	1100
J-FTC38767	800
J-ZS10957	650
J-Y177927	200
J-Y127244	200
J-ZS4740	3100
J-FGC34365	2800
J-FTA697	1400
J-FTA404	750
J-FGC34353	2100
J-FGC34355	550
J-FT92531	550
J-Y178100	1350
J-FTB44912	1350
J-FTB45117	650
J-A25278	750
J-A25286	550
J-Y23187	550
J-Y196095	500
J-ZS4723	2600
J-BY68843	1450
J-Y172456	1050
J-ZS4726	2100
J-FT259611	650
J-Y184524	1050
J-FT175924	1000
J-Y598190	800
J-ZS4722	2100
J-ZS4736	1300
J-ZS4721	1100
J-ZS9918	1100
J-FT277122	1150
J-A17652	275
J-Y198780	700
J-Y351432	550
J-FGC54335	2900
J-ZS11641	2200
J-FT344576	850
J-Y12382	700
J-FTD28849	400
J-Y207603	400
J-Z22566	850
J-FTA3363	750
J-SK1294	2000
J-FT279662	1500
J-FT279759	1050
J-FTA54835	850
J-Y247039	125
J-ZS11981	1300
J-Y7708	850
J-FT119101	50
J-FT281340	850
J-Y219418	700
J-L411	450
J-FTE8506	350
J-FGC54338	450
J-FGC54341	450
J-BY40158	125
J-BY4	2900
J-Y184768	2100
J-Y184766	550
J-Y195005	425
J-ZS11392	2300
J-FTF53076	2300
J-BY199387	1300
J-FTB56234	350
J-ZS11403	1800
J-ZS11400	1600
J-Y618739	800
J-ZS11118	2200
J-FT129853	2000
J-Y93464	1850
J-ZS11117	1850
J-BY7	2500
J-Y37451	1900
J-ZS2053	1500
J-FT40761	1200
J-ZS2054	1300
J-BY109	375
J-Y273558	600
J-ZS11634	1300
J-Y90036	600
J-ZS11633	1300
J-Y158765	1300
J-A25334	950
J-Y149530	400
J-Y182330	600
J-Y182410	425
J-BY181722	1100
J-FTD49828	900
J-BY182107	950
J-Y158758	425
J-A26060	425
J-A25292	650
J-A25297	50
J-Y184240	50
J-Y185510	600
J-A25670	275
J-ZS2072	2500
J-F22355	425
J-F16692	2000
J-FGC91633	2000
J-BY155734	1200
J-FGC91620	1300
J-A25715	2000
J-Y305667	1500
J-ZS10814	2000
J-Y152867	1000
J-ZS11844	1700
J-Y72333	1200
J-Y60307	1150
J-Y182123	1150
J-Y60871	200
J-FT139665	1650
J-Y182668	850
J-ZS11604	1000
J-Y212465	200
J-ZS11599	550
J-ZS11841	1650
J-Y107252	600
J-Y92820	125
J-Y17664	1350
J-ZS11026	200
J-ZS2069	1200
J-FT434663	1350
J-FTG15592	1050
J-FTG15944	425
J-HU10	1350
J-Y236011	125
J-CTS9745	1050
J-HU12	1050
J-Y37122	550
J-ZS4088	1200
J-Y36275	950
J-ZS11043	800
J-ZS11138	200
J-ZS4086	1000
J-FTB90268	950
J-FTB90917	500
J-FTB92558	325
J-ZS4084	800
J-BY16565	800
J-BY16564	200
J-Y36716	750
J-HU25	700
J-Y127811	450
J-FTA37636	1300
J-BY143782	1000
J-FTA89200	500
J-YMA991	500
J-FGC39450	1300
J-Y36186	500
J-Y36188	500
J-Y36189	375
J-Y109065	300
J-A41612	75
J-FGC39451	1050
J-FGC39449	1050
J-ZS11034	900
J-FGC39457	750
J-YMA2858	2900
J-FT206919	2100
J-BY109736	650
J-FT236712	2600
J-FT413658	1700
J-YMA61	2400
J-FTG33036	1800
J-Y257964	1300
J-Y327360	1150
J-YMA62	950
J-MF740906	2500
J-YMA1131	375
J-ZS10712	1800
J-FT124992	1800
J-FT129456	1650
J-YMA117	1200
J-Y182004	1000
J-FT129064	1000
J-Y181406	50
J-F23904	1800
J-FTF19081	1100
J-Y591661	550
J-ZS10710	800
J-ZS10716	800
J-Y327371	800
J-Y327361	475
J-Y64045	800
J-Y213895	700
J-Y10723	2800
J-ZS4062	2700
J-Y163159	500
J-Y200747	1250
J-Y200889	500
J-Y200942	200
J-YMA47	1700
J-FTA76783	125
J-Y351318	1700
J-Y366248	1200
J-Y500513	700
J-Y475513	500
J-BY13767	1600
J-FTE12436	950
J-BY13781	1350
J-BY13773	900
J-FTD67248	200
J-YMA2260	550
J-YMA2257	225
J-FT75479	2700
J-Y84728	400
J-BY14436	1850
J-BY14441	1700
J-FTA3617	450
J-Y105409	650
J-BY186550	2100
J-Y310404	700
J-FTB44225	2100
J-Y316665	700
J-ZS9178	1400
J-Y133788	350
J-Y21756	850
J-Y21757	850
J-M6594	850
J-Y208687	850
J-Y352945	750
J-BY239659	550
J-Y60104	350
J-ZS9172	700
J-Y616350	500
J-Y616360	500
J-Y153053	700
J-BY161191	350
J-FT229234	50
J-BY4061	425
J-Y126385	425
J-ZS9187	125
J-Y185134	300
J-V1153	100
J-Y22085	550
J-FT167804	400
J-FT183725	425
J-FT111247	550
J-Y374963	275
J-Y211479	550
J-Y21755	425
J-Y142009	350
J-Y22084	200
J-Y671111	200
J-FT36270	550
J-Y92836	200
J-FT148948	325
J-FTA60386	500
J-Y398132	350
J-Y490353	550
J-FTG86966	200
J-BY211088	500
J-BY160050	50
J-FT103359	450
J-FT100133	425
J-FTF80147	200
J-Y11545	2800
J-FT264950	2300
J-Y210097	950
J-ZS12607	2800
J-Y19368	50
J-FGC58296	2700
J-FGC58290	2600
J-YMA921	1950
J-FT442142	1950
J-Y133590	1750
J-Y143835	1300
J-FTJ47181	275
J-Y143838	150
J-FGC58306	2600
J-Y327327	2100
J-FT129525	1350
J-ZS10760	2600
J-BY95060	850
J-BY103640	550
J-FTB96410	650
J-FGC58302	2600
J-YMA1147	1800
J-FT203875	1650
J-Y343989	1150
J-FTA2347	2100
J-Y264553	2100
J-YMA129	1550
J-YMA128	1550
J-Y331202	425
J-FTA2211	1200
J-YMA653	600
J-BY67220	1200
J-YMA673	1000
J-YMA672	700
J-FTC49057	1100
J-FTC49433	425
J-Y14417	1850
J-Y203568	1850
J-FTB57807	1350
J-FTB73443	1350
J-FTB74188	850
J-ZS1955	1400
J-ZS10261	1100
J-ZS10260	425
J-ZS12602	150
J-ZS10262	425
J-ZS10267	300
J-ZS10269	250
J-ZS10264	50
J-Y14419	1050
J-FT241296	1050
J-FT243291	800
J-HU191	400
J-Y212359	275
J-ZS6043	1050
J-Y14522	800
J-ZS6044	500
J-FT66680	200
J-FGCLR528	200
J-ZS6038	50
J-Y511026	950
J-ZS1950	250
J-FT95049	950
J-Y517430	700
J-ZS8265	500
J-ZS11462	450
J-FTD23424	125
J-FTE10319	450
J-BY167638	125
J-ZS11468	400
J-FTB64625	125
J-Y14282	2800
J-Y391325	1000
J-Y13964	2200
J-Y141956	2100
J-FT152751	1700
J-ZS6861	1700
J-BY94443	1000
J-FT408894	950
J-Y196642	1150
J-Y376737	200
J-ZS7678	1700
J-ZS7680	1150
J-FTE23825	950
J-Y331525	950
J-ZS7675	700
J-FGC14302	2200
J-FT388039	1600
J-Y507743	1300
J-Y508157	1300
J-Y221652	1000
J-Y221339	700
J-FT388099	650
J-ZS1973	2100
J-YMA883	1250
J-BY57042	350
J-ZS1978	1700
J-FT18029	350
J-FGC14298	1100
J-FGC14301	350
J-Y25006	1950
J-PF5232	1150
J-FT36831	700
J-ZS12372	1300
J-BY118748	500
J-Y56028	2100
J-ZS7681	1350
J-FT71087	550
J-ZS7691	1050
J-ZS7688	1050
J-FTB22765	950
J-ZS7695	425
J-Y30965	1900
J-Y221340	1300
J-Y137028	1800
J-Y507512	1250
J-Y137029	1250
J-Y137036	1000
J-BY90273	1800
J-BY56497	1200
J-BY57274	700
J-Y200594	425
J-Y11883	2700
J-BY157540	1000
J-BY60366	125
J-F23651	800
J-A35837	1100
J-YMA657	1300
J-FTG39557	1300
J-Y358106	1000
J-Y502683	2700
J-ZS6447	2300
J-Y13353	1500
J-Y13897	1200
J-ZS6706	500
J-ZS6454	1100
J-FT154965	1050
J-FT397052	1000
J-FT397043	125
J-Y243581	50
J-FT153408	375
J-FT47210	375
J-FT154894	200
J-FT153920	50
J-YMA786	1300
J-Y416466	850
J-FTB35316	1050
J-FT392847	1300
J-Y306235	950
J-FT356121	1150
J-FT355164	1150
J-FT354546	1150
J-FT354487	600
J-FT406632	900
J-FT404895	750
J-FT405808	650
J-FT404372	200
J-BY180382	1050
J-Y306234	500
J-BY180469	1000
J-FTC40721	600
J-FTC41114	275
J-FTB68597	1000
J-FTB57522	550
J-BY180345	700
J-Y159893	400
J-FTC21718	225
J-Y13392	2500
J-Y269063	50
J-Y13100	2100
J-Y272321	550
J-FT421921	500
J-Y13393	1750
J-FTD38490	1200
J-Z18240	1650
J-FTA82460	1450
J-Z18237	1300
J-FGC64473	1050
J-FGC74989	950
J-FGC74985	950
J-FGC74988	275
J-FT45536	850
J-FT127511	275
J-FT448854	850
J-BY48577	1050
J-FGC64477	600
J-Y21760	1300
J-Y13099	1300
J-FTB9314	950
J-Y31822	1300
J-Y179001	850
J-BY203088	50
J-Y263513	275
J-FTB35039	1300
J-Y178973	200
J-FT104447	950
J-FTB62571	650
J-Y85066	950
J-Y146873	500
J-FT103542	350
J-FGC58487	800
J-ZS2002	800
J-FGC58481	800
J-ZS1987	550
J-ZS1986	425
J-ZS5487	350
J-FGC58480	50
J-FTD85665	50
J-ZS5486	125
J-FT401802	125
J-FTA27656	125
J-ZS2022	1400
J-FGC50905	1050
J-FGC50909	1050
J-Y244428	425
J-FGC29858	1300
J-YMA1016	650
J-ZS2027	1200
J-ZS2030	1200
J-FGC27526	800
J-Y37944	700
J-Y167958	350
J-Y96902	550
J-Y98108	500
J-FT426565	275
J-FTD89914	50
J-ZS2024	1100
J-FT149237	650
J-FTA28933	950
J-FTA28716	800
J-FTB11317	50
J-ZS2040	1100
J-ZS2029	800
J-Y94834	500
J-Y108734	500
J-Y227936	275
J-FGC29861	800
J-ZS2045	800
J-FGC82949	800
J-FGC29867	650
J-FGC31321	1000
J-FTD32844	350
J-Y224819	950
J-Y224815	950
J-FGC31316	750
J-FGC31315	750
J-FTC39063	425
J-FTD16389	500
J-FGC31322	750
J-FTC40113	700
J-FTC40013	550
J-FTC39833	425
J-FTD25305	275
J-Y133594	425
J-FTB35040	200
J-Y651082	425
J-Y509805	400
J-FTB59062	350
J-BY207393	200
J-FGC32305	2700
J-YMA2347	1200
J-Y108139	1200
J-Y162765	250
J-Y596668	600
J-BY14463	500
J-FT53713	425
J-ZS4227	2200
J-A35787	1550
J-Y439284	1350
J-Y650292	650
J-BY79848	1600
J-Y134505	1550
J-Y179146	1550
J-FT66212	1550
J-FT124913	950
J-Y134504	800
J-FT15815	1700
J-Y165402	1200
J-FT27306	1100
J-FT101162	650
J-Y58782	200
J-FTB17586	850
J-A41238	650
J-Y637609	650
J-FTA28371	800
J-ZS4234	2200
J-ZS4224	400
J-Y188980	1600
J-Y189042	500
J-Y139871	1500
J-FTA17719	1500
J-FT317542	1250
J-Y139859	1250
J-FTB70518	950
J-Y139866	150
J-Y187624	1200
J-FT203677	1200
J-Y289117	850
J-FGC66661	2700
J-Y140029	2100
J-FGC78668	2100
J-BY186722	1000
J-Y163864	600
J-Y219887	125
J-BY188724	125
J-Y185259	2000
J-ZS2017	1650
J-ZS8575	1300
J-BY159030	1100
J-Y230113	800
J-FT131748	350
J-FTD3365	600
J-Y538362	500
J-FGC19901	1450
J-Y616457	1200
J-FT77769	1150
J-A34442	50
J-FT78397	1150
J-FT78870	1000
J-ZS2010	1200
J-ZS2007	1050
J-FGC67315	1050
J-FGC67321	425
J-FTC95078	800
J-BY83264	750
J-ZS4654	700
J-FGC19906	700
J-FTA49402	350
J-Y162269	650
J-Y162379	200
J-ZS10047	1450
J-ZS10044	1100
J-Z39629	800
J-FGC66664	50
J-ZS10043	800
J-FGC67346	1100
J-FGC67338	850
J-FT5720	750
J-FT3559	550
J-FT119222	850
J-FT156772	475
J-FT157145	350
J-FT239760	300
J-FTE52803	50
J-Y511007	275
J-Y85275	1400
J-FT228484	950
J-BY122186	800
J-FT194624	1300
J-Y559950	1100
J-FT277179	850
J-FTA73378	350
J-FT276557	500
J-FTA98028	400
J-FTA93471	175
J-FTA93601	250
J-FTB76851	50
J-Y520298	200
J-FTB75626	350
J-Y361398	200
J-FTD46629	50
J-FTD38939	200
J-Y649973	200
J-Y516143	375
J-S17033	200
J-Y412646	500
J-FT434393	500
J-Y323394	350
J-FTC46570	400
J-Y500694	425
J-Y95012	350
J-FTB76835	50
J-FTB84790	50
J-Y466569	150
J-FTB12542	150
J-Y586177	50
J-FT276967	425
J-FTG49245	200
J-FTB65926	300
J-FTB75313	200
J-Y552411	400
J-FT277957	400
J-FTB51981	300
J-Y493600	325
J-FTF97571	125
J-FT277358	125
J-FTG36965	125
J-FTC84741	325
J-FGC4415	2900
J-FT53859	1850
J-FT52802	125
J-FTA87143	2600
J-FTC26618	275
J-FTC79525	275
J-ZS9202	325
J-Y231966	1150
J-Y232642	950
J-FT459111	700
J-YMA2211	1750
J-YMA741	1000
J-YMA737	175
J-Y574494	2800
J-FT49595	2500
J-FT152388	1300
J-FTB6630	1600
J-Y538408	1350
J-FT49600	1750
J-Y183261	1000
J-A14294	450
J-Y187385	275
J-ZS9084	2700
J-BY105356	1750
J-BY132931	375
J-FT117307	500
J-FT55695	600
J-FT55762	425
J-Y185331	500
J-FT271745	2700
J-Y640072	2700
J-Y245471	2600
J-FTB38462	2500
J-Y296615	750
J-Y13481	2900
J-Y503448	2900
J-FGC10401	2900
J-Y142146	1900
J-FT270366	1600
J-FT309072	650
J-L897	1750
J-Y526857	300
J-FGC10384	1750
J-ZS10060	550
J-Y531474	550
J-ZS10091	1250
J-ZS8222	2100
J-ZS8239	1900
J-FT279730	1900
J-ZS8226	1250
J-ZS8223	800
J-FT5344	1850
J-Y161366	1700
J-FT5873	1150
J-BY191278	1700
J-FT192436	1650
J-Y161359	375
J-BY527	2900
J-FTA21734	2400
J-ZS5230	1950
J-BY68788	1650
J-ZS5226	1500
J-FGC44057	250
J-ZS5233	475
J-BY123430	300
J-BY140263	1350
J-BY72114	600
J-FTD42466	550
J-FT293439	1000
J-FTA47558	1000
J-Y244857	850
J-Y516144	500
J-Y244864	425
J-Y504202	2800
J-FT56715	2800
J-FT58333	1900
J-FT58245	950
J-FT381511	950
J-Y368988	425
J-FT380872	550
J-Y333312	425
J-FT31543	2400
J-FT30543	2400
J-Y169017	1200
J-FT28051	1100
J-FTC10977	500
J-FT153016	1200
J-FT151929	1200
J-FT153152	1200
J-FTD92396	800
J-FT153393	500
J-FT153047	200
J-ZS5860	2900
J-Y182160	2300
J-BY194154	1850
J-Y10400	1150
J-FT28829	650
J-FT169115	1150
J-Y504166	1000
J-FT169263	1000
J-FT169408	1000
J-Y200728	350
J-BY193645	1150
J-Y514878	850
J-BY227462	1100
J-BY194537	1000
J-Y229154	500
J-BY196667	1000
J-BY194758	600
J-Y573591	275
J-FT154953	350
J-ZS5833	2300
J-ZS9151	1400
J-FTB19765	1400
J-FTA34413	1400
J-FTC6134	800
J-FTA34523	800
J-FTB57414	1350
J-Y308186	1350
J-FTB62613	800
J-Y423324	1350
J-FT171985	1000
J-FTD63202	425
J-FTB10213	1300
J-FTB12545	500
J-MF30348	1150
J-FT162796	1100
J-Y429129	900
J-FTD78417	800
J-Y446941	350
J-FT163302	850
J-FT162435	850
J-PH847	225
J-FT83258	850
J-FTC23444	650
J-Y193432	800
J-Y193429	350
J-Y352794	800
J-FTB35692	800
J-FGC74392	550
J-Y641027	550
J-FTG10246	650
J-FTB36003	800
J-Y477488	800
J-Y477486	500
J-Y571506	250
J-Y84385	2100
J-FGC37798	1300
J-Y635337	650
J-F19211	2000
J-Y331661	1000
J-FTB64792	650
J-Y201513	1750
J-FTA52696	1550
J-FT287650	1750
J-A34121	1750
J-Y200726	550
J-BY224186	1250
J-Y544108	750
J-Y446916	300
J-FT152136	2100
J-BY78947	1900
J-BY69935	1700
J-Z19659	1500
J-FT153021	50
J-FTA55827	1000
J-Y256555	50
J-BY94503	1600
J-FGC58038	1350
J-FT390925	1350
J-Y500397	700
J-FT392168	1300
J-FT391628	850
J-FT393009	800
J-FT392202	600
J-FTA57424	375
J-Y273452	250
J-BY90434	1200
J-FT256461	300
J-BY54901	1200
J-FT277081	1000
J-FT368216	1200
J-BY97819	650
J-FGC10482	1200
J-A35624	1200
J-Y500504	2900
J-FGC19209	350
J-Y152611	2900
J-Y152606	1650
J-BY56434	600
J-BY66454	300
J-FT16395	1600
J-Y168386	1350
J-FT174516	550
J-FT175762	500
J-FT174531	375
J-FT173608	75
J-Y500506	2900
J-Y61506	1800
J-BY154037	2100
J-FT186018	2600
J-Y212968	900
J-Y228768	550
J-BY232612	200
J-FT275636	1350
J-FT384159	400
J-Y196055	2900
J-FT264818	2900
J-Y215691	950
J-FGC47805	1450
J-FGC47790	1150
J-Y366558	2200
J-Y183604	1200
J-FTC98894	900
J-Y235521	125
J-Y504942	2700
J-YMA2269	1100
J-FT437514	950
J-FTE2904	900
J-ZS11087	1850
J-Y553970	1850
J-ZS11081	1350
J-Y162969	750
J-ZS11099	425
J-Y513205	2400
J-FT58645	500
J-FT57907	275
J-FT57991	50
J-ZS1948	2300
J-Y186678	50
J-ZS1943	2300
J-Y197315	1900
J-FTC65179	700
J-Y197314	1150
J-CTS1806	2200
J-Y209959	1900
J-FGC19823	2200
J-ZS1939	650
J-FGC19820	550
J-Y471842	425
J-FTA96832	550
J-FTC24574	300
J-MF264187	300
J-FTC23278	125
J-FGC19818	425
J-FTF1868	275
J-Y201011	425
J-FT345134	425
J-FT345295	200
J-FTC84220	325
J-FGC42781	2900
J-FT303403	950
J-ZS4208	1850
J-HU257	1850
J-FT136863	1250
J-Y183143	1150
J-Y236699	500
J-BY54591	1000
J-BY107841	950
J-MF42364	500
J-BY128633	700
J-BY122706	425
J-BY138964	225
J-HU253	1850
J-HU258	1550
J-HU249	150
J-Y322733	1200
J-Y288286	1100
J-Y286927	275
J-Y225014	400
J-FTH45559	50
J-FGC17371	1100
J-Y85339	125
J-BY174017	250
J-FT136642	250
J-BY174015	50
J-FT137582	1450
J-FT137984	1100
J-Y182233	1100
J-FT156384	600
J-FT196059	425
J-FT196898	200
J-FT163711	1100
J-FT162799	600
J-Y21741	1100
J-ZS4202	700
J-FT116051	1000
J-FTB76666	350
J-Y21745	800
J-FTB28964	650
J-FTA75073	550
J-Y304219	50
J-Y21743	650
J-Y262897	650
J-Y502898	200
J-FT299866	275
J-MF615985	650
J-FTB96167	50
J-ZS5217	600
J-Y21742	325
J-FT421512	325
J-S8900	200
J-ZS5215	500
J-FT410771	350
J-FT413125	275
J-FTA86688	350
J-ZS10415	2900
J-FT159522	1750
J-Y194881	950
J-FT58357	2400
J-FT421978	500
J-BY102125	1300
J-FT76786	1250
J-FT172006	1250
J-Y151370	1200
J-Y211944	850
J-ZS10412	2300
J-FT153233	2300
J-FT154798	1600
J-FGC14987	200
J-ZS10407	1400
J-FT50352	1200
J-ZS10424	325
J-FT166431	275
J-MF10702	1350
J-FT66895	1050
J-FT67308	275
J-FT67508	50
J-FGC60132	1600
J-Y232428	850
J-FTC18032	425
J-BY205846	1600
J-BY207262	1250
J-FGC60121	1600
J-Y182610	1000
J-Y63153	1350
J-Y201729	1350
J-Y68075	1100
J-FGC60122	1600
J-FT287417	1600
J-M252	1600
J-Y130515	1600
J-BY56477	950
J-FT5441	275
J-Y198151	1600
J-Y130511	375
J-Y198148	500
J-FT160854	1600
J-FT161633	1050
J-FTD77479	350
J-FT159972	600
J-BY17879	425
J-FT177751	1600
J-FT175265	400
J-FGC60152	1450
J-FT128865	1300
J-FGC60130	1200
J-BY51772	850
J-Y181197	1450
J-BY134859	1400
J-BY112574	1250
J-FT353415	100
J-BY169643	1250
J-Y182766	200
J-Y285139	425
J-FT130798	1050
J-FT160367	600
J-Y186132	900
J-Y580715	700
J-FT185656	425
J-BY169448	1250
J-Y193910	850
J-BY201877	1100
J-FT282631	450
J-Y14652	2100
J-FT445848	2100
J-FT144690	1900
J-Y185811	850
J-FGC4402	2100
J-Y7053	2100
J-Y167042	1150
J-FT2827	1100
J-FGC60242	2100
J-ZS11155	600
J-FGC60241	200
J-FTF3044	350
J-Y182735	500
J-FTD39879	50
J-ACT937	500
J-FGC4417	2100
J-ZS8845	1750
J-A18075	50
J-ZS8849	1750
J-FTB5749	1600
J-ZS8843	650
J-ZS8844	50
J-Y14646	1850
J-FGC47082	1650
J-FGC46263	1350
J-FGC75568	1050
J-FGC75565	700
J-FTF72083	950
J-Y613213	650
J-Y621326	650
J-ZS10295	1100
J-FTA30432	1100
J-Y135649	900
J-FT10778	850
J-Y135627	700
J-Y450421	200
J-FT262750	900
J-BY40603	750
J-FGC50010	700
J-FT347064	200
J-FTC1386	350
J-Y652264	650
J-ZS10599	125
J-ZS10297	1100
J-FT209685	200
J-FGC47073	1100
J-FT119215	800
J-Y620196	700
J-FT116814	700
J-FTE73506	350
J-FT118184	325
J-FT118106	125
J-ZS10740	1100
J-Y151584	400
J-FGC47088	375
J-FTD33016	200
J-MF675122	1100
J-FTD20460	950
J-ZS12149	350
J-BY38033	1050
J-FGC90448	550
J-FTA61173	350
J-ZS10322	350
J-FT33708	300
J-FT162457	125
J-FTE35574	250
J-Y10006	150
J-Y513911	50
J-ZS10866	1050
J-FT96159	200
J-ZS10867	350
J-FT153612	275
J-FT405535	275
J-Y14642	1850
J-ZS9506	1700
J-ZS9502	1350
J-FTD51489	900
J-Y424704	200
J-Y444132	425
J-FGC4423	1850
J-FT159645	1850
J-FT159515	50
J-Y18396	1250
J-BY153384	1250
J-FT63131	650
J-Y176989	50
J-FGC4429	1250
J-FGC4426	1250
J-ZS12303	1000
J-FT216688	550
J-FGC87972	700
J-FT34528	700
J-FGC33002	350
J-FGC87970	200
J-FGC4425	1000
J-FGC50956	750
J-FT152563	1000
J-MF4926	50
J-FGC86479	425
J-Y65509	1000
J-BY165335	550
J-Y154729	550
J-BY165106	275
J-FGCLR1908	650
J-Y24301	350
J-ZS8434	950
J-ZS8431	950
J-BY156489	550
J-Y137280	800
J-Y153139	275
J-FGC4419	900
J-FGC82182	350
J-Y125364	600
J-Y169457	550
J-Y198192	200
J-Y169374	550
J-Y169392	50
J-FT70205	550
J-Y193439	50
J-FT53680	800
J-Y126435	800
J-FT186969	550
J-FT186516	275
J-FT194484	650
J-FTA51681	200
J-FT54957	425
J-FT278992	200
J-FT53230	175
J-Y502363	50
J-FGC90377	125
J-FGC58333	1000
J-FTB57981	125
J-ZS8307	800
J-FTG29866	800
J-Y155564	250
J-ZS9295	375
J-Y164521	550
J-FT136602	550
J-BY208449	425
J-FT138245	350
J-FT137246	200
J-Y133463	750
J-BY174467	425
J-FTE28094	500
J-Y13548	600
J-Y154056	400
J-Y154048	225
J-Y160901	750
J-Y169224	650
J-ZS10544	200
J-Y133492	200
J-Y146620	325
J-Y154679	350
J-FGC77609	900
J-BY100176	750
J-Y65268	600
J-FGC58334	650
J-FT41598	350
J-Y209573	275
J-Y139085	650
J-Y158541	650
J-Y148926	500
J-Y263120	500
J-FGC86254	50
J-ZS12344	450
J-Y133518	350
J-Y125083	275
J-FGC77609a	650
J-FGC87891	350
J-BY173262	550
J-Y155488	200
J-FGC83026	375
J-Y152094	250
J-Y152092	50
J-Y139102	900
J-FT63814	650
J-Y139165	900
J-FGC75515	550
J-BY205275	800
J-FT19436	350
J-BY205272	800
J-BY205051	275
J-FTA92679	200
J-FTB75787	50
J-Y125103	800
J-FT147668	600
J-FGC82248	600
J-Y145230	350
J-Y73275	700
J-BY41347	200
J-Y71611	450
J-Y125106	425
J-Y500523	1850
J-Y110283	1800
J-Y85646	1500
J-BY72378	1450
J-FT122354	1100
J-BY94749	1100
J-Y266182	950
J-FT241019	550
J-BY9782	125
J-FT411304	500
J-FT450401	500
J-Y93302	1200
J-Y135162	850
J-Y98661	1050
J-FT117991	1050
J-FT146039	200
J-Y88418	850
J-FTE23411	500
J-Y86201	275
J-Y14643	1850
J-ZS10625	1300
J-FTD22015	950
J-FTD29833	350
J-BY92860	1200
J-FGC36264	700
J-FTB76790	50
J-FT153057	800
J-FT152423	650
J-FT151959	50
J-ZS10621	225
J-ZS10622	50
J-FT5885	950
J-FT5290	50
J-Y137826	1300
J-ZS10744	1300
J-FT210924	850
J-FT209614	200
J-ZS10743	900
J-BY68016	600
J-Y152115	275
J-Y14641	1850
J-FTF38294	1500
J-Y607476	1000
J-FTF44909	950
J-CTS1630	1850
J-Y14651	1150
J-ZS9465	650
J-FT247110	350
J-FTG17278	350
J-ZS9293	1150
J-FT351403	425
J-ZS9287	550
J-FT143561	200
J-FT163940	200
J-FTE66237	200
J-FTE66723	200
J-FGC4703	1050
J-FT280434	650
J-Y153573	350
J-YMA899	1050
J-BY143787	550
J-Y167900	450
J-FT21301	100
J-FT166315	450
J-FTD29903	125
J-MF4690	350
J-BY187970	700
J-FT73217	650
J-FTJ52005	350
J-FT26358	650
J-FTA57466	600
J-Y169736	350
J-FT17766	350
J-FGC4702	1050
J-FT387665	850
J-ZS10065	50
J-ZS4185	1000
J-BY178288	175
J-FT162718	200
J-FT187848	200
J-FGC4711	1050
J-FGC29800	275
J-Y154916	225
J-FGC2276	1050
J-FGC4709	1050
J-FGC4718	1050
J-FT71365	850
J-Y165182	500
J-FT233553	500
J-BY201945	225
J-Y369968	225
J-Y370040	50
J-ZS5341	1250
J-BY207613	1250
J-FT367589	700
J-Y220393	650
J-FT367797	650
J-Y164510	1000
J-Y197351	1000
J-FT178147	1100
J-FT375996	50
J-FT403222	850
J-FT403486	350
J-FTB45167	1100
J-FTD11874	50
J-FT218387	1100
J-FT214473	850
J-Y650257	700
J-FT216030	425
J-FT214460	350
J-FTC78702	1100
J-FTC67982	1050
J-BY34840	850
J-FTD79974	1050
J-ZS8522	750
J-ZS8520	550
J-FTA49483	550
J-FGC74160	250
J-FGC74159	125
J-FGC74161	50
J-FGC82886	1100
J-FT245970	1000
J-FTC14381	800
J-FTA80817	500
J-Y500525	1000
J-FTC46502	700
J-FTC46721	425
J-BY156248	950
J-FT150415	950
J-Y264687	900
J-PF3052	550
J-FT151144	350
J-FT150746	700
J-FTG1261	125
J-FT151469	700
J-Y133953	950
J-FT138577	800
J-FTB19172	50
J-Y644346	50
J-Y286205	550
J-FT139674	100
J-Y133987	750
J-FT427957	650
J-Y133982	650
J-FT101155	950
J-FTB9659	800
J-FT102842	550
J-FT204893	275
J-FT136950	550
J-FT136898	350
J-Y500877	1100
J-FTC47571	650
J-FT154225	700
J-FT274852	425
J-ZS5340	550
J-ZS5349	550
J-Y244331	275
J-Y307706	125
J-ZS5350	275
J-Y263791	275
J-ZS5348	50
J-FGC74008	550
J-FT229949	500
J-FT119691	325
J-Y133994	275
J-Y133937	200
J-FGC90363	500
J-FTB45008	325
J-FGC90360	250
J-FGC90359	200
J-Y5321	2500
J-ZS8508	2500
J-Y127632	275
J-Y231580	175
J-Y243702	125
J-ZS8514	2500
J-Z39695	2400
J-Y87631	2400
J-Y88313	2100
J-BY87017	275
J-Y225312	1050
J-FT404164	850
J-FTD66868	350
J-ZS11654	1950
J-Y173271	425
J-FT71598	125
J-Y213570	125
J-Y249041	1950
J-FTD7432	1950
J-ZS11652	1800
J-Y248600	1150
J-Y248547	500
J-Y85182	1200
J-FT235087	425
J-Y262885	350
J-FTC47625	1200
J-FTC47428	700
J-FTC52675	500
J-Y312889	1000
J-Y297847	325
J-FTD60748	125
J-FT133046	1200
J-Y159985	950
J-Y296697	750
J-Y313269	950
J-Y83681	1100
J-Y111921	1000
J-FT150741	800
J-Y86124	700
J-Y84532	325
J-Y298462	275
J-FT323253	250
J-Y157699	50
J-Y5324	2200
J-FGC5388	1550
J-ZS12636	1500
J-BY53670	1500
J-FT407500	175
J-FT407872	50
J-Y5322	2200
J-Y160429	2000
J-Y160412	1150
J-Y160384	800
J-Y104581	1400
J-A25155	700
J-A25152	700
J-Y271569	1400
J-FTE14666	1100
J-FGC39213	2200
J-Y149678	850
J-ZS4694	1600
J-ZS4685	350
J-FTC84082	175
J-Y27529	1450
J-Y329962	700
J-FT116619	350
J-Y62676	50
J-Y64784	1450
J-FGC76918	1300
J-Y179616	375
J-Y224011	175
J-FGC75303	1900
J-ZS8188	1850
J-BY165317	1750
J-ZS8189	1500
J-ZS9061	1350
J-BY29058	500
J-Y188562	450
J-FT154394	200
J-Z13866	100
J-Y37140	600
J-ALK595	600
J-Y107720	400
J-Y89098	150
J-ZS9070	450
J-FGC88852	200
J-ALK589	200
J-FTJ64284	50
J-FGC87943	450
J-FT269566	450
J-FT406411	275
J-FGCLR824	300
J-ZS9985	100
J-BY193534	50
J-FGC10591	2100
J-FTD79660	1650
J-FTD86310	1650
J-Y232898	650
J-FTD51662	1600
J-FTD51395	700
J-FTG10186	550
J-FGC10592	1950
J-FGC29828	1500
J-Y268546	950
J-FGC10593	1850
J-Y232505	1250
J-Y626355	950
J-FGC10585	500
J-FTA89923	275
J-FT399348	350
J-FT319446	350
J-FTB53063	250
J-FGC10590	250
J-FGC67281	50
J-FGC87963	50
J-FGC75544	250
J-FGC10595	250
J-FGC75494	200
J-FTB1935	200
J-Y264287	50
J-FGC10607	125
J-ZS7701	425
J-FGC72743	200
J-FGC86523	50
J-FT124941	350
J-Y135556	50
J-BY162183	425
J-Y642928	200
J-FGC59022	425
J-FGC34039	300
J-ZS7701a	125
J-Y135527	50
J-FT203876	400
J-Y231573	200
J-FGC48134	350
J-FGC86313	125
J-FGC82252	200
J-BY5762	375
J-Y135598	375
J-Y135589	275
J-Y223246	150
J-FGC86327	375
J-FGC86326	125
J-FGC4453	1900
J-FGC51679	700
J-BY9539	125
J-Y157805	650
J-Y318176	200
J-FGC7946	1900
J-Z13088	50
J-BY9592	500
J-BY9589	375
J-BY9587	50
J-BY146517	1850
J-BY56439	125
J-FTA28864	1150
J-Y505687	1000
J-Y503445	1000
J-Y595572	275
J-CTS7163	900
J-FGC75554	700
J-FGC59128	650
J-FGC59136	550
J-FGC59129	300
J-FTB63330	600
J-FTB69872	600
J-FTB65083	500
J-FTB64748	50
J-A31550	1900
J-TY314945	1800
J-ZS10558	1800
J-Y422188	550
J-FTC44677	125
J-BY9478	1800
J-TY491553	1800
J-BY9473	1550
J-BY9479	1000
J-BY9522	1600
J-Y375301	800
J-BY9519	850
J-FTB79778	350
J-FTB81391	325
J-FTB84295	275
J-Y329402	50
J-A32373	50
J-C118153	1650
J-FT262786	1650
J-Y280052	350
J-Y471677	1650
J-FT41934	800
J-YMA869	1300
J-YMA872	1300
J-Y555797	600
J-YMA874	850
J-FTA37696	1450
J-ZS1920	325
J-C103838	950
J-Y671486	800
J-BY9567	1450
J-Y639795	1200
J-FGC41815	1400
J-BY9558	800
J-FGC57119	800
J-FGC57117	375
J-FT239846	750
J-FTH68785	150
J-FGC60687	1450
J-FGC60677	1450
J-FGC62635	1000
J-FGC62631	700
J-FGC62630	50
J-Y322863	1000
J-Y322800	700
J-FTD48627	700
J-FTD49168	650
J-FGC71646	1650
J-FGC36738	1650
J-ZS8291	1650
J-HU384	1550
J-HU382	1100
J-Y394719	1100
J-Y523282	425
J-FTB54777	1100
J-FTG59328	550
J-Y628641	150
J-HU380	700
J-HU388	700
J-Y506601	1650
J-FT38353	1600
J-Y157862	650
J-FT38114	800
J-Y375089	1650
J-FTD29976	800
J-FTD29894	650
J-BY9570	1650
J-FGC71640	1250
J-BY9577	800
J-BY9573	350
J-BY9571	150
J-FT372870	1550
J-Y534130	225
J-FT372920	1550
J-FTB46115	1250
J-Y351988	650
J-Y45448	475
J-FGC4440	1900
J-BY131658	1900
J-Y364741	475
J-Y99650	200
J-BY9544	1200
J-BY9551	150
J-FGC4451	1900
J-BY9445	1750
J-FT269403	950
J-BY9444	700
J-BY9446	175
J-FGC13095	1800
J-FGC62669	1250
J-L65	1700
J-BY55973	800
J-Y194870	1450
J-FTH23912	325
J-Y194867	1150
J-Y96810	1050
J-Y87332	325
J-FGC13106	1400
J-FGC34269	50
J-FGC13105	950
J-FGC13104	950
J-FGC13107	450
J-BY9438	200
J-FGC50811	1150
J-FGC50808	1150
J-BY114723	300
J-FT3836	200
J-FGC4465	1700
J-FGC40073	650
J-FT105272	1200
J-FT250940	950
J-Y143376	1100
J-BY9310	800
J-FGC57064	500
J-FGC86333	500
J-FGC13094	1450
J-FGC13075	50
J-BY40457	800
J-Y272415	50
J-FGC46511	1400
J-FGC46298	650
J-FGC46299	350
J-BY9318	50
J-FGC4441	1700
J-ZS12180	1200
J-BY9250	100
J-ZS4695	750
J-BY9211	700
J-FGC43386	425
J-FT49185	700
J-FGC41946	600
J-FGC49919	600
J-BY40462	1300
J-FGC36473	750
J-Y215595	500
J-FGC36468	475
J-Y112329	425
J-FGC15200	1050
J-ZS4995	850
J-FGC31345	650
J-ZS4993	475
J-BY9019	225
J-BY9075	900
J-FGC15198	500
J-FGC4461	1700
J-Y70441	800
J-FGC4455	1300
J-FGC4445	1150
J-FGC4449	425
J-Y642684	175
J-FGC43316	1300
J-BY9111	1050
J-FT210388	350
J-FT209044	300
J-ALK729	550
J-FTB19446	50
J-FGC50005	950
J-FT187880	650
J-FT186267	475
J-FGC43311	950
J-Y103068	175
J-FGC8812	2200
J-Y84537	750
J-BY205350	2200
J-FT60122	1250
J-FT60079	750
J-F17347	275
J-FGC8806	1950
J-ZS8398	1550
J-Y81982	1550
J-FTD50766	1500
J-Y84138	1500
J-FTD96074	800
J-Y458784	350
J-Z25497	1350
J-FTD63662	500
J-ZS12531	1500
J-Y159069	1000
J-FT6971	850
J-FT47145	1400
J-FTG60304	1100
J-FT47562	1300
J-Y173032	225
J-ZS8395	1500
J-Y86867	750
J-Y225824	750
J-Y89770	450
J-FT231186	225
J-FT231716	50
J-FTC58842	50
J-ZS8405	700
J-BY151177	650
J-FT262482	275
J-FT368468	600
J-FTC96656	275
J-ZS8397	275
J-FT210108	700
J-FTC96058	650
J-FTC97260	700
J-FT90691	350
J-FT210636	275
J-FTD56046	275
J-FGC8810	1800
J-Y18127	1300
J-Y81679	125
J-ZS11928	750
J-Y150129	650
J-Y304743	50
J-ZS11925	550
J-FT41268	1650
J-FT117831	900
J-Y261624	750
J-Y261621	600
J-FT44186	1650
J-FT38741	1250
J-FTD96254	1200
J-FT274245	425
J-FGC8797	1450
J-Y511013	1450
J-Y451376	1450
J-FGC8819	1300
J-FGC8792	850
J-FT149366	425
J-FT148727	425
J-FGC8795	450
J-FGC8811	450
J-FGC8801	450
J-ZS3860	1650
J-BY134441	1250
J-BY98532	600
J-Y639991	125
J-FT8351	750
J-FT9421	700
J-FT9398	700
J-Y36564	1450
J-Y200236	950
J-FTG5782	600
J-Y200222	500
J-ZS8332	1450
J-Y61263	700
J-Y60347	500
J-FTC69521	50
J-ZS8485	1350
J-TY23757	1350
J-ZS10670	1350
J-Y92734	700
J-ZS10676	900
J-Y96150	900
J-Y82835	600
J-Y81028	550
J-BY107615	400
J-ZS10672	300
J-Y135533	550
J-BY181306	425
J-FT169301	200
J-FTC13003	125
J-FT10398	200
J-FTB14909	200
J-FT112054	425
J-Y158719	200
J-BY181713	50
J-Y135546	425
J-BY180714	300
J-FTB54320	300
J-FT306825	125
J-FT304220	125
J-FT368232	50
J-Y192372	400
J-FT410888	225
J-FT410604	200
J-FT249005	325
J-Y528089	200
J-FT255752	50
J-Y71729	325
J-JFS3035	275
J-FT344545	300
J-Y207293	50
J-FT382087	300
J-FT382444	300
J-BY88434	50
J-ZS3856	1400
J-FTD65616	950
J-Y556160	1100
J-FT269318	125
J-BY136022	800
J-FTC87902	650
J-Y139885	550
J-FT36915	200
J-Y79655	1400
J-Y198166	1050
J-Y69265	1400
J-ZS8279	425
J-ZS8334	1200
J-ZS8333	950
J-ZS3857	1250
J-ZS4115	1250
J-ZS4114	650
J-FGC79109	1000
J-FTC38261	700
J-FTC83409	950
J-FTC76798	700
J-FTC75306	700
J-ZS3854	950
J-Y312847	550
J-FTD95960	425
J-Y530203	500
J-ZS3859	950
J-Y200601	150
J-Y506523	850
J-FGC45270	200
J-Y505953	850
J-FTC26576	850
J-FGC40856	750
J-Y73477	50
J-KHU1943	750
J-A25174	200
J-FTC63014	200
J-ZS3855	350
J-FGC40863	200
J-FGC40451	1300
J-Y67532	275
J-Y135564	950
J-BY77964	700
J-FT160682	700
J-Y306254	50
J-FT172356	650
J-FT176012	475
J-FT177829	350
J-FT175536	200
J-ZS10836	1100
J-FTB17047	500
J-FGC40453	700
J-A25148	700
J-BY31289	375
J-Y97259	375
J-FT157168	550
J-Y546224	275
J-Y549002	275
J-FGC40454	700
J-Y104094	700
J-Y103744	700
J-Y179490	700
J-FT19261	350
J-FGC40452	375
J-Y206375	200
J-FGC40448	350
J-Y141147	50
J-Y126376	400
J-BY73884	350
J-Y9271	2200
J-Y143350	1950
J-Y162927	1500
J-Y143343	50
J-Y162905	300
J-FGC23310	2200
J-BY2	1600
J-Y429301	800
J-FT50981	1400
J-Y172561	1000
J-FT155531	550
J-Y172589	250
J-BY161705	1200
J-Y444958	550
J-BY188880	1200
J-BY189399	850
J-FT122344	125
J-Y531796	350
J-BY3	1500
J-FGC38453	1300
J-BY72588	1200
J-BY67644	550
J-Z18227	600
J-FTC43855	600
J-BY113593	150
J-ZS3852	425
J-FGC15174	950
J-FTH24463	275
J-Y135539	650
J-FT385043	500
J-Y176771	275
J-Y151149	50
J-FGC15168	950
J-Y161929	950
J-FTC77933	950
J-FT258574	700
J-Y228159	700
J-FTJ15531	550
J-FT407394	550
J-Y670924	350
J-Y10957	2200
J-FGC10579	1650
J-ZS10477	1150
J-ZS10467	600
J-ZS10473	500
J-FGC10562	1650
J-FT195589	800
J-FT195861	475
J-FT219697	325
J-FTC44892	125
J-L861	1300
J-FTD28535	1250
J-FTC47748	700
J-ZS6982	550
J-FT417701	200
J-FGC10572	1050
J-FTC8243	350
J-FGC10560	425
J-FGC10573	200
J-FTB79025	425
J-FT155639	1650
J-FT352159	800
J-Y304708	50
J-MF19113	850
J-Y207222	750
J-Y207223	375
J-FT159397	1650
J-ZS11307	1600
J-FTD21451	800
J-FTF21096	700
J-FTF28555	200
J-ZS11314	1100
J-Y576706	350
J-ZS11315	50
J-Y8961	2200
J-FGC19118	700
J-ALK570	650
J-ALK568	375
J-FT96167	500
J-Y186740	425
J-FGC19130	700
J-F2526	400
J-FGC48253	50
J-Y461849	400
J-FGC47356	325
J-FGC47363	250
J-Y180775	375
J-Y157577	250
J-Y157569	50
J-ZS3921	700
J-ZS3920	450
J-FTD78324	275
J-ZS3917	450
J-ZS3916	350
J-Y94764	225
J-Y330889	150
J-FT402771	400
J-FT82579	275
J-FTH36072	200
J-Y10731	1650
J-Y8957	1050
J-FGC4394	1050
J-FGC4381	700
J-ZS6998	425
J-FGC4389	325
J-Y506065	600
J-FGC65606	500
J-FT209216	350
J-ZS6578	250
J-FGC49318	500
J-FGC49316	500
J-FGC49315	500
J-FGC90366	500
J-ZS4090	425
J-FGC15209	425
J-FGC35774	125
J-FT390865	425
J-FGC15210	250
J-Y10733	900
J-BY155731	275
J-Y8976	800
J-FGC42773	800
J-FGC42776	0
J-FGC49178	0
J-FGC49181	0
J-FGC74978	0
J-FGC58432	800
J-FGC88835	0
J-FGC16633	650
J-FGC31627	650
J-FGC34242	650
J-A32928	0
J-FGC59058	0
J-FGC34583	650
J-FGC42690	275
J-FGC58525	650
J-FGC74894	0
J-FGC58527	0
J-FGC74893	0
J-FGC58943	650
J-FGC65596	650
J-Y530757	650
J-FGC31133	350
J-FGC31135	350
J-FTA95272	50
J-FGC49202	500
J-FGC59034	500
J-FGC49197	350
J-FGC49298	350
J-FGC49294	0
J-Y531343	0
J-FGC49200	200
J-FGC49191	200
J-FGC49194	0
J-CTS1340	0
J-FGC68062	225
J-FGC29847	125
J-FTE77637	50
J-FGC49346	250
J-FGC49347	250
J-Y195926	125
J-FGC16640	650
J-FGC45809	275
J-FGC16636	425
J-Y531374	425
J-FGC93008	350
J-Y531434	50
J-FGC16637	425
J-Y530621	325
J-FGC78646	200
J-FGC75005	200
J-FGC16634	325
J-Y193469	325
J-FGC29870	325
J-FGC42779	50
J-FGC40488	200
J-FGC42757	200
J-Y8981	800
J-ALK559	450
J-Y376397	550
J-Y376554	275
J-FGC43058	200
J-Y501549	750
J-FGC29849	500
J-FGC54355	50
J-FGC29851	275
J-FGC42658	350
J-FGC29873	500
J-ZS7339	500
J-FT174178	500
J-FGC54294	350
J-FGC59013	350
J-FTD56988	0
J-M12461	225
J-FGC29874	50
J-Y68335	500
J-FGC49253	500
J-FGC49308	300
J-BY143209	200
J-FGC54366	50
J-FGC44100	750
J-FGC44097	750
J-FGC44098	200
J-FGC44101	200
J-FGC88481	0
J-FGC54369	600
J-FGC54370	275
J-FGC54373	275
J-Y543855	200
J-Y501556	200
J-FTD28529	200
J-FTD69282	200
J-Y472106	200
J-Y423331	50
J-FGC91453	275
J-Y353068	275
J-BY165091	50
J-FTD96564	275
J-BY223024	275
J-Y664291	50
J-FTD71728	125
J-FTF81655	125
J-FTF84158	50
J-Y539867	125
J-FTF44521	50
J-Y10943	700
J-FGC83065	200
J-FGC91482	150
J-FT53919	375
J-FTD89576	350
J-FT51900	100
J-FGC19465	425
J-FGC19466	275
J-FGC19470	275
J-FGC75315	600
J-A26638	125
J-Y153166	125
J-FGC5477	550
J-Y321658	100
J-Y580730	350
J-FGC5475	150
J-FGC19511	350
J-FTG20247	350
J-Y485299	1800
J-FT167760	375
J-FT402737	125
J-FGC1713	1800
J-FT76002	300
J-Y175448	125
J-FT224455	50
J-A24947	300
J-Y20496	1450
J-FGC47225	1350
J-FGC47216	750
J-Y277296	1000
J-ALK452	1000
J-Y592126	500
J-Y20494	1200
J-FGC60167	850
J-FGC60165	350
J-FGC60163	200
J-ZS10664	1150
J-ZS10661	1150
J-FGC65888	1150
J-FTE36994	700
J-HU469	850
J-FTB52060	425
J-HU468	700
J-FGC50967	1550
J-FGC23877	1300
J-S18804	800
J-HU175	300
J-Y16181	800
J-FTA45803	500
J-FTE50634	550
J-BY162168	550
J-FTA87209	125
J-Y585752	350
J-FT273691	650
J-FT273777	125
J-ZS8175	700
J-ZS8172	700
J-FGC50976	700
J-Y196576	425
J-Y263661	425
J-Y197138	200
J-Y264351	50
J-Y8968	1700
J-Y132459	1500
J-FTC30051	850
J-Y132447	1450
J-FGC4273	1650
J-FGC7937	1650
J-FGC4262	950
J-Y177969	650
J-FGC4268	350
J-FT185521	1650
J-FT185779	850
J-FT187035	800
J-FT369194	850
J-ZS8525	1100
J-FGC33690	1000
J-FT13628	1100
J-BY134406	800
J-FT233775	200
J-FT450038	850
J-FTA82054	550
J-Y273451	50
J-BY114743	600
J-FTA29378	400
J-Y618222	1100
J-FTB22609	125
J-ZS8524	900
J-FT425039	550
J-Y60610	750
J-FTB8392	750
J-FTB9176	650
J-ZS8527	600
J-Y324834	450
J-FTD36085	50
J-Y620742	350
J-BY202724	1050
J-BY202355	650
J-FT293805	950
J-FT263742	600
J-FT264390	550
J-FT263970	200
J-FT395836	200
J-Y198219	850
J-FT287878	275
J-FT155431	600
J-FTC5621	550
J-FT55063	850
J-Y198218	550
J-FT54067	125
J-FT448280	850
J-FTB64113	550
J-FTB64713	175
J-FTB69688	125
J-FT230727	800
J-FTB87012	750
J-FTB87013	275
J-Y8964	1250
J-Y157198	375
J-FTB62756	1000
J-Y308153	475
J-Y8970	1100
J-FGC38706	500
J-FGC38710	425
J-ZS9609	350
J-BY52186	900
J-Y135471	850
J-Y135472	250
J-ZS6419	300
J-BY214992	300
J-FGC1729	750
J-Y586134	750
J-FTF43954	125
J-Y263382	500
J-FGC1694	650
J-FGC1706	125
J-FT28288	275
J-FT264373	275
J-Y318731	500
J-FTC2043	500
J-FTA28948	750
J-FTA27999	200
J-ZS10854	350
J-FTA58977	350
J-FT159780	350
J-FGC22238	1100
J-FGC94576	950
J-Y176474	600
J-FGC42829	950
J-FGC94578	125
J-Y75136	950
J-ZS10283	650
J-ZS10285	350
J-Y218609	900
J-FGC90788	275
J-ZS9251	800
J-FTC98700	425
J-Y218793	750
J-ZS12163	400
J-FT182281	450
J-Y156224	300
J-Y263721	275
J-Y508563	50
J-ZS4716	850
J-ZS4714	750
J-Y125946	800
J-Y166797	475
J-FTC96842	200
J-FGCLR1047	550
J-FGCLR1048	550
J-Y160081	400
J-Y317052	550
J-FGC40709	1800
J-A27442	425
J-FTC40230	950
J-ZS9697	600
J-FT293169	1800
J-Y126589	1100
J-FT453025	550
J-FTC19488	500
J-Y201291	125
J-ZS8393	650
J-ZS8383	500
J-ZS8390	200
J-FT379603	450
J-Y288059	200
J-Y485479	1800
J-Y19266	1650
J-FTE99194	500
J-Y19095	1400
J-Y158525	1000
J-ZS9585	1400
J-Y19094	1000
J-Y49840	250
J-Y60236	1150
J-FT271496	1050
J-FT247979	900
J-Y369708	125
J-Y61496	600
J-Y66455	425
J-FTC93685	500
J-FTC94326	500
J-FGC23914	1200
J-Y175429	1200
J-Y175430	850
J-FGC91040	275
J-FGC90947	650
J-A30162	200
J-Y182875	1050
J-Y235325	1000
J-Y235206	800
J-FTA8902	650
J-Y235618	500
J-FTA6607	500
J-FT156373	900
J-Y205771	700
J-Y205280	50
J-FTC88718	350
J-A25762	900
J-FT156645	425
J-Y16746	1150
J-FT379954	900
J-A27224	800
J-FT252173	550
J-Y362291	550
J-Y362283	275
J-A16980	1150
J-ZS11817	600
J-ZS11819	275
J-FT307362	600
J-Y167257	600
J-FT303221	425
J-FT132646	800
J-FT135012	600
J-ZS11672	750
J-FT201763	550
J-ZS11668	375
J-A19335	800
J-Y177129	800
J-A25727	800
J-Y218207	650
J-Y343997	200
J-FTA35962	800
J-FTB32600	125
J-FTB44782	800
J-FTB38050	200
J-FGC34530	950
J-FGC47835	850
J-FT365151	350
J-FGC34536	950
J-A13649	600
J-FT163885	200
J-FTG88514	250
J-FGC34531	950
J-ZS12066	600
J-FGC34528	950
J-FTC25710	250
J-FT63578	350
J-Y211574	950
J-FTD59269	850
J-FT274224	950
J-FT274530	125
J-YFS4790286	700
J-Y133728	400
J-FTA48706	125
J-Y133679	50
J-Y287546	550
J-Y286979	125
J-A30515	550
J-Y534726	375
J-MF150481	450
J-FTC66583	125
J-ZS11617	1150
J-BY190520	600
J-A28867	50
J-FT60671	1100
J-A21958	900
J-A21960	500
J-Y223996	850
J-Y224092	350
J-A21956	950
J-Y145687	500
J-FT61268	700
J-FT61641	200
J-FTC42121	500
J-Y510238	500
J-FTC42097	200
J-ZS11614	450
J-FT358839	275
J-Y586098	50
J-ZS11613	450
J-A13642	950
J-A13646	900
J-A13640	550
J-A14648	350
J-Y343982	400
J-FTC45189	125
J-A15545	500
J-A15546	50
J-FT307573	350
J-FT294245	650
J-FT293926	425
J-FTA20500	500
J-FTC32684	500
J-FTC85199	500
J-FTC23500	350
J-Y368439	350
J-A15552	750
J-A25217	500
J-Y178380	50
J-A15551	550
J-A15553	425
J-A15550	225
J-A17829	125
J-A25855	325
J-Y186738	300
J-ZS5801	1100
J-FGC67349	950
J-FT18766	850
J-FT229430	200
J-FT89032	650
J-FT89704	500
J-FGC67352	800
J-A27463	800
J-A13637	800
J-A17831	600
J-Y188016	600
J-FTE73361	200
J-FTF77831	50
J-A17830	375
J-FTH10774	200
J-FT275523	600
J-FTB66252	425
J-ALK90	275
J-ZS5811	750
J-ZS8560	500
J-ZS8557	500
J-M12027	350
J-ZS5806	550
J-FGC23922	475
J-A14638	125
J-Y127792	300
J-A12921	300
J-ZS8569	475
J-ZS8568	475
J-FTE19048	225
J-FTE18976	225
J-FTE12508	200
J-Y225665	475
J-ZS12141	475
J-ZS12140	475
J-ZS12143	350
J-Y347599	325
J-A14644	325
J-A14647	125
J-FGC42837	225
J-FGC42835	50
J-Y25792	375
J-FGC23913	275
J-ZS7704	250
J-Y9272	2200
J-Y518335	1900
J-Y466170	350
J-ZS6429	1650
J-Y478350	125
J-FGC28712	1100
J-Y610083	200
J-FGC28711	250
J-Y235219	50
J-FT344909	225
J-Y612669	225
J-FTA77484	225
J-FTA65115	75
J-FTG5524	125
J-Y619510	125
J-ZS10537	425
J-FT247899	225
J-FT389208	275
J-FTB33939	275
J-ZS6612	50
J-FT248814	200
J-FT247779	200
J-FTB46285	50
J-FGC61303	100
J-BY87680	100
J-Y10937	1900
J-Y89230	1600
J-Y8977	1700
J-Y10935	1400
J-ZS9534	1250
J-FTE4096	1100
J-FTE3541	550
J-FTE29128	425
J-ZS10253	425
J-ZS10252	200
J-FT63739	1250
J-ZS9530	1050
J-Y231616	500
J-Y491584	350
J-Y445846	600
J-FTD32179	600
J-FTD32007	300
J-Y10938	1250
J-Y235978	1250
J-FTC84547	1050
J-FTD8692	425
J-FT415012	550
J-FTA17409	175
J-FGC16650	1000
J-FGC18813	750
J-FGC18816	50
J-HU418	125
J-FGC83017	700
J-Y354176	600
J-ZS10847	700
J-Y639016	700
J-BY92984	425
J-BY73695	275
J-Y10941	1000
J-FTB19838	500
J-FTB20173	500
J-Y10942	1000
J-ALK132	300
J-Y334298	650
J-Y358452	500
J-FTD20668	650
J-Y369207	650
J-FGC18828	1000
J-FGC40848	800
J-FGC18835	1000
J-FGC18831	500
J-A27920	175
J-FGC34185	375
J-FGC16645	1000
J-FGC64689	200
J-FGC16649	550
J-FGC16666	350
J-FGC66631	275
J-Y179528	50
J-Z20775	1700
J-ZS9101	1600
J-FT51984	1050
J-Y196557	650
J-FGC74170	650
J-FT120805	200
J-ZS9099	1600
J-ZS9106	1600
J-FT208786	1100
J-MF56578	275
J-Y196155	1600
J-ZS12391	1300
J-Y173599	700
J-ZS12386	450
J-ZS9098	1500
J-ZS9105	750
J-ZS9104	750
J-S9517	1500
J-ZS9600	1250
J-FT58015	900
J-Z20776	1400
J-ZS10535	1300
J-Y264587	1100
J-FT369035	550
J-FTC98221	350
J-ZS10536	750
J-Z20774	1400
J-ZS9647	700
J-Y92350	300
J-Z20777	1350
J-Z20778	1050
J-ZS4633	450
J-ZS4630	275
J-ZS4646	1050
J-FTA15320	800
J-Y62722	475
J-ZS4640	450
J-FT78516	1050
J-Y245018	200
J-Y13316	650
J-FT287362	425
J-FT115481	425
J-FT78847	600
J-FT79926	275
J-FT79777	200
J-FGC68630	600
J-FTB13687	600
J-FTA52847	500
J-FTA53522	200
J-Y18408	1000
J-ZS4623	1000
J-ZS7623	400
J-FGC49278	275
J-ZS7622	200
J-FGC49209	1000
J-FGC49903	1000
J-ZS10344	225
J-ZS9947	1000
J-ZS9940	375
J-FT147143	150
J-FT393379	500
J-Y201575	125
J-ZS12673	1000
J-Y96356	650
J-ZS12676	200
J-FTA45480	125
J-ZS4618	800
J-ZS4625	600
J-ZS9361	425
J-FTA2838	425
J-ALK144	50
J-ZS4624	500
J-ZS4628	500
J-FTF26600	50
J-Y537533	50
J-Y9274	2200
J-FT195942	1300
J-FTD33802	950
J-Y539869	200
J-ZS4676	1100
J-ZS4678	600
J-ZS4674	350
J-FTC32102	50
J-ZS7230	1400
J-Y88060	500
J-ZS7229	800
J-ZS11937	125
J-A25508	1550
J-Y184368	700
J-FT55069	425
J-FT140054	1150
J-BY155259	750
J-FT414055	600
J-Y438912	50
J-FGC51966	1400
J-FGC51967	1050
J-Y178101	125
J-FGC51963	475
J-FT4360	450
J-Y168931	125
J-FGC51964	175
J-FT127879	1600
J-Y331264	50
J-ZS9485	1600
J-M6520	700
J-Y160555	700
J-FT127900	425
J-FTD51797	200
J-BY187098	325
J-Y9442	1450
J-Y8982	1050
J-Y182142	450
J-FT158207	275
J-Y8966	700
J-Y505930	600
J-FGC29982	425
J-ZS8479	50
J-FT131298	425
J-FGCLR545	500
J-BY188935	200
J-FGC29980	200
J-FGC29979	50
J-FGC16724	425
J-FGC16722	425
J-FGC16721	425
J-FGC12862	500
J-FGC12858	400
J-FT343264	200
J-FGC12860	150
J-FT105131	400
J-FTA59269	400
J-FT105024	400
J-FGC4245	550
J-FT106850	550
J-FGC4229	400
J-FGC4232	400
J-FTA10079	125
J-FTB30431	200
J-BY92646	175
J-Y556807	125
J-Y8969	475
J-FT17540	200
J-FGC10033	425
J-FGC68226	350
J-A25520	200
J-FGC74227	250
J-FGC30611	475
J-FGC30612	425
J-Y176056	375
J-FT29810	275
J-ZS1841	325
J-ZS1842	50
J-Y206690	125
J-A25554	425
J-FGC68232	200
J-Y176570	50
J-FT246546	125
J-Y37348	300
J-FGC87928	300
J-FGC64333	150
J-Y8960	2200
J-ZS1829	1100
J-Y8962	1450
J-ALK278	1250
J-HU521	1000
J-Y561868	350
J-HU98	900
J-Y182405	350
J-M7904	350
J-ALK488	1050
J-MF81814	950
J-HU555	425
J-HU556	200
J-Y84862	325
J-ALK304	300
J-Y8974	1000
J-FGC39174	1000
J-FGC75579	600
J-BY137908	125
J-FGC75589	600
J-FGC75584	200
J-Y36770	425
J-FGC39176	425
J-ZS7104	150
J-Y8980	850
J-Y205474	125
J-FGC37834	500
J-FGC37828	375
J-FT36452	600
J-ZS11540	850
J-ZS11545	850
J-ZS11539	850
J-Y169237	350
J-BY111230	550
J-FT265033	325
J-BY73377	50
J-FTB97465	125
J-FTA80476	350
J-FTA79614	50
J-FTA94374	275
J-Y607112	550
J-Y607111	550
J-Y154523	225
J-FTB68449	50
J-FTB51595	550
J-Y77477	450
J-FTB60552	125
J-FGC4336	800
J-FGC4347	750
J-FT288004	425
J-FTE36022	500
J-FTB59707	275
J-FGC37534	750
J-FGC37843	500
J-FGC37850	300
J-FGC19502	750
J-Y134485	350
J-FGC19507	500
J-FGC19504	500
J-FGC19499	200
J-Y67639	500
J-FGC58498	450
J-FGC58492	450
J-FT51394	350
J-Y98395	50
J-FGC68222	175
J-Y263550	650
J-Y143503	275
J-FTC13026	50
J-FTA22361	400
J-FTA22102	50
J-FTA74553	350
J-FTA24844	125
J-FTA23997	50
J-ZS3892	375
J-FTA28968	50
J-FGC13050	1400
J-Y104403	950
J-FGC13072	900
J-FGC13052	900
J-FTC37332	800
J-Y425234	500
J-FT420260	200
J-FT415134	800
J-FT415108	500
J-FT415162	200
J-FTB63311	500
J-FGC74959	600
J-FGC74958	400
J-FT418388	600
J-FTA28984	275
J-FTA29486	50
J-FT358566	600
J-Y232125	500
J-Y253166	350
J-FT351848	600
J-Y599020	350
J-FT352448	450
J-Y227467	200
J-FT461710	450
J-FTB68404	275
J-Y210919	200
J-FT241287	500
J-FT242786	425
J-Y163136	425
J-Y216783	200
J-TY417275	50
J-FT380568	425
J-Y218183	350
J-FT380751	150
J-FGC63751	950
J-FGC63752	600
J-FT18739	100
J-FTC64115	600
J-FTC48796	275
J-ZS1802	600
J-FT219089	425
J-FT307439	225
J-FT303467	50
J-FT421504	425
J-FT417503	125
J-FT419061	125
J-Y192173	425
J-FTJ98563	50
J-FT117525	600
J-Y232620	425
J-FT114164	600
J-FT114532	175
J-Y18804	375
J-FTA40788	200
J-Y514498	375
J-FT269567	200
J-Y503381	225
J-Y218454	225
J-Y523147	125
J-Y8975	1800
J-FTE36043	1050
J-Y653544	550
J-FGC11722	1650
J-FGC11719	700
J-FGC11721	200
J-Y132424	1050
J-FTF60464	350
J-Y132391	600
J-Y132389	350
J-HU331	1400
J-Y90133	950
J-Y86276	375
J-HU326	1400
J-BY199982	1400
J-Y231602	1100
J-Y537531	300
J-FTE12255	750
J-Y546828	600
J-FTE11583	275
J-FTE20825	350
J-ZS7241	1550
J-ZS5993	1250
J-FT2758	850
J-FT2933	200
J-Y201448	1100
J-FT230933	325
J-FT230882	300
J-Y258190	300
J-Y330653	1100
J-Y330699	600
J-A42173	800
J-FGC58373	1800
J-A33246	1350
J-Y304120	75
J-ZS11910	1800
J-FTA73246	1100
J-Y269588	650
J-Y269589	200
J-ZS11906	550
J-FGC58381	325
J-FGC58372	275
J-ZS11905	200
J-ZS11902	50
J-BY37632	1650
J-BY37627	900
J-BY37628	475
J-Y250319	1100
J-BY160571	1100
J-BY158752	1100
J-FTF60518	350
J-Y384138	1100
J-A33322	1100
J-BY160134	50
J-Y10966	1750
J-FT159835	850
J-ALK117	750
J-Y183546	200
J-FT200719	200
J-FGC10092	1750
J-Y10967	1750
J-Y199096	950
J-Y199512	950
J-Y8959	1750
J-FGC10089	250
J-FGC10098	50
J-FTH47134	175
J-Y643537	250
J-Y650417	175
J-FT437774	50
J-FTH73248	175
J-FTH56438	150
J-Y10965	1750
J-Y89244	1100
J-Y110146	1000
J-Y128085	1000
J-Y81543	300
J-Y132351	1000
J-FT294103	1000
J-FT216346	50
J-Y10964	1650
J-Y135135	1400
J-Y135124	800
J-Y669247	250
J-FGC19487	1550
J-BY164940	600
J-FGC19486	1550
J-Y225752	325
J-Y225757	125
J-FGC11743	1350
J-FGC11757	650
J-FTA47141	1000
J-A34491	425
J-FTA44500	650
J-ALK112	1100
J-Y209317	425
J-ZS10722	1000
J-ZS10723	200
J-KHU3873	650
J-FGC4309	1750
J-FGC4320	1200
J-FGC4324	1000
J-Y219241	700
J-FGC4303	1000
J-ZS1852	750
J-FGC4306	350
J-ZS1853	225
J-ZS1847	50
J-F17567	50
J-FT7672	1200
J-FT10518	1200
J-FT10152	850
J-FT8662	750
J-Y167256	425
J-FT22355	500
J-Y358201	425
J-FT19754	275
J-Y28959	850
J-ALK97	450
J-ALK99	425
J-Y540111	275
J-Y138165	150
J-ALK576	500
J-FT204974	425
J-Y140279	250
J-FT29707	250
J-Y36218	550
J-Y244161	200
J-ALK105	550
J-Y540005	550
J-FT204182	275
J-FGC39227	1750
J-Y189792	800
J-Y185313	350
J-FT190666	50
J-FGC39219	1500
J-FTA54477	50
J-FGC39225	500
J-ZS4281	50
J-BY258	1350
J-FGC23826	50
J-Y92662	1200
J-Y177164	1200
J-FT126454	1050
J-FT125897	600
J-Y179821	200
J-FT127359	50
J-FTD59373	650
J-Y506160	450
J-FTD59002	400
J-BY166426	900
J-Y216270	550
J-Y216274	425
J-BY166602	850
J-FT89490	450
J-BY168380	600
J-FT419782	550
J-FGC73263	1100
J-Y103979	1100
J-FT337275	700
J-Y209474	425
J-Y100102	900
J-FTC31143	425
J-FTC93905	200
J-Y82304	700
J-Y85410	125
J-ZS4753	1350
J-FTA93375	1200
J-ALK863	800
J-FT378853	1350
J-FTH2736	1000
J-FT379076	950
J-Y217678	550
J-V6732	1050
J-Y204218	200
J-Y275193	125
J-FT169592	950
J-FT169474	600
J-Y185046	150
J-Y162045	1350
J-Y162182	800
J-Y265082	1300
J-Y389549	1300
J-Y323245	1300
J-FTB5758	750
J-FTA66017	700
J-FTA87441	700
J-ZS8273	1350
J-ZS8277	1350
J-BY152331	1250
J-BY154453	1200
J-FGC71947	800
J-Y332413	50
J-FT165366	1350
J-Y169818	850
J-A31554	50
J-Y201633	1250
J-Y223459	550
J-FGC48131	1350
J-FT157297	1350
J-FT157054	650
J-Y333236	1050
J-FT44221	1100
J-Y214094	950
J-Y214191	350
J-FGC38802	1100
J-FGC38800	700
J-Y170491	1050
J-FT39198	1050
J-Y170228	1050
J-FTC15216	550
J-Y182886	850
J-FT43313	800
J-FT460078	650
J-Y672251	1100
J-Y201847	1100
J-Y238241	900
J-FGC51968	900
J-FT157323	600
J-FT357267	300
J-Y264061	275
J-FT156723	50
J-FT156341	50
J-ZS4756	950
J-FT10112	950
J-Y300781	800
J-Y540037	600
J-Y209329	200
J-FT66969	800
J-ZS4757	750
J-Y436457	750
J-FTC20523	650
J-ZS4754	450
J-Y5323	1800
J-Y213176	1800
J-Y216541	1250
J-FGC4290	1800
J-C150231	1800
J-FT198133	1200
J-ZS10807	1600
J-Y362410	1450
J-ZS11133	350
J-Y87680	225
J-FGC4285	1400
J-ALK365	400
J-ALK362	400
J-FGC4296	950
J-FGC10414	650
J-FGC4284	700
J-FGC4288	375
J-FT61468	250
J-Y5320	1600
J-BY124149	1250
J-BY64533	750
J-FGC49889	1300
J-FGC59150	800
J-ZS10637	425
J-Y20903	1500
J-Y369211	1200
J-Y505254	1200
J-FTE8804	950
J-FGC57150	1500
J-Y215583	1050
J-Y212456	850
J-FT362659	275
J-FGC57151	650
J-Y642264	400
J-Y20902	1400
J-ZS11519	950
J-ZS11515	500
J-Y222860	475
J-ZS11518	50
J-FGC44924	1200
J-Y211910	275
J-FGC44922	650
J-FGC44921	325
J-FGC44918	300
J-FGC44938	200
J-FGC43126	1150
J-Y249446	1050
J-Y249584	750
J-FGC43122	1000
J-FGC54418	700
J-FT196641	700
J-FGC54416	550
J-FGC52338	650
J-FGC52335	500
J-FT384364	425
J-FGC43127	650
J-BY197137	375
J-FTC8686	225
J-Y163877	225
J-Y531439	650
J-FGC43127a	600
J-FTH21426	350
J-Y277025	425
J-Y127884	475
J-FT244623	50
J-FT94587	50
J-ALK342	500
J-ALK346	450
J-FGC43128	325
J-Y159565	50
J-ZS5010	1550
J-Y166778	950
J-BY194659	1550
J-BY194136	900
J-Z31200	900
J-BY193672	125
J-Y215899	1300
J-Y215890	700
J-MF54120	200
J-Y466247	500
J-Y559438	1500
J-Y295698	250
J-ZS7725	1000
J-Y187853	500
J-BY88333	350
J-ZS7726	950
J-Y180495	275
J-FT143321	200
J-FT211487	950
J-FGC49891	950
J-FT211558	200
J-ZS5005	1550
J-Y331307	1300
J-ZS5000	1100
J-FTB63238	1100
J-Y619152	0
J-BY197436	1100
J-FTA48758	650
J-FTA79306	1100
J-FT209299	275
J-FT234940	950
J-BY235965	750
J-Y205867	600
J-FGC7393	1600
J-Y214232	1400
J-FT360402	125
J-Y75452	1600
J-FGC7380	1600
J-Y151311	600
J-Y146404	1250
J-Y146403	1150
J-ZS7299	1350
J-ZS11252	200
J-FT78046	1150
J-FTC13005	700
J-ZS7300	275
J-ZS1820	1550
J-FGC59105	375
J-Y167585	50
J-Y193193	50
J-FT66604	1300
J-Y261720	650
J-FT67191	325
J-Y198824	325
J-FT278023	125
J-FGC64425	1550
J-Y194956	850
J-Y195495	650
J-FGC64420	1550
J-A22916	1550
J-Y154865	1300
J-Y154840	1200
J-Y555288	400
J-Z16032	425
J-Y263437	1200
J-Y212148	550
J-FGC64422	1200
J-Y237051	1000
J-Y154841	50
J-A19266	50
J-FGC22745	950
J-FGC22742	900
J-Y209472	600
J-CTS9501	700
J-A27927	200
J-FT218610	125
J-Y221610	350
J-Y52108	200
J-A26447	250
J-A27862	125
J-FGC14708	650
J-FGC22744	650
J-ZS1821	50
J-FTC56353	200
J-A27939	400
J-Y262289	400
J-Y218141	50
J-FT365269	700
J-Y219575	250
J-FT365315	500
J-A26169	550
J-Y543857	375
J-Y230204	425
J-Y231004	425
J-Y230332	200
J-ZS10609	350
J-FGC46386	225
J-FT277466	350
J-FT423339	125
J-FT277530	250
J-FT276917	125
J-ZS9614	700
J-FGC41886	600
J-Y175132	275
J-BY84582	125
J-FGC41884	375
J-Y145546	50
J-Y154133	400
J-BY190761	400
J-BY190816	325
J-FT233759	275
J-HU1	375
J-BY201253	225
J-FT353379	275
J-HU2	275
J-Y217324	225
J-A30708	350
J-Y163144	375
J-BY198072	225
J-Y167986	250
J-Y8537	1400
J-TY496123	50
J-Y195100	1400
J-ZS7564	750
J-Y51417	600
J-FT279107	1100
J-Y198991	225
J-FT288429	1250
J-FT309871	1100
J-Y193771	1100
J-FT250182	650
J-Y200776	50
J-Y331520	50
J-Y343693	1000
J-Y337749	50
J-ALK392	1400
J-ALK391	950
J-ALK398	500
J-ZS8206	1150
J-ZS8210	500
J-ZS8204	50
J-HU368	900
J-Y96485	600
J-HU370	200
J-Y192805	50
J-Y368169	325
J-Y368170	325
J-FGC93013	1250
J-FGC93018	900
J-Y214088	1150
J-Y289172	850
J-Y329269	50
J-ZS10640	600
J-FGC60202	600
J-FGC60199	600
J-FGC60200	400
J-FGC60204	50
J-ZS8987	425
J-Y188217	100
J-Y556792	50
J-ZS8990	300
J-ZS8995	200
J-FT195248	600
J-Y667177	425
J-Y183358	600
J-ZS11274	600
J-ZS11277	600
J-FT197214	125
J-FT304298	50
J-HU334	1400
J-FGC42274	500
J-SK858	1150
J-FTD97495	200
J-ZS8321	1300
J-ZS8324	600
J-Y540076	1300
J-KHU8058	1300
J-Y126517	1100
J-Y193334	50
J-Y556716	1400
J-ZS8345	500
J-ZS8347	425
J-FT430517	50
J-Y192191	1400
J-FT228953	850
J-Y194630	50
J-FT235940	850
J-FT235886	500
J-BY127242	275
J-FT236071	50
J-Y550074	1100
J-FT354592	1100
J-BY144428	700
J-Y316829	350
J-Y316848	50
J-Y482242	350
J-A27207	1100
J-Y476624	425
J-A27198	1050
J-V3100	1400
J-FTD8699	200
J-FT205660	1300
J-KHU7344	600
J-KHU7339	425
J-Y352818	50
J-FT203609	1300
J-FT204966	1300
J-Y332876	50
J-A29788	1300
J-Y288396	50
J-A31943	1300
J-Y332014	50
J-ZS8939	1400
J-Y207411	225
J-Y196286	1400
J-ZS8943	700
J-FGC33711	200
J-FT105587	1400
J-Y196219	1200
J-Y101658	225
J-FT279159	1050
J-BY156691	425
J-FT304106	900
J-Y205321	650
J-Y263748	250
J-Y331518	50
J-Y168446	1350
J-FTD58373	750
J-FT24572	1300
J-FT404199	500
J-Y168377	650
J-FT20104	175
J-FT308416	1300
J-Y205262	100
J-Y345377	50
J-FT122154	1300
J-FTA27747	275
J-Y369484	1000
J-Y631948	150
J-Y632457	50
J-Y651792	150
J-FT126929	1200
J-Y204786	1200
J-FT4326	1200
J-Y204789	950
J-FT309600	550
J-Y11519	550
J-FT187302	200
J-Y10728	475
J-Y125868	350
J-FT158102	350
J-Y556567	350
J-ZS11319	200
J-ZS5529	375
J-HU230	200
J-Y97574	200
J-Y31140	50
J-FTC3039	300
J-Y515256	200
J-ZS11076	125
J-FTC2078	50
J-FGC5447	1400
J-ALK206	1250
J-FTB35317	500
J-FGC45682	1300
J-FT422159	50
J-FGC41250	1300
J-FGC41251	600
J-FGC41257	275
J-ZS12305	50
J-ZS5613	1300
J-ZS11883	1050
J-FT368386	800
J-ZS11882	750
J-Y22400	125
J-ALK183	400
J-Y155133	150
J-FGC5441	1000
J-FGC5449	900
J-ZS10481	800
J-ZS10480	125
J-FGC5443	650
J-FGC5458	500
J-FGC5452	200
J-ZS3881	475
J-ALK895	300
J-FTA23745	350
J-ALK381	125
J-BY152842	275
J-FGC92465	275
J-ALK892	300
J-ALK891	150
J-FTB91767	475
J-FT167972	125
J-FGC86314	475
J-ZS11107	250
J-Y556350	475
J-ZS3884	475
J-Y183684	350
J-FTB67962	350
J-ALK175	300
J-ALK338	200
J-FGC92546	450
J-Y8271	275
J-FGC4474	1400
J-Y146738	425
J-ZS6718	200
J-Y12363	1400
J-Y194587	425
J-ZS5626	1400
J-ZS5633	1100
J-FT151464	1000
J-BY112722	325
J-ZS5630	1100
J-BY38098	475
J-ZS5632	350
J-Y12852	1200
J-FTC74533	200
J-Y12364	800
J-FT62512	800
J-FTE47289	750
J-Y183877	700
J-FGC65879	350
J-FGC5462	650
J-BY37638	225
J-FGC5468	475
J-FGC5464	350
J-FGC5466	50
J-ZS9168	200
J-ZS9171	200
J-ZS9169	50
J-ZS8662	350
J-Y179129	350
J-ZS8666	300
J-Y15953	450
J-Y15952	450
J-FGC45521	450
J-ZS6398	150
J-ZS7664	200
J-Y141977	450
J-ZS5816	300
J-ZS8951	75
J-Y12904	250
J-ZS6589	275
J-Y22053	275
J-BY26491	275
J-FGC54328	125
J-FGC17804	650
J-Y14195	375
J-Y13963	375
J-Y15612	450
J-ZS10051	300
J-ZS10291	300
J-FT229754	50
J-FGC17803	350
J-BY83389	200
J-S25490	350
J-ZS3963	50
J-Y30093	1400
J-Y183855	1350
J-Y36225	1350
J-A25929	200
J-ZS7099	550
J-Y344001	750
J-FT225926	1350
J-Y366417	1350
J-A34186	550
J-ZS11370	1150
J-Y81378	150
J-FTC32024	950
J-FTC25977	275
J-ZS11376	850
J-ZS11373	550
J-Y36224	1300
J-BY122083	500
J-ZS8256	1300
J-FTA15089	1300
J-FTC11717	1250
J-FTC9625	1000
J-Y159482	1050
J-FGC96379	200
J-Y206795	450
J-Y159472	450
J-ZS8257	600
J-FT147443	425
J-ZS8261	500
J-FGC94262	500
J-ZS8259	150
J-ZS7538	1400
J-Y506243	200
J-Y530626	50
J-ZS7531	1050
J-FGC75026	950
J-Y209729	375
J-Y235793	700
J-A30056	600
J-FGC39940	700
J-Y235800	400
J-BY38119	900
J-FTD32661	50
J-FT373934	500
J-FT270390	375
J-Y197623	125
J-FT381834	350
J-FTB75680	125
J-Y218845	275
J-Y218846	200
J-Y135985	750
J-Y135997	750
J-Y219627	250
J-Y135995	175
J-FT391606	50
J-Y136020	50
J-Y353080	150
J-ZS7528	1000
J-A28801	200
J-FGC94236	50
J-FT384386	600
J-Y94282	550
J-A24589	125
J-A24928	450
J-A24925	350
J-FT266885	375
J-FGC59528	375
J-A24911	850
J-A24906	100
J-Y206691	650
J-Z22019	600
J-FGC85770	200
J-A23661	450
J-A23659	200
J-Y229760	425
J-FT383954	700
J-ALK599	650
J-FT138110	650
J-ALK867	700
J-FT167769	50
J-FGC85619	375
J-Y200060	275
J-FGC85616	300
J-ZS7539	500
J-BY177162	150
J-MF11333	300
J-FGC94246	325
J-FGC94241	50
J-Y140540	500
J-ZS7530	500
J-ALK191	450
J-Y215714	450
J-ALK198	1000
J-FGC87410	800
J-Y340574	50
J-FGC87411	750
J-A24921	275
J-FGC87412	650
J-Y18878	700
J-FGC94353	425
J-Y206575	375
J-FGC94312	700
J-FGC8837	700
J-Y175167	250
J-Y104108	150
J-FGC5427	1400
J-FTA48495	1000
J-Y257016	50
J-FGC6524	900
J-Y206555	50
J-FGC6526	650
J-HU506	125
J-FGC5422	1400
J-FGC14435	900
J-FGC23317	375
J-Y268607	300
J-FGC23316	300
J-Y393733	50
J-BY37871	550
J-FGC90384	475
J-KHU7170	275
J-BY130111	550
J-Y456721	200
J-Y460925	50
J-BY108087	550
J-KHU7228	225
J-FT141169	500
J-FT135622	275
J-FT396460	500
J-FGC14437	900
J-FT162742	50
J-Y22048	150
J-ZS11208	150
J-ZS10326	600
J-FGC14438	500
J-Y659295	50
J-Z18221	200
J-ZS10289	325
J-ZS11829	50
J-ZS6416	900
J-ZS6418	900
J-Y218285	425
J-FTC82419	325
J-FTC82338	125
J-ZS12569	475
J-Y159971	300
J-Y30158	475
J-FGC67290	550
J-KHU7429	425
J-FGC67295	400
J-FTA1746	200
J-FGC67291	275
J-FGC67297	50
J-FGC67294	50
J-ZS6413	650
J-ZS11899	300
J-ZS6415	450
J-ZS6729	225
J-ZS6414	225
J-FGC5419	1250
J-FTG26595	850
J-FTG25602	850
J-HU514	500
J-Y172090	200
J-Y179023	425
J-FGC5424	1150
J-FGC5436	700
J-FGC60667	600
J-FGC5418	700
J-A40884	350
J-FT101454	600
J-HU392	500
J-Y161803	300
J-Y141796	700
J-FGC67860	350
J-FGC67876	50
J-FT165912	125
J-Y507316	50
J-FT167375	700
J-FGC5420	700
J-FTC2283	700
J-Y516118	700
J-Y578008	500
J-BY217814	700
J-FGC68057	450
J-FTA86406	200
J-FT254501	250
J-Y644230	200
J-FGC33172	400
J-FGC47354	200
J-FGC48178	400
J-Y264075	600
J-A42354	200
J-FT150075	600
J-FTF72455	500
J-ZS5198	1000
J-ZS5205	900
J-Y36994	900
J-Y111426	500
J-Y313917	200
J-ZS8589	375
J-ZS8586	100
J-FGC60198	900
J-Y109736	125
J-FGC60193	900
J-FGC60195	800
J-ZS5200	225
J-ZS8924	800
J-Y26759	800
J-FGC57186	450
J-A18468	800
J-ZS8923	300
J-HU511	200
J-Y323093	275
J-FTB56468	50
J-FTA16992	50
J-HU728	50
J-FGC35727	1000
J-FGC36649	650
J-FGC36647	200
J-FGC22257	1000
J-FGC35896	800
J-FGC35895	800
J-ZS7403	500
J-FGC22259	850
J-FGC49172	275
J-FTH33760	400
J-Y163305	500
J-Y220103	800
J-ZS8536	800
J-ZS8539	700
J-ZS8533	200
J-Y160204	750
J-FT168465	700
J-FGC77583	500
J-Y218407	350
J-BY67806	500
J-FGC77584	125
J-FGC22248	50
J-BY33884	600
J-FGC60171	350
J-FT140250	200
J-FGC60172	200
J-ZS6395	350
J-FTD35773	275
J-FGC49353	300
J-ZS6393	50
J-FGC49351	200
J-HU735	200
J-FTA17643	50
J-ZS7716	550
J-FGC48250	550
J-FTA19780	200
J-Y167779	425
J-ZS7710	400
J-BY37617	850
J-ZS10339	600
J-ZS10338	450
J-BY61996	350
J-Y2931	50
J-HU512	600
J-Y230388	400
J-FT418203	400
J-FT418509	50
J-ZS8553	375
J-Y27923	175
J-Y223386	125
J-ZS8554	250
J-ZS8547	50
J-FTB92292	175
J-Y353019	1150
J-FGC78837	1150
J-ALK159	1150
J-ALK161	275
J-Y218982	1150
J-Y557576	1150
J-Y321021	425
J-FGC29811	1100
J-ALK149	500
J-FGC29813	800
J-Y98275	500
J-FGC29814	100
J-ZS10656	600
J-ZS10652	125
J-FTA98961	550
J-BY144777	425
J-FTB77515	500
J-BY67443	250
J-Y625861	200
J-FGC67918	1150
J-Y86464	275
J-FGC67924	950
J-FGC67920	500
J-ZS12050	1000
J-MF54549	125
J-ZS12044	650
J-ALK213	350
J-MF90652	50
J-Y22089	1150
J-Y216223	1050
J-FTA2334	500
J-ZS10689	425
J-ZS10687	325
J-ZS4276	1150
J-ZS4274	1150
J-ZS9628	750
J-ZS9625	750
J-ZS4275	1150
J-FGCLR792	850
J-FTD80018	275
J-FGCLR791	50
J-ZS12331	325
J-ZS12333	50
J-Y38011	300
J-ALK836	200
J-FGC29882	1150
J-ZS9235	650
J-FGC67889	550
J-ZS9240	200
J-Y37364	200
J-FGC6773	1150
J-FGC6775	1000
J-FGC6770	300
J-ZS3990	150
J-FGC6778	175
J-FGC76888	1150
J-FT293384	500
J-FGC76892	1150
J-Y84382	275
J-FGC64239	700
J-FGC64233	400
J-FGC64234	100
J-ZS12069	350
J-ZS12077	250
J-ZS12076	200
J-ZS12070	175
J-Y14193	1150
J-BY96693	650
J-BY66681	350
J-ZS8667	100
J-FTB17629	550
J-FTB60194	500
J-ZS10846	1050
J-ALK58	50
J-Z10007	1050
J-FGC81914	600
J-FGC81915	50
J-FGC42457	1150
J-Y500939	250
J-ZS11673	300
J-Y226263	600
J-ZS1809	600
J-ZS1813	50
J-FGC72755	1150
J-ZS10461	500
J-ZS10459	50
J-Y135129	175
J-Y135136	175
J-FGC74119	125
J-Y139115	50
J-ZS10273	425
J-BY175282	400
J-FT274573	125
J-FGC11161	275
J-ZS10708	225
J-BY79555	125
J-FGC42455	900
J-Y24490	100
J-Y16899	800
J-ZS9687	450
J-FGC86253	325
J-ZS9688	50
J-Y16898	175
J-FGC58370	175
J-FGC42458	50
J-ZS8202	125
J-ZS5620	1150
J-ALK424	650
J-ZS11413	50
J-ZS11548	50
J-ZS5618	375
J-ALK78	700
J-FT342512	600
J-F3150	1000
J-FT286112	275
J-ZS7048	50
J-M8083	325
J-FT369204	850
J-MF22488	850
J-ZS11422	650
J-ZS11423	300
J-FT4244.2	600
J-BY174083	200
J-ZS9638	1150
J-ALK85	650
J-ZS9639	600
J-FT253935	450
J-ZS9636	375
J-A24933	600
J-Y175955	50
J-A28086	400
J-Y353022	900
J-FGC29883	900
J-FGC86340	275
J-FT18246	350
J-Y135630	425
J-Y639522	350
J-Y142772	350
J-FT122396	700
J-FT120497	50
J-BY97534	325
J-FGC86395	175
J-FTF75795	125
J-FTG81315	125
J-Y562687	100
J-Y562686	50
J-ZS4745	900
J-Y245164	450
J-FTB89271	425
J-ZS4752	600
J-HU275	450
J-ALK81	275
J-Y300613	100
J-ZS4751	550
J-Y10429	250
J-BY49071	200
J-ZS9365	800
J-Y612711	275
J-ALK13	400
J-Y146333	125
J-ALK529	400
J-Y227443	400
J-Y166532	125
J-ZS9366	500
J-ZS9660	50
J-ZS9364	500
J-Y503323	500
J-ZS9368	50
J-Y529927	50
J-FGC56508	300
J-Y504732	125
J-FGC85762	300
J-ZS11281	175
J-ZS11282	150
J-FGC30701	900
J-Y185661	325
J-FT3085	275
J-Y185435	175
J-FTA96700	125
J-FGC30702	400
J-Y497233	275
J-FGC30698	200
J-Y506869	200
J-ALK379	250
J-ALK377	100
J-FGC66613	750
J-Y264350	750
J-FGC66610	200
J-ALK44	350
J-FGC83061	50
J-ZS11890	50
J-FGC86394	150
J-FGC86391	125
J-Y502436	900
J-ALK10	900
J-ALK8	600
J-FTH5673	50
J-Y328258	125
J-Y135294	400
J-CTS6036	400
J-ALK9	150
J-FGC29881	900
J-FGC86297	125
J-ZS8217	600
J-CTS311	600
J-FT445902	250
J-FGC75349	900
J-FTB51744	500
J-FTD72469	50
J-ALK4	700
J-ALK2	200
J-FT369322	550
J-FT368347	200
J-ZS1806	800
J-Y256568	425
J-FGC29885	550
J-MF25935	50
J-ZS1808	550
J-FTF83627	275
J-ZS1803	350
J-ZS1801	350
J-FT383333	275
J-ZS1805	100
J-Y502437	900
J-Y613622	700
J-ZS3994	550
J-Z6567	275
J-ZS11554	200
J-ZS11555	50
J-ZS10593	350
J-FT391803	200
J-ZS10592	300
J-ALK22	300
J-FT62898	300
J-ZS12245	125
J-ZS12743	500
J-BY153563	375
J-Y629274	425
J-FTG72782	275
J-FGC59037	350
J-FTC37212	200
J-FGC67332	500
J-FGC86284	200
J-FGC74269	275
J-Y135308	200
J-FTF50328	200
J-FTF45635	200
J-Y621726	125
J-FTT110	500
J-Y576669	200
J-FTB14324	50
J-CTS4519	500
J-FT366271	300
J-FTG63505	275
J-FT257049	250
J-Y257411	200
J-FT255555	125
J-FT409452	50
J-FTT111	50
J-FGC79361	300
J-FT418091	125
J-FGC86261	50
J-Y626721	50
J-Y137253	50
J2	27600
J-M102	15500
J-Y143912	9000
J-Z533	15500
J-Z534	15500
J-M205	6900
J-Y3165	5300
J-Y64012	2700
J-Y191327	2600
J-Y525143	1400
J-Y191319	2200
J-Y191322	800
J-Y68393	2200
J-Y332027	1000
J-Y64544	1250
J-BY63672	50
J-Y64235	375
J-PF7321	5300
J-MF5098	1650
J-FT44865	5200
J-Y545612	1750
J-Y569893	3100
J-FT44972	2200
J-Y171894	950
J-Y536430	350
J-FT73408	2800
J-FTB6060	850
J-FTB6121	800
J-FTB6119	350
J-FTC74859	275
J-FTC49425	800
J-FTC49175	600
J-Y134194	4100
J-Y294036	3100
J-Y294064	3100
J-Y294051	125
J-Y548700	2000
J-FT58039	2900
J-Y134196	2700
J-Y29954	2100
J-Y179055	50
J-Y450405	850
J-Y134209	2400
J-FTC30765	1850
J-Y134179	1400
J-Y134183	1050
J-Y134186	750
J-Y47134	5000
J-Y179116	650
J-Y45447	5000
J-Y177451	3400
J-Y181779	1150
J-FT130430	200
J-Y174654	1250
J-FTC29094	1100
J-FTC65169	950
J-FT72157	950
J-FT71857	225
J-FT72259	50
J-Y128176	700
J-Y172422	650
J-FTD61250	700
J-FTC46167	700
J-FT42741	425
J-Y130074	200
J-Y164428	50
J-Y45546	4500
J-Y325107	1200
J-Y45076	3000
J-Y46577	2400
J-Y68388	250
J-Y46973	1800
J-Y185568	1000
J-FT154232	275
J-FT153063	200
J-Y47091	1550
J-Y155763	650
J-BY193126	125
J-Y45477	1500
J-Y56954	1400
J-Y57859	800
J-Y51570	800
J-Y59930	800
J-Y554092	800
J-Y130524	3000
J-Y130506	3000
J-FTB39670	275
J-Y130507	2600
J-Y151278	850
J-Y151312	450
J-Y151298	225
J-Y157963	50
J-Y130510	2000
J-FTB63897	2000
J-FTD29701	1650
J-Y308159	225
J-Y130514	1350
J-BY146091	1150
J-FTB17532	350
J-Y130518	1150
J-FGC51454	1200
J-FT357080	1100
J-FTB36930	650
J-FTB38609	650
J-Y131354	2300
J-FT46623	2300
J-FT46678	1850
J-FT263689	1300
J-Y181189	1300
J-FT46062	200
J-Y175491	2100
J-MF65225	2100
J-Y207685	350
J-Y175602	1300
J-FTC36928	1300
J-Y196274	425
J-Y175447	600
J-FT78746	125
J-Y131353	1300
J-Y144311	1150
J-FT245456	275
J-Y237463	550
J-Y131355	550
J-Y151716	550
J-Y267150	375
J-BY14667	550
J-Y131357	350
J-CTS1969	5100
J-BY40909	4400
J-Y145025	600
J-Y22521	3000
J-Y22037	2600
J-Y22528	2400
J-Y168388	1150
J-FT15789	1100
J-FT24047	350
J-CTS5338	2400
J-FTB81029	2100
J-Y543169	500
J-Y543181	200
J-Y160783	950
J-FTC42049	500
J-Y160838	750
J-Y22523	1750
J-Y60973	1000
J-BY105523	200
J-YP108	5100
J-PH234	5100
J-Y213142	3600
J-Y213089	3600
J-BY81244	3600
J-FTC68237	2500
J-YP51	5100
J-YP13	5000
J-C105597	4600
J-YP171	2700
J-PF7300	2700
J-YP22	0
J-YP7	0
J-FTD96059	2200
J-FTD95579	650
J-Y101509	5000
J-Y85301	5000
J-FGC55631	5000
J-BY54951	3300
J-Y357945	2500
J-FT279099	1500
J-Y22075	5100
J-Y328379	3900
J-A32183	3500
J-Y329519	550
J-Y628555	350
J-FT58361	5100
J-BY40889	4400
J-FT57645	5100
J-Y574583	4400
J-Y574827	3100
J-FT58383	5100
J-Y499832	4600
J-Y615535	2100
J-FT59973	3100
J-FT59900	1800
J-FT57148	4800
J-FT57446	4600
J-FTB55970	2600
J-Y330771	2500
J-Y328425	1650
J-Y328312	600
J-Y331187	1300
J-Y366652	750
J-Y366662	350
J-Y189961	4000
J-Y471710	1500
J-FT57341	2400
J-FT148214	2000
J-Y190742	425
J-FGC22866	2000
J-Y640735	200
J-Y185396	900
J-FT235935	500
J-BY72939	350
J-FT57333	475
J-FT375878	300
J-FT4244.1	5000
J-A11525	4700
J-Y213063	3500
J-Y213024	1750
J-Y213190	3600
J-Y215748	3400
J-Y213011	2700
J-Y213053	2400
J-Y205292	3500
J-Y354048	1400
J-Y354053	800
J-Y425007	1400
J-FTC5139	125
J-Y22059	1050
J-Y146264	650
J-Y146261	650
J-Y523332	50
J-Y155375	700
J-BY173966	500
J-Y218405	700
J-Y218111	350
J-Y22063	1050
J-Y22069	1050
J-FTE99567	700
J-Y153290	700
J-Y430906	1050
J-Y125824	5000
J-Y263419	5000
J-Y345553	1750
J-FT256515	4500
J-MF32707	4500
J-Y548653	1950
J-Y548818	500
J-FTA1458	5000
J-PH3103	5000
J-FTB6074	4900
J-Y89611	950
J-Y128487	3400
J-Y265225	3100
J-FTE19895	2500
J-FTA48931	2400
J-FT27806	3400
J-Y79821	1150
J-Y546204	2000
J-Y548726	1150
J-Y548787	275
J-Y129002	3200
J-FTC9480	2700
J-Y128106	1650
J-Y128206	125
J-FT4757	700
J-FT5692	275
J-FT4772	50
J-FT51789	1450
J-FT153737	1150
J-FT154326	750
J-FTC47241	550
J-Z1825	13800
J-Z2453	12900
J-Z42941	11500
J-BY130638	1500
J-Y163579	750
J-Z42957	10600
J-Y177940	2900
J-Y621843	1550
J-Y622019	1400
J-Y621872	800
J-Y631943	800
J-C10641	275
J-Y622171	650
J-Y621847	350
J-Y622332	350
J-Z42959	8800
J-FTB47758	7600
J-Z42942	7300
J-Y169588	2500
J-Z42946	5300
J-Y61187	550
J-Y65779	225
J-Z42983	1650
J-Y272020	1000
J-BY22607	1350
J-Y102756	1350
J-FTB72786	550
J-Y106220	1350
J-BY201674	850
J-SK746	1650
J-Y309062	950
J-FTC81260	950
J-FTC15419	350
J-BY55410	900
J-BY54662	325
J-FTC77815	275
J-Y219975	900
J-FT101167	300
J-Y18039	12900
J-Y31143	11800
J-Y45371	2600
J-Y52339	2000
J-BY45748	600
J-Y88311	9900
J-Y330017	2300
J-Y264389	2300
J-Y329563	350
J-BY22519	9000
J-FGC43378	6100
J-Y272178	1200
J-FTC17907	1000
J-A28949	200
J-BY22522	9000
J-Y150492	2500
J-BY178039	125
J-FT68397	2400
J-Y187880	350
J-BY22581	2100
J-Y188065	950
J-BY22573	2100
J-Y215549	50
J-BY22535	800
J-Y223811	425
J-Y90828	600
J-Y90828A	350
J-A25416	50
J-BY22538	225
J-FT289301	125
J-FT32294	50
J-Y129477	125
J-Y128812	175
J-Y129626	150
J-Z593	12700
J-Y167175	5700
J-Y167232	4400
J-A25229	4700
J-A25231	4000
J-Y178958	3000
J-FT190871	3300
J-Y310062	2700
J-M241	9700
J-Z2432	8300
J-Y28235	7100
J-Y269709	7100
J-Y269792	5400
J-Y28253	6400
J-Y28237	6400
J-Y28240	5900
J-Y28239	3600
J-BY72016	2700
J-Y107470	1250
J-Y228601	700
J-Y28241	3200
J-Y93450	3200
J-Y84521	3200
J-FT10791	2400
J-FT8325	125
J-Y312811	650
J-Z2433	7700
J-Z8280	7700
J-FT282078	7700
J-Y258293	4200
J-Y258643	3200
J-Y258244	1800
J-Y338509	1650
J-Y137989	5000
J-Y620835	4900
J-Y137988	900
J-FT383371	700
J-Z2449	7300
J-Y75099	5500
J-Y978	6400
J-FGC31645	6300
J-Y405853	2400
J-BY205928	200
J-Y958	6200
J-Z8326	6200
J-Y82214	4100
J-Z8316	6000
J-Y33893	750
J-Z8336	5300
J-Y960	3000
J-FT14805	3100
J-Y62635	3100
J-Y268914	50
J-FT19403	3100
J-FT14578	1050
J-Y286411	225
J-FT192674	1050
J-FT193038	125
J-Z2437	7200
J-Z8350	7100
J-Y406075	6900
J-Y950	7100
J-Z8344	7100
J-Y947	4600
J-Y2150	4300
J-Y955	4300
J-FT125450	6200
J-Y253873	5600
J-Y180494	3600
J-MF51332	600
J-Z2443	7100
J-FT388937	4400
J-Y954	7100
J-Y147069	4900
J-Z2448	7100
J-Y951	3500
J-Y504814	3500
J-Z8372	2500
J-FT19136	2000
J-ZS292	7100
J-Y30751	7100
J-Y254398	3100
J-Y255789	800
J-ZS267	2900
J-Y28281	2900
J-FT290318	1900
J-Y28289	1450
J-ZS269	1450
J-FT72149	1450
J-Y131960	850
J-Y131967	500
J-L283	6000
J-A28999	900
J-Y187909	500
J-Z622	5500
J-YP91	4300
J-C110053	4300
J-YP153	4100
J-FT184881	3100
J-Y361899	1250
J-YP61	3400
J-BY56062	2100
J-S8436	750
J-YP29	3400
J-Y152898	350
J-Y152901	200
J-YP181	2600
J-FT196148	2500
J-Y268894	375
J-Z600	5500
J-Y260401	3900
J-Y260406	2700
J-Y260399	500
J-Z2509	5500
J-YP157	5500
J-YP71	0
J-Z585	5200
J-BY100002	700
J-FT289318	1450
J-YP113	5200
J-M5903	0
J-YP50	0
J-YP49	0
J-Z615	5000
J-Y173153	425
J-Z597	4400
J-Y146400	3700
J-FT366875	2200
J-FGC64043	3100
J-FT29034	1800
J-Y306238	200
J-Y146401	2900
J-FGC64029	2100
J-Y95770	2100
J-FTC73258	1500
J-Y107404	2100
J-Z2507	4400
J-Y15058	3700
J-Z40052	3700
J-Z40054	3700
J-BY81991	1800
J-Y191360	650
J-Y231959	1200
J-Z4133	3300
J-Y75277	2500
J-FT268792	1800
J-FT144170	3300
J-Y183329	3000
J-Y342733	1550
J-BY75735	2900
J-BY64155	2100
J-BY97491	1350
J-Y210000	950
J-BY156784	500
J-Y189978	2000
J-Y191338	125
J-Z38240	3700
J-BY161113	3700
J-FT273311	3700
J-BY162321	3700
J-FT273946	2900
J-FT273354	2900
J-FTA13991	2800
J-Y303177	1150
J-FT273604	2300
J-Y306227	1300
J-CTS6190	3400
J-Y272343	600
J-Y272783	550
J-Y272553	350
J-Z34474	3400
J-Y303948	350
J-Y36166	300
J-CTS473	2900
J-Y45181	2000
J-Y22038	2100
J-FT336552	2000
J-Y22881	1900
J-Y34371	3400
J-Y195072	2100
J-Y33795	2000
J-Y33799	1700
J-Y37840	750
J-Y29894	750
J-Y37838	1300
J-Y160658	1300
J-FT65166	275
J-Y37837	650
J-Y37843	500
J-Z38241	3300
J-FT103684	3300
J-FTA60432	2400
J-Y268072	750
J-Y263344	3300
J-FT108123	1850
J-Y266044	150
J-Y263543	3300
J-BY103017	3000
J-Y352750	2500
J-Y315706	1350
J-PH1602	3000
J-Y82813	700
J-Y130843	225
J-Y91418	2500
J-Y273522	200
J-PH502	2500
J-FT195999	950
J-Y471226	500
J-Y186919	350
J-Y40852	1750
J-A30137	900
J-Y40288	1400
J-Y141711	1400
J-Y86930	2900
J-Y428465	2900
J-Y607321	1650
J-FT359478	800
J-FT150993	1000
J-FT150557	950
J-FT151366	250
J-FT116373	2600
J-FT115799	2500
J-FT117726	2000
J-Z638	4300
J-FT28779	2200
J-Y21045	3500
J-YP9	3500
J-Y305471	950
J-PH4679	3300
J-Y197646	900
J-Y197713	700
J-Y197690	200
J-Y327378	50
J-Y465401	550
J-Z38300	3300
J-Y161916	3200
J-Y161937	3200
J-FTD62718	1450
J-Y20899	2100
J-Y109700	1550
J-FGCLR1273	1400
J-Y252713	50
J-Y95198	1200
J-Y85522	650
J-PH1751	1200
J-Z38299	1200
J-Y631245	800
J-BY78732	750
J-Y290702	1200
J-FT163348	425
J-A26482	750
J-Y190804	50
J-Y67581	800
J-Y127242	700
J-Y229620	650
J-Y232070	125
J-Y61909	650
J-Y68268	450
J-FT134628	1100
J-Y192243	1100
J-Y194643	1000
J-Y195280	1100
J-Y195039	700
J-Y236853	1000
J-Y237176	950
J-Y209925	1000
J-FT1320	900
J-Y229599	350
J-Y517498	750
J-Y517773	125
J-Y46913	850
J-Y47962	700
J-Y271054	700
J-Y368197	650
J-Y414928	175
J-Y489079	125
J-Y126399	850
J-Y252971	750
J-Y512206	400
J-Y229494	550
J-Y229591	475
J-Y162882	425
J-FTB69195	425
J-FTG80180	125
J-Z1297	4300
J-Y27522	3900
J-Y23097	3900
J-Y23094	3100
J-Y140238	2300
J-FT204243	2400
J-Y189681	1850
J-Y189359	800
J-YP26	2100
J-YP136	1150
J-Y36206	3100
J-BY37840	3100
J-Y324481	1050
J-Y36194	3100
J-Y36192	0
J-Y151929	75
J-FTB37569	2600
J-L174.1	2600
J-FTB51071	3100
J-FTB6665	350
J-Y182183	3000
J-Y138072	1400
J-BY205727	1900
J-BY205885	650
J-BY206565	375
J-FTA39703	50
J-Y213346	2400
J-Y322285	2300
J-Y322291	50
J-Y36202	3000
J-Y80036	1300
J-FT144865	1300
J-Y304267	1050
J-Y226157	1200
J-Y62231	950
J-Y182854	550
J-Y86181	2900
J-Y82533	1750
J-FT133538	750
J-FT143591	475
J-Y106260	1750
J-Y257550	1000
J-Y368761	600
J-Y82978	1600
J-Y82348	1050
J-Y82611	700
J-CTS8786	550
J-Y182188	500
J-FT157333	350
J-Z1295	4100
J-Y21878	3700
J-FT29003	3700
J-Y197193	3100
J-Y299951	800
J-Y197195	700
J-Y197198	550
J-Y32373	2400
J-FT35113	1900
J-FT33245	1900
J-FT35302	1900
J-CTS6643	3600
J-CTS11100	3400
J-Y83688	1450
J-Y91308	800
J-FT118973	500
J-Y37121	3400
J-Y85328	1050
J-Y82184	700
J-CTS516	2900
J-CTS8364	2700
J-BY23734	2400
J-BY37861	2400
J-Y208497	2000
J-Y166564	1600
J-FT125046	1400
J-FT124757	1050
J-Y264738	550
J-FT274437	250
J-FT124983	550
J-Z8421	3900
J-Y164690	1550
J-Z631	2900
J-Y220774	200
J-Y423942	1600
J-FT101890	2900
J-FT99882	800
J-Y136384	2900
J-Y87605	2100
J-FGC29478	1850
J-Y303946	350
J-Y83825	2000
J-BY87912	2000
J-Y85755	1300
J-Y107173	1050
J-Y368784	50
J-Y584700	2900
J-Y155546	2900
J-Y157623	2400
J-Y144394	2100
J-Y158857	425
J-Y318348	700
J-Z1043	2900
J-BY71167	1100
J-Y183338	1950
J-Y185403	400
J-Y298655	275
J-BY215568	2600
J-Y674655	225
J-BY38004	2800
J-BY92405	2800
J-Y414594	700
J-BY194349	425
J-FT178678	200
J-Y22894	1050
J-Y462463	1050
J-BY225800	1050
J-Y364064	1050
J-Y364166	850
J-FT48267	650
J-FTG25088	350
J-FT33373	2600
J-FT198500	1950
J-FTC48932	2400
J-FGC62445	2200
J-BY87718	125
J-FGC55778	2900
J-M1919	50
J-BY177422	2200
J-Y234399	1350
J-BY68757	2700
J-BY130238	2300
J-BY63671	1550
J-FT212328	2800
J-Y146109	2800
J-Y98609	2700
J-Y84349	1350
J-Y172851	550
J-FT117099	2700
J-FTA62354	2500
J-Y267724	1400
J-Y316627	700
J-Y145902	200
J-FGC55768	2900
J-FT375027	2800
J-Y210890	950
J-PH1553	1550
J-FGC55757	1400
J-FGC55755	1200
J-FTA6519	650
J-PH1191	1100
J-FT123577	1400
J-FT138173	700
J-Y43864	700
J-Z8427	2900
J-Y365886	800
J-Y26712	2800
J-Y154639	1300
J-Y157201	1300
J-Y32998	275
J-Y30674	2800
J-Y342178	1900
J-Y29721	2800
J-BY78618	2800
J-Y29718	1500
J-FTF21571	200
J-Y294681	1350
J-Y294957	550
J-Y29719	1400
J-Y30085	1400
J-Y29720	700
J-Y82851	150
J-CTS10587	2900
J-Y79366	200
J-Z8424	2900
J-Y36972	2900
J-Y94238	2900
J-Y92100	2000
J-Z8426	2900
J-PH1080	2900
J-FGC58591	2900
J-FTC70272	2100
J-FGC58576	2900
J-FGC58561	1700
J-Y168581	950
J-A24090	950
J-FT395079	275
J-FT186603	275
J-Z8429	2600
J-Y129853	400
J-FT131786	2300
J-Z39653	1100
J-FT129527	500
J-Y530027	500
J-Y99200	750
J-CTS3390	350
J-CTS11760	2600
J-FTF24696	500
J-FT254752	2100
J-Y48438	2600
J-Y53027	2600
J-BY41400	1400
J-FT4047	2600
J-Y166758	2600
J-FT4909	1700
J-Y81358	1450
J-Y106625	1450
J-Y83034	500
J-Y273692	500
J-Y106868	50
J-A25649	2600
J-Y191359	900
J-Y207296	650
J-Y449926	850
J-Y12007	2400
J-FT83787	1150
J-Y155803	2400
J-Y216652	800
J-FGC53823	2400
J-Y173322	1250
J-FGC53803	2400
J-Y16536	325
J-Y125084	100
J-Y12000	1300
J-FT63445	1300
J-Y244906	800
J-Y640462	350
J-Y33541	1250
J-Y33540	950
J-Y36242	800
J-Y12936	1050
J-Y315826	1050
J-Y12400	800
J-FT433630	800
J-FT197991	800
J-Y21525	750
J-Y136265	500
J-Y136216	475
J-Y164293	275
J-Y273457	125
J-Y21460	650
J-Y89650	650
J-Y23720	425
J-M410	19000
J-PF5008	17900
J-Y182822	16800
J-FT184963	9400
J-FT189149	8700
J-Y228279	7700
J-Y228270	800
J-MF10501	9500
J-Y322279	9500
J-Y439143	1950
J-Y352462	1950
J-Y322278	9000
J-Y510479	800
J-Y322280	7700
J-Y540273	3100
J-FT151052	1600
J-L581	15500
J-Z39726	13400
J-Y72844	13400
J-BY132722	13400
J-BY102168	5400
J-FTJ25430	5400
J-Y316611	350
J-Y3143	10700
J-Z28329	5300
J-Y536369	5100
J-Y213732	4300
J-Z39727	3600
J-Y536632	3100
J-FT151551	2300
J-Z37823	15500
J-Y31564	14400
J-Y447055	14400
J-Y31569	13000
J-Y50006	7900
J-FTC6033	4300
J-Y182977	4000
J-Y182194	1600
J-Y552758	50
J-Y33851	11300
J-Y265989	5900
J-Y313336	2400
J-Y265986	800
J-Y267534	500
J-Y33857	8500
J-Y83785	7600
J-Y81226	550
J-Y169816	550
J-PF5000	10200
J-Y29677	8500
J-Y213279	6700
J-Y213411	5300
J-Y29673	5000
J-Y29678	2700
J-FT93944	2500
J-Y265226	2500
J-Y352414	2700
J-Y30611	2000
J-Y77772	2000
J-PF5033	8700
J-BY104110	7600
J-PF4993	8700
J-Y397526	8700
J-FTE1098	5900
J-Y24510	6300
J-BY68389	5500
J-BY112849	5500
J-FTA39465	3700
J-BY53331	3000
J-Y441894	475
J-PF5016	7700
J-Y38071	6100
J-Y550293	500
J-Y84232	5600
J-Y83029	800
J-Y88713	800
J-ZS8496B	500
J-BY180108	350
J-FT388154	800
J-FTF37409	800
J-Z28426	5900
J-PF5048	5200
J-FTA1448	5200
J-Y323905	2100
J-PF4995	5200
J-PF5020	3700
J-Y248309	7700
J-Y279801	3600
J-Y279797	375
J-Y592111	650
J-FTF58713	500
J-P279	6300
J-FT91661	5800
J-Y36579	5000
J-M340	1500
J-Y42160	1500
J-FTF22923	1500
J-Y580751	350
J-Y36973	4400
J-Y82406	700
J-FT422059	4400
J-BY75317	3600
J-Y219034	850
J-FT282265	650
J-BY40968	5800
J-FT397284	3200
J-FT65301	2600
J-Y81216	2600
J-Y25795	5800
J-Y37125	4600
J-FT248623	3600
J-FTA44	3300
J-Y37124	3300
J-Y86210	2200
J-Y25793	5800
J-FT203244	5300
J-Y199068	850
J-Y257668	4600
J-Y230220	200
J-Y60667	3300
J-Y61084	3100
J-FTC87609	3100
J-Y164552	7500
J-FTB2787	5600
J-FTA61300	4900
J-FTC24168	3900
J-PH1795	2000
J-Y154124	300
J-Y227283	950
J-Y338417	50
J-Y164969	1950
J-Y152335	1550
J-Y184618	1300
J-Y152278	1550
J-Y213033	1300
J-Y152295	600
J-Y152383	300
J-FT147742	1450
J-BY114993	1950
J-Y255529	950
J-Y658436	275
J-BY57159	350
J-PH2466	1550
J-Y164812	1500
J-Y209312	1300
J-Y164426	1500
J-Y164253	1500
J-Y164349	550
J-FT137598	425
J-Y164257	250
J-PF4610	17800
J-Z6046	14900
J-Z6050	12900
J-FGC61612	11700
J-C100047	11700
J-Y31775	4200
J-Y33874	2600
J-Y31772	250
J-CTS6002	250
J-S15572	12900
J-FGC29382	4000
J-S23560	12400
J-S9519	2200
J-Y38075	2200
J-Z28500	2200
J-Y390583	1750
J-Y109455	1400
J-Y280086	1350
J-Z43525	12400
J-Y86887	9800
J-M4232	1500
J-PF1292	12400
J-Y36257	3200
J-Y198757	425
J-BY37989	3200
J-Z43501	1250
J-Y62114	400
J-Y37127	850
J-BY73001	650
J-Y166616	475
J-Y298613	50
J-Y166607	75
J-FT269738	75
J-Y37133	375
J-Y255556	225
J-S24712	225
J-Y100648	375
J-Y157613	225
J-Y12603	13400
J-Y12379	11000
J-Y12378	9300
J-Y27964	9100
J-Y81690	5300
J-FT158465	4200
J-FTB37943	4200
J-FT158803	3300
J-FT159596	125
J-Y325912	650
J-Y81271	2200
J-Y101165	2200
J-FTB42207	2200
J-Y26651	5200
J-Y174403	4400
J-Y194553	2500
J-FT72594	4400
J-SK1320	1800
J-FTA57363	1250
J-FTA58314	1100
J-Y26654	3400
J-Y26650	3300
J-Y648819	700
J-FT161041	3200
J-Y641502	2300
J-Y523131	3100
J-Z35859	2200
J-FT279166	1150
J-Y25815	2200
J-Y53026	2200
J-FT367012	1300
J-Y473113	1500
J-Y616818	1500
J-Y156116	2500
J-Y223540	2500
J-Y223519	650
J-FT404578	650
J-Y465690	850
J-BY175871	2200
J-FTG48655	1600
J-Y650134	1100
J-Y156120	1500
J-Y156154	125
J-Y523125	1500
J-FT158337	300
J-Y182992	175
J-YFC1415476	125
J-Y12599	7600
J-Y143477	2800
J-Y12618	7600
J-BY84499	6500
J-Y47679	3200
J-Y44805	1800
J-FTB45311	1650
J-Y531865	200
J-Y16464	5100
J-Y25817	2400
J-Y25820	2400
J-CTS4371	4700
J-Y45283	2900
J-FTC21780	2400
J-Y571551	1000
J-Y48189	2700
J-Y59287	2700
J-Y50327	2400
J-Y198876	1700
J-Y467820	1100
J-FTC271	125
J-Y45767	1650
J-Y56715	850
J-Y57559	700
J-FT193886	350
J-Y56633	1800
J-Y49801	1350
J-Y44837	800
J-Y57414	800
J-FT27388	650
J-Y138673	450
J-Y327334	550
J-Y47893	550
J-Y51218	125
J-FT158459	200
J-L26	15900
J-M339	15900
J-Z6064	15900
J-Z39762	12000
J-Y32697	7900
J-Y32707	7300
J-Y48589	5900
J-Y263090	5900
J-BY49408	2700
J-FT1773	300
J-Z6055	11500
J-Y21500	4100
J-Y60427	4100
J-Y79228	3100
J-Y62712	850
J-Z6057	11500
J-Y81479	1550
J-Y89396	1100
J-Y352273	600
J-FTD84040	550
J-FTD57906	450
J-FTD40343	425
J-Y7013	10100
J-Y28259	4000
J-Y28729	3900
J-BY126017	3900
J-Y28260	1200
J-Y341543	1200
J-Y33849	850
J-Y112338	700
J-Y29722	650
J-BY40779	650
J-Y7010	10100
J-FTA91030	6900
J-Z27907	9800
J-Y342157	550
J-Z27766	7900
J-BY65087	4600
J-Y636104	1650
J-FT70005	2800
J-Y253096	700
J-FTB7934	350
J-FT69761	700
J-FT70412	550
J-Y33844	6400
J-Y160293	475
J-BY179416	200
J-Z27805	6400
J-FTA15001	1100
J-SK1366	5300
J-Y209216	1700
J-BY106430	1450
J-BY148902	1100
J-FTD87893	500
J-Z27793	4500
J-M68	3000
J-FT313018	2700
J-FTA1444	2800
J-Y265105	2800
J-Y33845	3000
J-Y154990	1050
J-BY170986	600
J-Y13128	8900
J-Z36834	8900
J-FT11871	4200
J-Y198261	3700
J-Y657786	1000
J-FT89219	8900
J-Z36829	8200
J-Y658535	1150
J-Z36802	8200
J-Z36800	3400
J-Y82268	1050
J-Y45250	700
J-Y59395	700
J-Y14434	4700
J-Z28529	4600
J-Y14439	4000
J-Y295696	200
J-Z28527	3900
J-FT41134	2500
J-FT40500	425
J-Z35779	3700
J-FT280864	1650
J-PF7415	3500
J-Y16842	2800
J-Z35790	2800
J-Y29723	1400
J-Y42491	700
J-Y178562	425
J-FT167382	50
J-Z35787	700
J-Y293063	50
J-Z40259	2200
J-Y22056	1250
J-Y92655	800
J-Y151915	750
J-Y85618	50
J-Y22057	950
J-Y22315	600
J-Y23382	50
J-FGC80314	50
J-PF5087	15600
J-PF5160	15200
J-Y166866	13100
J-Y221202	1700
J-Y164901	4500
J-FT12693	1950
J-Y167639	800
J-Y22726	800
J-FTC46732	800
J-FTC46436	50
J-FTG91934	800
J-FTH69665	500
J-PF5197	14500
J-YSC0000253	8500
J-BY206302	6800
J-BY205565	5700
J-Y164899	4800
J-Y164981	4800
J-Y231366	6000
J-Y231330	750
J-Y317878	3300
J-Y369205	500
J-BY40400	8000
J-Y18934	950
J-FT144203	800
J-FT143520	100
J-BY40381	800
J-FGC88821	700
J-Y106362	275
J-Y168419	350
J-Y83194	125
J-Y9336	8500
J-FGC58020	6200
J-Y609191	4700
J-FT287313	4600
J-L1058	1250
J-FT245768	1250
J-FTH33735	0
J-SK1323	2900
J-FGC57990	2300
J-FGC58056	2300
J-FGC58022	50
J-Y140209	550
J-Z7429	8400
J-YSC0000246	6800
J-L776	6100
J-FT323540	4800
J-Y66256	3400
J-Y60944	3400
J-Y9354	5600
J-Z43994	4800
J-FT180723	900
J-Y441963	600
J-Y161815	4400
J-Y307152	3700
J-FT295077	3200
J-Y161837	4400
J-Y161822	3700
J-Y161805	1600
J-Z7438	5300
J-Y9346	3500
J-Y238095	3400
J-Y33823	3500
J-Y33804	225
J-FT172002	2700
J-FT171951	550
J-Y183980	200
J-Z7465	3200
J-FGC23963	1750
J-Z7437	1650
J-Y8992	1450
J-FGC23989	650
J-Y33891	1450
J-Z28087	1400
J-PF5172	14200
J-Y154816	11200
J-M3049	8800
J-FTA66577	2700
J-Y195845	6800
J-Y195859	3400
J-Y223867	2700
J-Y47649	4700
J-FT135291	3500
J-Z40027	4400
J-Z40046	4100
J-Y155315	3200
J-Y155314	2100
J-PH3846	4100
J-FT201556	4100
J-Y155259	3400
J-PH773	550
J-Y201296	3200
J-Y200886	600
J-Z7314	14200
J-Y153763	4500
J-Y153765	550
J-Y163223	500
J-PF5169	11800
J-PF5174	10800
J-PF5177	10800
J-Y18974	10500
J-Y356591	5700
J-FTD2942	5700
J-FTD3775	3200
J-Y28982	10400
J-Y440975	5200
J-PF7421	7100
J-Y146399	6800
J-Y200069	6400
J-FT204279	500
J-Y18971	5200
J-Z8078	2200
J-Y249378	5200
J-Y31950	4800
J-Y250585	650
J-Y262580	2500
J-Y239616	1350
J-Y250652	50
J-PF5252	8900
J-Y348406	5600
J-Y348435	1100
J-FGC31261	8900
J-Z28683	8900
J-PF5167	1950
J-FTA27932	7000
J-Y286618	5600
J-FTA44992	4800
J-Y268691	400
J-Z27053	7300
J-Y198314	1050
J-Y56835	6000
J-Y354322	1950
J-FGC31239	5700
J-M2011	3200
J-FT14178	1250
J-BY202846	1050
J-Y163963	50
J-Y200689	425
J-Z7308	8200
J-Z7366	8200
J-Y21193	6600
J-Z8090	2900
J-BY187910	2600
J-BY186762	2400
J-BY186611	850
J-Y150303	3300
J-Y150317	500
J-Y169598	250
J-FT17377	125
J-Z6093	7000
J-Z6095	6000
J-CTS667	6000
J-Y589240	4200
J-PH3569	2800
J-Y290799	50
J-Y257629	2600
J-FT385078	1900
J-Y219582	1900
J-Y268037	1600
J-Y219579	1100
J-Y258562	650
J-S26364	7500
J-Z6083	6700
J-Y36262	2000
J-HU209	800
J-Y130801	700
J-HU204	375
J-Z6090	6700
J-Z6082	6200
J-Z34457	6200
J-FT313056	6000
J-C114890	5500
J-FTA12729	5500
J-FTA9752	4200
J-FTA23822	3900
J-FTA25315	2900
J-Y255722	1150
J-FTD49263	850
J-Z7274	5900
J-Y165354	5600
J-Z7276	5400
J-Z6091	5100
J-Z7278	5000
J-Y632524	1100
J-SK1390	2600
J-FT281389	1100
J-Z7255	2700
J-C104848	1650
J-C126144	1650
J-Y151117	4800
J-Y145457	900
J-Z7261	4700
J-Z7262	3700
J-Y334421	3700
J-FTA80908	750
J-FTA85693	425
J-MF52889	425
J-Y281831	425
J-FTA95747	425
J-Y29710	7500
J-Y29702	3400
J-Y30250	2800
J-Y179295	500
J-Y29703	2600
J-Y128326	900
J-Y128958	900
J-Y129672	900
J-Y50383	550
J-Y29708	2300
J-FT186597	425
J-Y308391	550
J-Y629366	150
J-FT382754	275
J-Y95689	50
J-BY178071	1000
J-FT419515	350
J-Y229214	350
J-Y229188	200
J-BY180001	1000
J-Y157910	275
J-Y32677	550
J-MF14187	50
J-Y511572	50
J-FT6522	550
J-FT4771	100
J-FT27556	550
J-Y218542	125
J-Y97680	150
J-FT28448	150
J-FGC50306	250
J-Y511593	175
J-Y169245	125
J-Y168485	175
J-Y82223	50
J-FGC16096	11500
J-L198	9100
J-S10783	7700
J-Y200170	6600
J-Y200126	700
J-Y200136	350
J-M419	4900
J-Y97804	3300
J-Y147023	4800
J-BY44777	3700
J-Y146996	1400
J-Y147032	500
J-Y315081	1650
J-Y315009	350
J-Z40068	8400
J-A21932	8300
J-FT271100	7300
J-Y370750	350
J-Y370993	350
J-Y33951	2200
J-Y33956	650
J-FTA22642	125
J-Y34614	500
J-FT271130	500
J-Y158416	50
J-Y89629	475
J-Y20569	8300
J-Y97937	6800
J-Y91539	3200
J-Y6954	75
J-Y139780	1700
J-Y139793	1100
J-Y306423	50
J-Y20307	6500
J-Y20308	1600
J-Y20322	1600
J-Y20016	650
J-Y134160	200
J-Y20306	1100
J-Y20319	325
J-F3548	50
J-Y125345	275
J-Y146052	50
J-Y20549	50
J-Y14400	5400
J-BY40424	5400
J-FGC30776	3900
J-FGC30762	3600
J-FGC30786	3100
J-FGC30753	2300
J-Z34439	1650
J-Y63356	1400
J-Y139192	4300
J-Y139292	4300
J-FT424887	4300
J-F17582	2600
J-Y139181	1900
J-FTH47450	850
J-FGC16130	5300
J-FT173878	2600
J-FT175654	1600
J-FT175384	50
J-Y606370	2300
J-FTF71527	950
J-FGC16079	4900
J-BY37605	3600
J-Y154898	125
J-Y155309	425
J-BY45890	3000
J-BY127048	3000
J-FGC56677	2700
J-FTB71081	2700
J-Y135096	400
J-Y135110	325
J-Y630724	175
J-FGC34972	4700
J-Y19679	750
J-Y145573	125
J-Y152331	450
J-Y152279	275
J-FT36002	550
J-FTA32884	200
J-FTH22403	200
J-Y627105	425
J-Y155514	200
J-Y145632	450
J-FT141144	350
J-FTH44522	125
J-Y179646	125
J-Y145634	375
J-FTA9055	50
J-FGC34986	750
J-Y152313	200
J-Y529843	475
J-Y130944	300
J-BY76973	500
J-FT31124	475
J-BY37618	300
J-BY37620	150
J-Y76635	350
J-FGC35025	350
J-FGC35022	50
J-FT143526	50
J-Y168432	350
J-Y164026	175
J-FT55128	125
J-Y164232	50
J-FGC35104	750
J-Y24259	700
J-FT58256	700
J-FT209333	50
J-FT57052	450
J-Y158558	425
J-Y161321	425
J-FT34260	425
J-FT114478	200
J-FT33094	325
J-FT36528	200
J-FGC34985	450
J-Y172646	275
J-Y146890	450
J-Y146887	50
J-MF115921	275
J-BY188751	200
J-FGC34975	50
J-F15007	125
J-FGC35106	400
J-FGC35106a	50
J-BY188306	275
J-Y635676	400
J-Y385157	400
J-Y146608	125
J-BY188749	300
J-FT228213	275
J-Y160318	300
J-FGC35105	100
J-FT124962	200
J-FT225044	50
J-FGC58682	400
J-BY188779	125
J-FGC58684	325
J-FGC58683	275
J-FT116017	300
J-FT415672	125
J-Y160169	175
J-L24	13900
J-PF2254	3200
J-Y183506	50
J-FGC30266	3200
J-FGC30299	2400
J-Z39556	275
J-FT159176	2400
J-Y659363	2400
J-BY173726	850
J-MF19669	1250
J-Y297496	200
J-Y444090	850
J-Y22662	10000
J-Y182874	9000
J-Z44310	7600
J-Y164608	1900
J-Y214629	550
J-Y240921	1000
J-FT408164	200
J-BY105239	750
J-FT420122	175
J-BY56722	375
J-L25	8800
J-PF4888	7800
J-L243	7100
J-Z44820	7100
J-Z44823	6700
J-Y352866	4400
J-Y493668	950
J-Y151116	450
J-FGC30324	6500
J-BY37652	1100
J-FT271953	950
J-Z44165	350
J-AM00100	2400
J-AM00107	1650
J-AM00119	1000
J-FTC46266	500
J-FGC60042	850
J-Y246321	600
J-FT369484	450
J-Y318102	200
J-FGC30343	6500
J-Z45593	6500
J-FGC43236	6500
J-Y244096	5700
J-Y452550	500
J-Y166760	1250
J-Z40888	750
J-FGC30355	5500
J-L590	3500
J-FGC30339	2900
J-Z28706	5400
J-Y469167	4900
J-Y469469	1350
J-Z41082	4500
J-Y214188	3100
J-Z41084	2300
J-FTB29271	1900
J-FT8372	800
J-PF5366	7800
J-PF5383	7800
J-L264	7700
J-BY142237	3500
J-Y414591	2000
J-FGC5925	7200
J-FGC5956	7200
J-FGC5916	5600
J-Y193789	5300
J-Y193798	425
J-PF5402	6900
J-PF5381	6000
J-FT196027	5900
J-Y624773	5800
J-Y623879	1150
J-PF5373	5700
J-FTA10541	4000
J-Y240543	500
J-Y251745	450
J-Y228381	3400
J-FTB79782	3400
J-Y425887	50
J-FGC4975	2500
J-Y220192	2000
J-FTA51363	850
J-Y219967	950
J-Y219882	50
J-FGC4942	1950
J-FGC30508	950
J-BY92862	275
J-FTD36609	200
J-Z38408	800
J-Y237396	275
J-FT416510	50
J-Z46302	450
J-FT411022	350
J-FT69307	500
J-Z45344	50
J-Z41512	600
J-FT237090	600
J-FT285002	550
J-FT268479	350
J-FT57652	550
J-Y575756	350
J-FT57350	350
J-FT115273	600
J-FT278598	600
J-FT276126	500
J-FT117646	600
J-L254	1250
J-FT394433	1000
J-FT394449	650
J-FT69390	1250
J-FT21111	1250
J-FT44476	500
J-Y178519	325
J-Y178520	175
J-FT63414	50
J-FGC30681	950
J-BY189731	400
J-FT411658	400
J-FT411295	275
J-FT243711	650
J-FT239581	400
J-Z46051	125
J-FT348445	275
J-FT348476	200
J-FGC4962	1050
J-FGC4977	700
J-Y229488	500
J-Y57925	450
J-FGC4947	125
J-Z46304	600
J-FT70285	600
J-FT450291	600
J-FT99148	125
J-FT144510	50
J-Y178653	300
J-FT87369	325
J-FT169335	200
J-FT206878	150
J-Z46305	600
J-FT256123	425
J-FT258047	425
J-Z438	7700
J-Z387	6600
J-Y197867	6300
J-Y289224	550
J-Y197827	5700
J-Y198033	5500
J-Y198044	1500
J-Y197589	950
J-Y220703	4400
J-Y220706	1100
J-Y17949	4800
J-MF66277	4200
J-FTA92869	3000
J-Y603209	3000
J-Y574469	550
J-FTF30075	500
J-Y351110	4800
J-Y351115	4000
J-Y624889	2400
J-Y350838	3600
J-Y350936	1700
J-FTE9181	700
J-Z40002	3700
J-FT246510	3700
J-FTB37086	3000
J-Y297332	1250
J-Y502406	50
J-BY37623	3700
J-BY62740	2600
J-BY74398	2100
J-FT417353	3700
J-Y274697	3600
J-FT417705	1200
J-FT417772	425
J-FT417345	425
J-Y318355	250
J-Z39995	3400
J-Y91589	2800
J-Y87523	2400
J-Z45881	1500
J-FT29643	1250
J-Y95397	550
J-Z40011	3200
J-Y231561	1900
J-Y231552	50
J-Y279807	3200
J-BY99441	2500
J-FTC28023	250
J-Z39986	3100
J-Z40003	3100
J-FT10475	2100
J-FT6985	1650
J-Y61631	125
J-Y173526	3100
J-Y131165	1750
J-Z40004	3100
J-FT136796	2800
J-FT139810	2800
J-FTH71304	1100
J-Y516539	2700
J-Y204105	350
J-FT236457	1750
J-Y269815	1250
J-Y369580	275
J-FTA58633	950
J-BY206261	700
J-FT235947	550
J-Y201863	350
J-FT235283	200
J-Y510208	50
J-FT416717	550
J-FT416757	450
J-Y228815	200
J-FGC35461	4800
J-FGC34168	4100
J-Y640723	3200
J-Y164847	2500
J-Y178683	2400
J-Y652826	2400
J-Y164873	1400
J-Y164808	850
J-Y164832	700
J-BY78448	2400
J-FT134893	2300
J-FT133466	1000
J-Y585754	950
J-FGC35489	4100
J-Y126071	3400
J-FGC35499	3300
J-Z42347	600
J-FGC63245	2800
J-FGC63258	1550
J-MF29663	2800
J-PH2770	2700
J-FTA38702	1000
J-BY167050	1700
J-Y345860	475
J-Y272196	150
J-BY165866	900
J-FT145902	200
J-BY167822	600
J-BY167550	400
J-FTA46871	200
J-Y303707	200
J-FTC57804	50
J-Y245398	600
J-Y319156	350
J-FT350621	400
J-FT350784	400
J-Z39975	3400
J-Z39973	2300
J-Y303141	650
J-Z39976	2300
J-Z39963	1050
J-Z39981	650
J-Z39982	375
J-Y94477	950
J-Y656633	650
J-FT251326	175
J-BY87289	125
J-Z45304	650
J-BY10952	275
J-Y234046	425
J-Z43041	3400
J-Z43061	2500
J-Z43045	850
J-Y100158	650
J-Y202413	500
J-Y92558	425
J-Y101841	425
J-Y100630	375
J-FT263185	475
J-FT18026	125
J-Y202661	475
J-Y93484	350
J-Y196138	125
J-BY118180	50
J-Y90689	275
J-Y239667	200
J-Y136645	475
J-Y206941	275
J-Y225662	400
J-Y486537	200
J-Y136644	350
J-Z43044	850
J-Z43050	650
J-Z43047	350
J-Y36704	325
J-Y190328	275
J-Y36705	275
J-L70	3900
J-Y321764	3900
J-Y369114	50
J-Y174554	3800
J-FT63375	2900
J-Y561583	1450
J-Y130410	3400
J-Y128083	500
J-Z423	3500
J-FT235371	1100
J-Z435	3500
J-Y213713	3100
J-FTB11237	950
J-FGC59228	3500
J-BY57393	3500
J-Y164301	3500
J-Y643939	3300
J-Y164256	375
J-PH2725	3500
J-Z39057	3000
J-FT30648	1600
J-P244	550
J-FT30899	200
J-FT116098	200
J-BY37767	400
J-Z46140	250
J-F801	2900
J-PH299	2600
J-Y146024	2100
J-Y146009	250
J-FGC31975	2700
J-FGC31993	2700
J-PF257	200
J-FGC93857	2700
J-Y208670	300
J-Z2177	3500
J-Z45192	3500
J-Z45170	650
J-Z45243	2700
J-Z45235	2700
J-Y275293	1950
J-Y546920	75
J-Z28698	3500
J-Z44126	3400
J-Y126749	2900
J-Y191342	550
J-FGC52112	3300
J-A25115	3300
J-Y468945	50
J-FGC52118	3000
J-Y231872	1350
J-FGC52119	2600
J-FTC12882	1300
J-FT51679	3500
J-PH84	3500
J-Y181566	3200
J-FT144606	2800
J-Z39282	3300
J-Y99995	350
J-Y416673	2900
J-Y416643	350
J-Y416685	50
J-M318	2600
J-BY149449	2400
J-Z39271	1700
J-Y446276	650
J-Y125603	1700
J-Y125595	125
J-PH185	3200
J-Y181774	2000
J-Z17328	2000
J-FT94405	3200
J-BY69833	2600
J-Y678480	2600
J-Y163297	3000
J-Y163224	700
J-FT253265	600
J-FTB88684	200
J-FT446258	200
J-FGC32690	2900
J-FGC32685	2800
J-FT75060	2800
J-Y245410	2800
J-Y164246	2000
J-FTA59938	1800
J-TY449104	2800
J-FGC32142	2800
J-FGC32147	2600
J-BY178336	700
J-Y128867	2600
J-FTD5784	900
J-Y562534	550
J-Z32056	1400
J-FGC32157	950
J-BY197480	950
J-FGC32143	50
J-BY130571	2600
J-Y216548	1500
J-Y216544	375
J-FT372913	125
J-CTS3601	3300
J-FTA59649	2800
J-FTA60044	2200
J-Z44439	3100
J-FT18694	1800
J-Y181610	3100
J-BY193246	800
J-Y619615	50
J-FGC2861	1250
J-FTA57195	1150
J-FTA57759	50
J-PF5456	3000
J-BY93936	3000
J-FT52987	2600
J-FT115146	200
J-BY161615	125
J-S11348	3000
J-S10543	3000
J-S21224	3000
J-Z32096	3000
J-Y193140	1600
J-Y192621	1300
J-FGC6730	2800
J-S10971	2400
J-FGC6736	1750
J-FT14190	1100
J-Y316434	950
J-Z32111	2400
J-BY91418	2400
J-Y209057	50
J-Y24651	2700
J-FTC66924	2700
J-Y250706	350
J-FGC2143	2300
J-FT397779	325
J-Y281645	2700
J-Y281021	1000
J-Y325106	2700
J-FTC12345	1750
J-Y325286	550
J-FGC21085	1250
J-FGC21094	800
J-Z39494	1150
J-Y300655	850
J-Y66540	700
J-FT83479	800
J-L396	650
J-Z39491	1050
J-FTA7878	650
J-FTA16690	500
J-Z39493	1050
J-Z39496	1050
J-Y75275	900
J-FT209422	350
J-Z45813	600
J-CTS2201	550
J-Z40772	2700
J-Y518516	2400
J-Z40781	2700
J-Z41163	2700
J-Z41157	2700
J-Y280631	1800
J-BY195335	2400
J-Y319757	800
J-Y335403	50
J-FGC58748	2300
J-Y248340	2000
J-Y248329	1900
J-Y4304	800
J-Y82443	750
J-FGC58752	225
J-Y130791	50
J-FGC51673	50
J-Z32144	2400
J-Y465864	2300
J-Z32138	2400
J-Y224015	50
J-BY242	2400
J-BY178621	2400
J-FGC54176	2400
J-FT145774	650
J-F3133	8300
J-Y25005	6900
J-Y327436	1350
J-Z43096	475
J-BY38010	6600
J-Z40171	4300
J-Y172871	600
J-Y516627	600
J-Y172814	275
J-Y140115	2800
J-Y236204	1650
J-Y236549	1450
J-Y630929	400
J-Y66329	2800
J-Y140107	2300
J-BY38020	1150
J-BY84658	500
J-BY38018	800
J-BY38007	650
J-BY109069	550
J-BY101226	300
J-BY82709	225
J-Z40178	1450
J-Z40211	850
J-BY121946	450
J-FT190777	200
J-FT136569	250
J-Y66892	800
J-BY38027	500
J-BY38019	125
J-BY100848	325
J-Y15604	8000
J-Y15611	8000
J-FTF28512	950
J-FTG28810	350
J-M158	4600
J-Y95492	3700
J-Y516471	325
J-Y69127	6800
J-Y526157	550
J-Y62526	5400
J-FTA27991	5200
J-Y240925	4200
J-Y15601	7800
J-Y15602	7300
J-Y15598	5500
J-BY65720	3500
J-Z36272	5000
J-Y252529	4500
J-Y15603	4800
J-F21376	4800
J-Y273656	1600
J-Y49537	950
J-FT226979	700
J-FT227652	700
J-Z38363	7000
J-Y17404	7000
J-Y280874	7000
J-Y146138	7000
J-FT234250	6900
J-BY184731	650
J-Y234285	1400
J-Y234347	1400
J-Z38394	6300
J-Y134450	4600
J-Y252943	2100
J-BY70400	4100
J-Y134451	800
J-FTA22381	800
J-Y134457	100
J-FT434198	50
J-Z38373	6000
J-Y304266	6000
J-FGC56925	4100
J-FGC56927	950
J-Y304376	650
J-Z38368	3700
J-Z38357	2900
J-FTD74269	2900
J-Z38359	2300
J-Z38352	1400
J-Z33393	50
J-FTE10636	50
J-Z38752	800
J-Z38742	500
J-FGC86371	200
J-YFS4539141	50
J-YFS4607050	325
J-YFS4538678	275
J-FGC86277	150
J-FGC86287	450
J-Y144814	225
J-FT75369	450
J-FGC29397	350
J-BY170913	200
J-FT356422	200
J-FT72095	125
J-BY21723	350
J-YFS4539856	125
J-Y37001	325
J-BY25075	325
J-YFS4537018	200
J-CTS6521	125
J-Y602507	500
J-YFS4543869	275
J-FGC85778	200
J-MF606262	200
J-Y37142	500
J-BY146399	150
J-BY157201	275
J-BY125089	125
J-FGC86495	500
J-BY25020	375
J-FGC86497	350
J-YFS4541925	50
J-YFS4541168	400
J-Y126496	400
J-Y189894	225
J-BY192567	300
J-BY192681	175
J-FTB85026	300
J-Y510070	200
J-Y178254	250
J-Y312348	125
J-FTD85652	125
J-Z7706	8300
J-SK1382	7000
J-L192	6100
J-FT203595	5300
J-A16345	850
J-A16367	850
J-L271	1500
J-FGC32594	1500
J-A14971	1500
J-FGC32589	850
J-FGC37143	850
J-Y200779	1500
J-Y209473	700
J-FGC30635	6100
J-FTB74902	6100
J-Y360731	200
J-Z33976	5900
J-Z42817	5300
J-Z42868	1100
J-FGC62047	5100
J-FGC62064	3600
J-Z42779	4000
J-Y135386	2400
J-Z33968	1600
J-Y306952	1600
J-Y629278	350
J-Z33986	1200
J-FT186339	300
J-Y179025	6000
J-FT36746	5800
J-Y14594	5600
J-FT36167	5600
J-FGC30640	5600
J-Y14590	5400
J-Y424929	5400
J-L534	3000
J-Y96277	3900
J-Y192293	2600
J-YP6386	950
J-Y69810	2600
J-Y75922	1250
J-SK1381	3100
J-Y259013	1350
J-FT36995	2700
J-FT37340	2700
J-Y126739	2700
J-FT36888	2300
J-Y172519	1100
J-FT37761	850
J-FT388093	1700
J-Y298961	1300
J-Y299081	1300
J-FTE62157	900
J-FTE61771	600
J-Y13534	8300
J-FGC35689	5600
J-Z40073	5200
J-FGC35681	3400
J-FGC35677	550
J-Y304436	2700
J-FGC9942	8300
J-FTA61115	6700
J-Y23159	5100
J-Z38998	3000
J-Y360347	1400
J-FTC94786	500
J-Y418304	425
J-Z38993	1300
J-Y316197	1050
J-Y316218	700
J-Y316382	425
J-Y63750	600
J-Y327805	550
J-Z39012	700
J-FT155765	500
J-FGC54248	500
J-Y150208	300
J-FT159592	275
J-Y609649	50
J-FGC47760	650
J-BY81727	550
J-Y665636	50
J-FT138681	550
J-FT139520	550
J-BY92344	200
J-FT244012	475
J-FT359761	125
J-Z43035	275
J-FGC47774	550
J-FT140412	275
J-FT135580	275
J-FTD23325	125
J-FGC47763	550
J-FGC47777	200
J-FT44365	275
J-FT42516	275
J-FT140207	50
J-Y128456	125
J-Y14696	8200
J-Y473723	6600
J-Y472266	2100
J-Y14699	7500
J-Z43321	7500
J-Z37595	6300
J-Z37567	6300
J-Y267883	850
J-Z43352	7500
J-FT403133	7500
J-FT74224	7500
J-FTD59589	3200
J-Z43334	6500
J-Y140124	4200
J-Z43322	500
J-C119534	6500
J-Y365867	1450
J-FGC61888	6600
J-Y294089	3300
J-Y294088	650
J-Y29712	4500
J-Y151468	2300
J-Y151481	1700
J-Y30058	3400
J-BY165867	950
J-Y30060	2200
J-Y91964	550
J-FGC61865	325
J-FGC61864	325
J-FT436230	125
J-Y81287	200
J-FGC61854	50
J-Y14698	7500
J-FGC9918	5500
J-Y308718	4200
J-FGC9946	5500
J-FT92550	5100
J-Y592247	5100
J-Z39429	3700
J-FT171743	800
J-FGC9924	3900
J-Y182067	3100
J-Y469013	225
J-FGC9909	2400
J-FGC9881	425
J-FGC29949	50
J-FTA86859	200
J-FTA91015	200
J-Y14700	7500
J-FGC32747	7500
J-FGC32741	6400
J-Z33772	6400
J-Z33825	6300
J-L317	1350
J-Z41319	850
J-Y134052	200
J-Y213258	2900
J-Y213379	1400
J-Y213293	1050
J-FTB33145	650
J-FT15972	5300
J-FGC32711	4900
J-Y179417	4700
J-TY97675	4500
J-FGC32725	3800
J-FGC32703	1300
J-Y68577	600
J-FGC53942	7100
J-FGC32507	7100
J-FGC32503	5700
J-FT184453	5200
J-Z40512	2200
J-L231	50
J-Y163986	7100
J-KMS86	3600
J-Y163996	1450
J-FGC53954	6600
J-FT284018	6600
J-Y216778	1550
J-Y237718	6600
J-Y237662	3900
J-Y237667	500
J-BY40131	6600
J-FT285544	4700
J-Y304459	550
J-Y151355	1750
J-BY142628	950
J-Y164597	50
J-F3369	8200
J-Y143518	6200
J-Y213234	2300
J-FTD98110	900
J-FTD98899	850
J-Y143504	5800
J-F4049	4800
J-Y441854	350
J-Y143520	4800
J-Y213708	3800
J-Y227333	2300
J-Z33862	4800
J-Y313164	4500
J-FTC16019	3100
J-FTC15040	2200
J-FTC14887	1100
J-Z33863	2300
J-FT54624	2000
J-Z33873	1650
J-Z33888	1200
J-Y205379	550
J-Z33884	900
J-FT46363	650
J-FT46545	100
J-Z33898	900
J-BY141049	650
J-Z33869	550
J-Z33864	375
J-FGC45769	8200
J-BY160750	6100
J-Y184042	3400
J-Y184097	2300
J-Y184043	1550
J-Y15179	7600
J-Z40298	6600
J-Z40299	5700
J-Z40305	5400
J-Y103001	350
J-Y258910	2000
J-BY40127	5700
J-FT32475	5700
J-Y145911	4200
J-Y145912	225
J-BY61136	4300
J-BY80055	2200
J-Y451957	1550
J-Y508297	1300
J-Y507751	650
J-Y15041	3300
J-Y15049	1150
J-Y182365	200
J-Y81194	550
J-FT248496	250
J-Y15173	1000
J-BY37885	700
J-BY104471	200
J-Y145931	700
J-FT11832	950
J-HU166	350
J-Y140814	125
J-BY91554	125
J-Y93585	425
J-Y90972	325
J-Y513189	50
J-BY198364	325
J-Y208505	125
J-Y15169	650
J-FGC45790	50
J-FGC45908	125
J-Y163583	375
J-Y161867	300
J-BY201626	125
J-Y161954	50
J-Y31141	550
J-FGC45838	275
J-FGC34123	200
J-FGC35418	450
J-Y163220	50
J-Y125887	275
J-FGC35427	50
J-Y60784	200
J-FGC45777	400
J-Y183380	400
J-Y392778	275
J-FT56015	300
J-FT55350	200
J-Y150632	50
J-Y300281	275
J-Y198827	200
J-FGC45768	275
J-Y90473	200
J-FGC45803	375
J-Y184602	300
J-Y429464	250
J-PF5116	15400
J-Z43668	12100
J-PF5119	14600
J-Z6065	13300
J-Y13341	11100
J-Z7515	11100
J-Z7509	6800
J-Y31165	950
J-Z7507	6800
J-FGC15877	11100
J-Y201241	2900
J-FT118132	1400
J-FTG48018	1400
J-FTJ59964	225
J-FGC15895	10100
J-BY186473	7000
J-Y298659	650
J-Y160568	6500
J-FT69571	6200
J-Y160562	1700
J-FTC65150	650
J-Y632810	500
J-FGC15923	10100
J-Y63022	10100
J-Y64860	5500
J-Y62009	125
J-FT224340	5500
J-Y471219	1900
J-YP879	4300
J-Y83702	4300
J-BY178001	450
J-BY178809	275
J-FT37795	375
J-FT35627	125
J-FT232725	125
J-FT68608	4300
J-Y154988	2700
J-BY170194	2400
J-FTF62574	2400
J-FTC87399	1600
J-FTF62622	1950
J-FT67313	4300
J-Y93015	4000
J-Y82906	1550
J-FT66647	4000
J-Y56234	2100
J-FT70049	1450
J-Y174925	2000
J-FT413268	1950
J-Y594523	1600
J-FT67707	1500
J-Y151151	425
J-Y590165	850
J-Y590035	650
J-FGC15824	4300
J-FGC15787	1100
J-Y372841	4200
J-Y358031	2500
J-FTC84617	1450
J-FTC85447	1450
J-FTC84430	1200
J-FTF5581	425
J-FT77846	4300
J-BY58067	4300
J-FT80011	1200
J-Y85853	3800
J-Y101998	2900
J-Y360082	1900
J-Y195344	2400
J-FT264100	1450
J-FT252441	2300
J-FT252241	2200
J-FTE16768	425
J-FTF98125	425
J-Y31162	4300
J-Y82576	700
J-FT176975	3600
J-Y611544	3100
J-FT343001	2500
J-Y36241	3400
J-Y356029	2800
J-Y355960	2800
J-Y193380	3300
J-FGC57210	1700
J-Y47859	1400
J-FTE18308	200
J-Y36227	3300
J-Y36231	950
J-Y84851	175
J-Y98396	900
J-Y87822	425
J-FT346262	350
J-Y97703	50
J-Y7687	12600
J-Y9268	8800
J-P81	4900
J-Y255765	4900
J-Y255749	650
J-Z43661	8300
J-Y37496	5600
J-Y255970	4500
J-Y27235	1100
J-Y216716	375
J-FT375689	275
J-Y130918	950
J-A19174	275
J-A19200	275
J-BY32912	3900
J-FTA60745	2300
J-BY32983	3100
J-BY39225	1300
J-Y104271	3100
J-Y81900	2100
J-Y81478	125
J-FT175665	2100
J-Y417726	2100
J-Y512669	850
J-BY125782	3000
J-BY72154	2200
J-Y136572	300
J-FTD32749	3000
J-Y538875	3000
J-Y7702	12200
J-Y216864	8300
J-Y216869	75
J-Y349313	4300
J-Y593623	2800
J-Y349317	1150
J-M47	4900
J-Y3740	4500
J-Y186727	2600
J-Y186700	1300
J-Y570171	500
J-FTA1059	4500
J-FTA55772	4500
J-Y268275	2000
J-Y602495	275
J-Y108475	3600
J-FTB20426	3000
J-FT159661	3200
J-FT161517	2500
J-Y497093	125
J-FT159493	950
J-FTA8041	900
J-FTA8676	425
J-Y225735	3700
J-Y376433	50
J-BY201231	3300
J-FTB6310	425
J-Y648956	50
J-BY197963	2800
J-FTA7560	2600
J-Y254439	2400
J-Y256045	1600
J-BY198436	1850
J-FT410085	425
J-FT164165	425
J-Y268368	1500
J-Y7715	3600
J-V2570	3100
J-Z5629	1050
J-FT118075	2100
J-FT397285	600
J-Y7690	2900
J-Y86291	400
J-FT231050	200
J-FTA18184	125
J-Y83942	500
J-Y651873	500
J-FT219865	50
J-FTG63553	500
J-PH4000	550
J-FT3865	550
J-Y236712	425
J-Y70229	500
J-BY33000	425
J-Y66893	275
J-FT73396	300
J-M11070	150
J-FT5333	350
J-FT156526	350
J-BY32955	50
J-Y98176	2900
J-Y163940	250
J-Y86193	2800
J-BY60232	2500
J-BY140762	2500
J-FTC27501	1750
J-BY90945	600
J-BY125465	375
J-SK1333	850
J-FT294692	275
J-Y84254	800
J-FT47242	800
J-Z41509	500
J-FT48197	125
J-Y178147	250
J-FTA2236	125
J-Y630689	100
J-FT77678	800
J-FT344420	250
J-Y95304	400
J-Y87724	125
J-BY33764	200
J-FT78899	200
J-Y14675	2800
J-Y220416	2300
J-FT386384	2300
J-Y223876	1000
J-Y580947	1000
J-FT390018	2700
J-Y221704	200
J-Y191859	2800
J-BY203510	2800
J-FT228699	200
J-Y163920	2800
J-Y163968	2800
J-BY182822	2700
J-Y253282	700
J-FTA81212	650
J-BY65075	2300
J-Y158715	1250
J-FTE3472	500
J-BY128083	1100
J-BY61098	700
J-FT418124	650
J-Y28886	2300
J-FT19460	2300
J-FT21232	950
J-FT63984	350
J-Y28885	1650
J-Y28889	550
J-BY186759	1100
J-BY186504	50
J-FT3797	2800
J-BY123661	175
J-FT3592	2800
J-Y219981	800
J-Y14678	2200
J-FT29658	2200
J-FT144945	2200
J-FT209026	425
J-BY32917	500
J-Y182507	100
J-Y5909	2100
J-Y45808	700
J-BY86889	400
J-FTA80610	225
J-BY200224	1500
J-BY198930	650
J-Y172247	325
J-Y28883	2300
J-Y94077	1850
J-Y584816	950
J-FT388375	1850
J-Y28882	2300
J-FT159635	75
J-BY144360	2100
J-Y576680	2000
J-Y155364	2000
J-FTA7154	200
J-BY110187	2000
J-FTG18314	50
J-Y155356	400
J-Y28880	2200
J-FTC24545	1000
J-Y159137	2200
J-Y233164	850
J-Y237312	1100
J-BY96780	2100
J-Y280968	1650
J-BY135572	2100
J-BY72684	1250
J-FTA68889	1750
J-FTF56576	1500
J-Y18349	325
J-FTA69581	150
J-CTS4800	14600
J-Y245190	14600
J-Y245177	6900
J-Y268598	3500
J-L558	13900
J-Y5014	12800
J-Y8344	5400
J-BY98718	4700
J-Y130538	350
J-Y130546	50
J-Y8362	3700
J-FT162521	3100
J-Y228746	1900
J-Y8349	3000
J-Y32691	2900
J-Y8356	1050
J-FGC30603	700
J-FGC17795	950
J-FGC17759	150
J-M319	11200
J-Y157279	850
J-Y295984	375
J-Y16819	4400
J-Y16817	650
J-Y47057	150
J-Y502954	10800
J-FT129714	750
J-FTB3160	275
J-PH314	10000
J-FT102000	7600
J-BY37671	5400
J-Y174668	550
J-BY72485	425
J-BY137048	275
J-Y92462	9000
J-Y151557	7600
J-Y625879	2200
J-S17487	6500
J-BY66226	3500
J-FTA17429	3300
J-Y85574	5000
J-FTB9277	275
J-Y82536	5000
J-S18910	2100
J-FT5516	1900
J-Y452331	200
J-BY189441	225
J-Y173551	650
J-Y173711	500
J-Y21862	5500
J-Y153770	1500
J-Y20889	3500
J-Y60243	1500
J-Y74644	1450
J-BY136275	750
J-Y20891	2100
J-Y23165	900
J-Y23167	300
J-FT178190	200
J-Y70710	125
J-FT73884	300
J-Y60317	100
J-Z17221	9200
J-Y5009	7100
J-Y32690	5200
J-Y38799	225
J-Y5176	7100
J-Y5007	3200
J-BY191164	1000
J-BY72194	2800
J-Y277361	900
J-FT155682	2500
J-FT156618	2500
J-FT164273	2500
J-FTB13387	2200
J-Y428442	950
J-Y5177	3200
J-Y5178	3100
J-Y5500	600
J-FT200571	3100
J-S24347	2100
J-FT230564	3100
J-Y536310	3100
J-FT231501	1500
J-FT230956	1150
J-FTC88037	1500
J-Y361106	1450
J-FT42270	125
J-Z39482	2900
J-FT148349	2900
J-Y23723	375
J-Y23998	2900
J-Y23722	2600
J-Y69687	2300
J-Y64003	100
J-Y36627	2400
J-FTH28629	550
J-Y36207	250
J-M67	12000
J-Y133426	425
J-Y133437	150
J-FTG55435	50
J-Z1847	12000
J-Y4036	11500
J-Z28547	11200
J-Y17014	10400
J-Y17002	8800
J-Y16995	7900
J-Y17067	250
J-Z6267	5300
J-Y236677	5200
J-Y236727	3600
J-FT158439	4800
J-Z467	11300
J-FGC45722	10300
J-FGC43527	9800
J-FGC45713	1050
J-FGC43538	550
J-Y113289	8200
J-Y144556	6700
J-Y144533	5200
J-Y144560	4800
J-Y144545	4800
J-Y162456	650
J-Y162464	50
J-Y85978	4400
J-Y154930	3600
J-BY51876	1450
J-FT12639	3600
J-FT11450	1150
J-FT12718	300
J-Z447	10000
J-FT172481	9200
J-FTB79762	5300
J-Y184680	2300
J-L210	8300
J-Y482454	6700
J-FTA27681	3900
J-Y319216	450
J-FTC18066	200
J-Y263704	200
J-Y4034	4500
J-FT114604	4500
J-Y237592	3200
J-Z44002	4500
J-CTS5598	3000
J-FT115906	2100
J-Z489	4500
J-Y82415	150
J-Y43263	2400
J-FGC3400	2100
J-Z482	4500
J-Z478	400
J-FGC68774	4500
J-Y82320	2600
J-Y15232	3900
J-Y15243	3800
J-Y15222	2700
J-BY19843	100
J-Y197571	125
J-Y15245	2400
J-Y416414	1050
J-Y165124	2400
J-Y15223	1400
J-Y15234	1300
J-Y109031	750
J-Y327022	350
J-Y97260	600
J-Y283455	1100
J-BY194993	1100
J-BY194670	1100
J-Y57847	700
J-Y368459	1100
J-FTC38301	425
J-FTD21050	50
J-Y53435	550
J-Y165111	550
J-Y15238	800
J-Y23161	550
J-Y23457	450
J-Y16180	375
J-FT213696	275
J-Y525329	200
J-Y525281	200
J-Y28960	275
J-Y58776	225
J-Y73480	200
J-Y24492	1300
J-Y457979	1050
J-Y84094	700
J-Y493547	50
J-Y31766	950
J-FT47635	350
J-FT47136	350
J-Y336172	350
J-Y31769	900
J-Y57134	700
J-Y31158	800
J-Y31159	650
J-Y31767	50
J-Y33872	950
J-Y96588	650
J-BY53939	650
J-Y81401	275
J-Y81522	50
J-FGC21348	9900
J-FT153465	7900
J-FT153351	6500
J-FT152842	1350
J-FT153229	950
J-S11842	9900
J-Y17947	9900
J-FGC21416	8300
J-Y210652	6800
J-Y311494	5100
J-SK1340	5500
J-Y210650	5000
J-Y210421	1200
J-Y210467	350
J-Y15913	7900
J-FGC21368	7500
J-Y210875	200
J-Y583981	1000
J-FTF20777	200
J-FT156609	6500
J-FT156422	3700
J-FT157332	2500
J-Y338022	3300
J-FTA87255	3200
J-FGC21364	7300
J-FGC21347	3200
J-Y16357	2900
J-Y16178	2500
J-Y57056	2500
J-Y44712	1150
J-Y46165	175
J-SK1337	3200
J-Y294549	3200
J-FTC45736	2500
J-FTC45945	2300
J-FGC21419	3100
J-FT281366	2500
J-FGC65663	550
J-FGC65660	200
J-Y16179	550
J-FGC21402	550
J-Y53735	550
J-Y52357	300
J-Z6271	8300
J-Y464420	175
J-Y23174	5200
J-Z6274	4100
J-PH4809	3200
J-BY37800	3000
J-PH276	2800
J-FTB91957	3000
J-BY37797	2500
J-Y179015	4100
J-S17618	3600
J-Y434641	200
J-FT133324	1350
J-Y98213	4000
J-BY62479	1900
J-FT128966	4000
J-Y112601	4000
J-Y182876	2900
J-Y322923	550
J-Y85104	1350
J-Y92236	850
J-Y23522	5200
J-FTA67138	5200
J-Y232264	4700
J-Y213331	2800
J-BY63730	4300
J-F23491	2400
J-Y201570	4300
J-Y62573	4400
J-FT86547	3300
J-Y44916	4500
J-Y261973	4500
J-Y342155	1000
J-Y197057	3700
J-A393	2200
J-BY196033	1750
J-FTA68351	850
J-Y46911	4100
J-BY103301	4100
J-FT401091	700
J-Y663398	4100
J-FTE42257	3100
J-BY143002	3300
J-BY72706	600
J-Y572816	50
J-BY130624	3400
J-BY181205	225
J-BY182363	225
J-Y162296	50
J-Z500	10800
J-Y6240	9700
J-PF7394	9200
J-Y39561	8800
J-FT259310	8800
J-Y468054	2500
J-Y38482	4800
J-FT25004	8000
J-FT384483	750
J-Z28598	8000
J-Y67910	5800
J-BY54972	3700
J-FTA69622	6800
J-FTB66281	3800
J-FT135488	8000
J-Y36180	7500
J-M2750	7500
J-Y86445	5300
J-Y93487	5300
J-Z6264	5400
J-FGC20116	3800
J-Y89275	4100
J-Z28602	2700
J-Y160368	650
J-BY186306	375
J-BY187052	375
J-Z28580	2700
J-Z6260	1700
J-Z6261	1400
J-Y178595	1150
J-BY141116	800
J-FTE9030	650
J-Y178627	600
J-M92	8300
J-FT30294	5400
J-Z508	8300
J-BY40604	6400
J-Y159353	3300
J-Z504	7500
J-Y37487	3400
J-BY198724	2100
J-Y610106	500
J-Y135785	2600
J-PF7412	7200
J-Z515	6700
J-PH672	5500
J-Y235295	3400
J-Y58669	50
J-Y150774	3400
J-Y151220	2900
J-BY154761	2400
J-BY153019	1850
J-FTA69362	2600
J-FTA68415	2200
J-Y665455	1700
J-C102294	650
J-BY66363	4900
J-BY100782	4500
J-FTB31266	3000
J-FTA64125	3000
J-Y50054	550
J-Y256599	4500
J-BY144963	3900
J-Y266137	3700
J-BY111442	3400
J-Y261950	3400
J-FTA58997	1850
J-Y256710	1800
J-Y256582	300
J-FTF56222	350
J-FTF55333	200
J-BY93790	50
J-FTG26842	50
J-Z6254	5100
J-BY87393	4600
J-Y159212	2800
J-BY126612	125
J-Y18411	4600
J-Y347475	3700
J-Y18694	4100
J-BY130906	3600
J-BY111710	3100
J-Z28047	2700
J-CTS3330	2700
J-Y20196	4100
J-FT10430	4100
J-Y21781	3900
J-YP5438	3600
J-C137946	2800
J-YP5433	2900
J-Y167801	500
J-Y21182	2900
J-Y85914	3000
J-FGC75679	325
J-Y444388	325
J-FGC22532	400
J-Y132768	275
J-Y94252	150
J-Y70721	3700
J-BY180118	3600
J-Y67065	2900
J-Y190034	550
J-Y62442	1000
J-Y63463	475
J-BY178009	475
J-FTC84760	350
J-SK1344	6200
J-BY188835	2200
J-BY189169	2100
J-BY44581	4800
J-Y142849	3200
J-FTA69040	3200
J-Y250913	4800
J-BY55757	2100
J-Z36892	6200
J-Y157896	4600
J-FT253929	4400
J-FT253372	2500
J-FT253401	850
J-Y256597	3700
J-Y256581	1700
J-Z36894	6200
J-Y162143	2300
J-FGC6662	2800
J-Y181032	650
J-FT228568	50
J-SK1342	3900
J-Y45404	2800
J-FT296779	3500
J-FT295775	2400
J-Y234394	400
J-FT209303	175
J-BY41357	6200
J-Y265263	3000
J-Y355656	50
J-BY68314	2300
J-BY134267	2300
J-BY55150	1450
J-Y280673	1450
J-Y143134	3100
J-Y144355	2600
J-FT32223	2600
J-Y144338	1100
J-Y144341	550
J-Y144335	425
J-BY40656	3100
J-Y277531	2000
J-FTF81958	850
J-BY40623	2700
J-BY40611	2100
J-FTJ58269	2100
J-BY133985	650
J-FT137776	1900
J-FTD31239	425
J-BY22481	6000
J-BY22488	6000
J-Y319817	950
J-FTG39890	850
J-FTG39436	550
J-BY22490	3900
J-Y237308	700
J-Y469783	700
J-BY22478	3900
J-BY47571	3400
J-BY22510	3400
J-Y225215	1850
J-Y259978	3400
J-BY22506	3400
J-Y66933	1400
J-Y259430	3000
J-Y259495	2300
J-BY68767	2600
J-FTC73663	2200
J-FTF81510	800
J-FT180683	2600
J-Y207550	2600
J-Y207583	800
J-Y256486	2400
J-CTS4132	7300
J-FGC20273	7300
J-Z8096	6200
J-Y545331	350
J-Y207599	550
J-Y240533	275
J-Y45188	1450
J-Y264798	700
J-Y352011	500
J-Y48171	900
J-Y49865	400
J-Y58335	275
J-FGC63035	3700
J-Y135368	400
J-Y91143	2300
J-FGC63017	1200
J-Y503943	1200
J-FGC87100	1200
J-FT10690	5500
J-FT284647	1800
J-FT447628	1800
J-BY169212	3100
J-BY169000	2200
J-BY65885	4000
J-BY87008	4000
J-FT218304	3800
J-Y568735	3100
J-FT216962	3600
J-Y196383	200
J-FT7184	4000
J-Y181249	2300
J-FT10585	4000
J-FT357767	4000
J-A28187	1650
J-FT8362	3200
J-Y282358	2700
J-S8230	4300
J-Y50996	3600
J-Y45325	700
J-Z38463	4100
J-PH2651	4000
J-PH878	1250
J-Y25801	375
J-SK1357	2800
J-SK1356	1850
J-BY55074	500
J-Y230579	950
J-FT386622	750
J-FT385487	750
J-BY102150	400
J-FT413312	700
J-FT413324	350
J-Y230853	425
J-Y20492	6200
J-BY195726	5100
J-FGC64639	2700
J-FGC64666	2000
J-Y429195	850
J-Y20051	6200
J-SK1155	6200
J-M2728	3100
J-Y268017	1950
J-L560	3700
J-L556	1150
J-Y9005	800
J-A16313	550
J-Y13511	700
J-FTA31890	700
J-FTB30371	650
J-Y36182	700
J-Y82991	225
J-Y20339	700
J-Y60528	700
J-Y48206	275
J-Y49360	275
J-Y50190	200
J-Y11782	1000
J-Y13373	500
J-A15506	275
J-Y13097	450
J-ZS8094	150
J-A11791	375
J-A11793	250
J-FGC22233	475
J-Y90042	375
J-Y22280	950
J-Y53849	225
J-Y88927	225
J-Y101708	900
J-Y93416	600
J-Y20053	800
J-Y19681	500
J-FT354548	275
J-Y19681a	450
J-Y365008	350
J-Y170479	500
J-FT388140	200
J-S19243	3000
J-FGC20253	750
J-FGC88846	425
J-FGC88896	200
J-FT126044	200
J-Y173125	250
J-FGC85548	250
J-FGC20280	600
J-FGC88839	450
J-FGC88877	450
J-A26119	275
J-FT383552	275
J-A26116	250
J-FT174900	125
J-FGC20262	350
J-FGC53039	200
J-FGC53040	125
J-FGC57514	125
J-BY166063	250
J-FGC87882	50
J-FGC57485	500
J-FGC88889	275
J-FT90324	125
J-FGC88866	500
J-FGC57479	375
J-Y71594	125
J-FGC88859	275
J-FT293866	125
J-FTD59033	125
J-Z7671	12000
J-V2639	9900
J-Y13611	2800
J-Y25813	2500
J-Y184421	2500
J-Y60145	550
J-Y545272	200
J-Y184415	750
J-Y518742	275
J-Y59625	2100
J-Y612700	500
J-Y160033	1750
J-BY187000	475
J-BY148942	50
J-Y258499	1300
J-FTG53613	950
J-Y150248	1100
J-Y655571	350
J-Y13668	1550
J-Y13624	1500
J-Y53428	900
J-FTD8914	500
J-Y198797	700
J-FT257153	450
J-FT51386	650
J-FT51743	500
J-Y57896	900
J-A12468	600
J-A15828	400
J-Y160832	1350
J-FTB71528	1000
J-BY191216	1000
J-BY190627	550
J-FTB72911	325
J-Y366174	325
J-Y366176	275
J-FTA46721	1350
J-FTB71951	1100
J-FTB71201	325
J-Y518445	300
J-FTA11209	550
J-FTA10169	275
J-FTB20627	200
J-FTB38086	250
J-FTA80624	450
J-Y591864	200
J-Y22055	1050
J-Y641864	350
J-FTH29743	850
J-Y640717	375
J-FTH28702	125
J-Y166878	550
J-Y167014	425
J-Y168038	500
J-Y22054	1050
J-FT36963	425
J-FTB29062	850
J-FTB70744	500
J-FTB72800	500
J-Y286213	750
J-Y286219	550
J-FT26019	500
J-Y518453	500
J-FT194554	1050
J-FTA47736	700
J-Y251690	275
J-Y61059	650
J-Y63151	550
J-Y71987	375
J-Y41516	1050
J-Y345733	1000
J-Y41165	700
J-FTA2332	275
J-FGC8525	425
J-FTB40221	425
J-Y264407	650
J-Y347961	650
J-BY61851	275
J-Y518738	450
J-CTS900	11400
J-BY61128	11000
J-BY123422	9900
J-BY56209	4300
J-BY56107	375
J-FT461097	50
J-FT204003	4300
J-BY136673	3200
J-Y36490	3200
J-FT27389	5000
J-Y214243	2600
J-FT351519	5000
J-BY56454	2900
J-Y195139	2000
J-Y357953	350
J-Y358034	350
J-FT213749	5000
J-FT397878	4300
J-Y311521	3700
J-FT212821	4600
J-BY53386	2600
J-FTC23037	4600
J-FTD36095	4300
J-FTD36108	1000
J-FT210851	425
J-Y628358	1000
J-Z7661	9000
J-Y82134	4100
J-Y3020	7800
J-Y11200	7100
J-Y53144	6800
J-Y308348	1400
J-Y45219	2000
J-Z30677	6000
J-Z30682	4900
J-BY54970	4000
J-Y256876	4000
J-FT221639	650
J-Y17946	4800
J-Y129013	4800
J-Y129179	3200
J-FT252092	1100
J-Y422299	200
J-Y128143	2800
J-Y150765	4400
J-BY96242	3200
J-FT28484	4400
J-FGC62187	4400
J-Y251388	4400
J-Y96522	750
J-FGC62213	375
J-Y18397	3800
J-Y478273	3800
J-Y414202	3800
J-FT316565	3500
J-Y48220	1350
J-Y158488	2400
J-A42981	800
J-Y158484	950
J-Y559359	1800
J-Y81326	1800
J-FTF32222	125
J-Y23162	3200
J-Y27539	3200
J-Y513052	2400
J-BY113836	2100
J-Y595000	2900
J-BY180569	2700
J-BY159622	2600
J-FTF61978	1850
J-Y142838	2000
J-Y142842	250
J-Y63950	3100
J-Y215794	400
J-Y450451	350
J-Y20512	5300
J-Y20497	3100
J-Y20504	425
J-Y20511	425
J-Y20526	425
J-Y222705	350
J-Y30811	5100
J-Y139202	2500
J-Y139175	750
J-Y139229	175
J-Y61539	4200
J-Y430926	1450
J-Y582431	3800
J-Y582003	450
J-Y60998	4200
J-FTC26820	2000
J-Y32688	5100
J-Y32689	5000
J-FT221760	3900
J-FT136173	5000
J-BY54002	3900
J-BY77173	2500
J-FT370290	3600
J-FT370691	3400
J-FT370575	2700
J-Y218550	2200
J-Y265908	1550
J-BY122513	500
J-Y501955	375
J-Y99599	2800
J-Y106779	2500
J-FT408490	2200
J-MF71313	1450
J-Y571486	2200
J-Y571481	200
J-Y82485	2400
J-Y138257	1950
J-FT241973	950
J-Y513070	225
J-Y138252	50
J-CTS6804	7500
J-Y20305	7400
J-FGC56143	7400
J-FGC56179	7400
J-Y131150	2700
J-FGC56199	1050
J-Y307456	500
J-Y33321	7200
J-Y675332	500
J-Z8114	6200
J-Y32720	4600
J-Y33322	4000
J-Y87966	1950
J-BY50894	5700
J-Y305070	4300
J-Y345681	3800
J-Y195342	2300
J-Y213483	1850
J-PH1244	4600
J-Y22041	4600
J-Y500480	425
J-Y61835	900
J-Y500459	1400
J-Y500462	800
J-Y225797	4600
J-PH1637	4100
J-Y193893	4500
J-FT245300	2900
J-FT245638	1850
J-Y500526	2700
J-Y500530	425
J-C114066	3400
J-Y448773	2900
J-FT50369	2600
J-M8935	2200
J-FT50846	2100
J-FT50165	2100
J-FTH29423	950
J-FTE46347	2200
J-FTH41750	2200
J-Y641592	1350
J-Y3612	4300
J-Y6959	3900
J-BY194410	3400
J-Y162175	2900
J-Y239688	275
J-Y18824	3800
J-FT165818	3800
J-Y61928	3000
J-Y61501	1900
J-Y66383	700
J-Y64262	200
J-Y63898	200
J-Y182346	3000
J-Y357982	200
J-Y182343	1150
J-FT169275	800
J-FT6314	3800
J-Y284818	3800
J-Y519723	200
J-Y85641	3800
J-FT170256	3800
J-Y183602	1400
J-Y84913	325
J-Y18402	2700
J-FTB15396	2600
J-Y18831	1650
J-Y18404	900
J-Y261804	800
J-Y384355	650
J-Y86765	350
J-Y18401	475
J-Y131863	225
J-Y18828	450
J-Y51734	50
J-Y3640	3900
J-FT56852	3900
J-Y17600	2600
J-BY102002	550
J-Y83604	425
J-Y17408	2200
J-Y17599	1700
J-FT155672	1700
J-Y32671	800
J-Y32674	800
J-FT221486	800
J-Y51590	225
J-Y36183	1400
J-Y92660	1400
J-Y54600	800
J-Y55183	150
J-Y210811	500
J-Y210827	500
J-Y210808	500
J-Y210849	200
J-FT169691	1450
J-Y87299	600
J-FT214075	1150
J-FT215761	125
J-FT251844	850
J-FT261579	500
J-FT260543	500
J-BY187684	550
J-Y160177	225
J-FT250536	500
J-BY28435	500
J-FT251754	250
J-FT251166	125
J-Y330252	425
J-Y643598	425
J-Y3620	2400
J-Y6961	1700
J-Y140300	1000
J-Y140292	500
J-Y6957	1600
J-Y182765	425
J-FT6639	1450
J-Y212280	550
J-Y62658	700
J-Y46767	1250
J-FTB66772	450
J-FTB67473	200
J-FTB98827	275
J-FTF29062	275
J-Y11148	1250
J-FT161019	1100
J-FT159799	125
J-Y53393	950
J-Y515225	350
J-Y515234	600
J-Y515236	425
J-Y155407	950
J-Y450424	800
J-FT65689	500
J-Z6477	550
J-Y135960	850
J-Y152346	850
J-Y154019	225
J-Y152281	350
J-Y152288	200
J-Y166736	600
J-FTC18548	275
J-Y327337	375
J-FTC20960	125
J-Y62374	500
J-FT8435	500
J-FTC18968	50
J-Y143672	900
J-BY18371	850
J-Y22466	550
J-Y47864	550
J-Y51669	300
J-Y79310	200
J-BY151580	700
J-FT113073	550
J-FTC30290	500
J-FT8938	500
J-Y42163	700
J-Y308310	350
J-FTB67688	500
J-FTB65963	200
J-FTB66599	300
J-FTB66314	50
J-Y316006	250
J-BY77172	500
J-Y169591	125
J-Y155394	250
J-Y543092	250
J-Y44042	425
J-Y38389	300
J-Y254571	225
J-Y386846	200
J-Y11149	1350
J-Y51507	1250
J-Y52275	1100
J-Y247041	200
J-Y46493	750
J-Y215671	275
J-FT133552	1000
J-Y507319	475
J-Y507317	425
J-Y507323	125
J-Y509995	175
J-Y510225	125
J-Y179574	1000
J-FT133476	550
J-Y180135	425
J-FT133700	200
J-FTB57492	425
J-Y71064	1050
J-Y64250	900
J-Y412443	425
J-Y482052	425
J-Y201462	850
J-Y227742	850
J-Y269383	500
J-FTA59345	350
J-Y321175	275
J-Y75902	600
J-BY90855	500
J-FTB63579	500
J-Y64783	125
J-Y369257	500
J-Y412424	350
J-Y39212	1000
J-Y167012	1000
J-FT104356	450
J-FT192428	800
J-Y191738	550
J-FT194432	600
J-FTA89	500
J-Y192821	425
J-FGC59204	750
J-FT211219	275
J-Y40617	750
J-Y369324	275
J-Y188757	500
J-FTC24022	200
J-BY55513	600
J-FT106385	350
J-Y195448	425
J-Y254627	600
J-Y254778	500
J-Y369318	275
J-Y412749	125
J-Y38635	475
J-Y525012	275
J-Y38425	450
J-FGC36938	275
J-Y44572	275
J-Y220574	50
J-FT131532	350
J-FT131191	200
J-Y200677	275
J-Y274261	125
J-Y7291	1950
J-Y45492	850
J-Y186408	1650
J-FT198906	1350
J-FT198609	350
J-FTB43376	850
J-FTB43547	650
J-Y538159	500
J-FTB49168	550
J-Y85976	1950
J-Y169555	1500
J-Y140338	1950
J-Y182638	600
J-FT154720	350
J-Y81589	750
J-Y86362	375
J-Y140344	375
J-FT32858	275
J-Y30092	1950
J-Y46945	1000
J-Y46240	500
J-FT188585	450
J-Y412633	425
J-Y36221	1200
J-Y223269	1200
J-Y157260	1200
J-Y158663	475
J-Y157780	650
J-Y157673	325
J-Y105925	850
J-Y244464	650
J-Y88249	800
J-Y475244	500
J-Y84073	400
J-FT201677	900
J-FTB41225	425
J-FTB42004	200
J-Y81555	600
J-Y478334	375
J-FTF52311	200
J-Y514844	500
J-Y514849	400
J-Y82543	400
J-Y103131	350
J-Y145223	700
J-FTJ7302	700
J-Y155404	150
J-FT405958	325
J-FTH8553	200
J-FTK5031	325
J-Y592338	325
J-A1598	325
J-FT417977	200
J-BY141083	700
J-Y345745	425
J-FT423058	450
J-Y227061	450
J-FTG51903	200
J-FTK5034	200
J-Y7800	1400
J-Y20904	1000
J-Y73990	950
J-FT20819	950
J-Y140360	200
J-Y73766	750
J-Y200208	425
J-Y168124	750
J-FT117438	600
J-Y167998	250
J-FT41900	750
J-Y169585	750
J-Y169595	550
J-FT42240	125
J-Y169769	50
J-Y20905	700
J-FTD73676	275
J-Y530431	250
J-Y675175	125
J-FT12921	325
J-Y189924	200
J-FT22778	350
J-FT15275	350
J-Y215670	150
J-BY18372	700
J-FTC11534	700
J-FTG19539	200
J-BY126551	175
J-BZ2414	700
J-Y188572	425
J-FT192134	350
J-FT402648	700
J-Y186370	300
J-Y223253	50
J-Y7799	1200
J-Y157656	700
J-BY188997	225
J-Y157711	225
J-Y182223	1000
J-FT162663	350
J-Y62272	1200
J-Y76108	950
J-Y62964	550
J-Y75668	200
J-Y7686	1100
J-Y429137	550
J-Y429136	500
J-Y95900	750
J-FTA95172	300
J-Y87013	600
J-BY136115	275
J-FT185872	800
J-FGC33199	800
J-FT183278	800
J-Z34816	375
J-Y518439	125
J-BY55503	700
J-Y310752	350
J-MF624827	650
J-Y518727	275
J-FTB72865	500
J-FTB71127	200
J-Y7797	1100
J-Y78453	600
J-Y152455	600
J-FTG26733	550
J-FT231219	400
J-Y190031	325
J-Y197643	200
J-Y629176	200
J-Y7798	1100
J-Y41670	950
J-Y39652	550
J-Y197299	500
J-Y207095	50
J-Y66503	400
J-Y272315	150
J-Y76583	850
J-FT164420	550
J-FT161988	500
J-Y618753	475
J-BY67904	750
J-Y66606	550
J-Y68146	425
J-Y277049	475
J-Y518353	325
J-Y280577	200
J-Y43693	1100
J-FT153156	350
J-Y42056	500
J-FT212743	425
J-Y222150	450
J-Y52258	500
J-FTE74922	200
J-Y518449	500
J-F3867	425
J-Y39416	425
J-Y184450	50
J-Y505177	425
K	45400
LT	42600
L	23100
L-L595	6200
L-BY106184	6200
L-FT2061	6000
L-BY119559	3900
L-Y157233	3200
L-Y157214	1400
L-M22	18100
L-M317	12600
L-M349	7600
L-Y355065	5600
L-FTE15176	2700
L-Y31184	5100
L-Y31183	1250
L-M11489	1900
L-FT304386	1350
L-FTB4248	1100
L-FT307599	700
L-Y302152	50
L-FTA19676	350
L-FGC36845	7600
L-Y452466	750
L-Y452641	550
L-Y130640	5800
L-Y130547	2700
L-Y130565	1400
L-FGC36854	7600
L-PAGE116	6100
L-FGC36838	3500
L-Y277713	3400
L-FGC36841	1500
L-FGC36859	1500
L-FGC36862	450
L-BY63893	400
L-Y486223	6600
L-BY20692	3500
L-Y600673	1050
L-Y136675	225
L-FGC49137	6600
L-FGC49096	5900
L-FTB45750	4000
L-FTB45039	3700
L-Y296590	3700
L-FT75930	4800
L-Y211777	2900
L-Y109374	3200
L-Y265334	2900
L-Y86513	500
L-SK1412	11500
L-FGC51074	9100
L-FGC51041	8200
L-FGC51040	6900
L-Y62504	3600
L-FGC62980	6200
L-FT384686	9100
L-FTC79783	8100
L-Y230190	4100
L-FT386126	4100
L-FT384275	2900
L-Y230191	1400
L-Y612747	8800
L-FT110874	3800
L-FT111014	1400
L-Y211817	1400
L-FT13849	1150
L-FT206953	1050
L-FT206479	600
L-FT207612	350
L-FT57389	6400
L-Y254445	650
L-FT56721	4800
L-FT57352	3500
L-MF60551	2900
L-FT20159	8100
L-FT18920	4500
L-FT18894	2100
L-FT18761	1150
L-FT372470	700
L-FT19262	1150
L-Y221673	1000
L-Y16208	11200
L-Y16366	9100
L-Y16187	4600
L-FT168806	4600
L-Y433919	950
L-Y16368	3800
L-Y280752	3500
L-Y16384	3000
L-PH438	2700
L-PH2079	2600
L-Y49809	2300
L-Y134838	1550
L-Y136215	1400
L-Y49557	2100
L-BY13002	1650
L-Y50861	1450
L-FTA67721	950
L-Y46103	2300
L-CTS893	2200
L-FTA40076	2200
L-FTA38936	1250
L-FTG81365	1900
L-Y630368	650
L-Y51333	2200
L-PH3523	2200
L-Y55933	1500
L-Y42324	1450
L-Y46439	700
L-Y369003	550
L-Y18413	2700
L-Y18891	2500
L-FTD19815	1200
L-FTD20053	425
L-FT52472	2500
L-FT55011	2100
L-Y261904	2000
L-FTA63283	200
L-Y233243	1800
L-FTA62431	2000
L-BY38148	1450
L-Y136299	1250
L-FTA65654	1900
L-FTA68227	1900
L-FTA69531	500
L-Y465661	200
L-Y234050	2100
L-FTC22932	1000
L-Y255873	550
L-Y209414	650
L-FTC75893	200
L-Y209864	350
L-Y48285	2100
L-Y56756	1950
L-FTA61058	2000
L-FTA60128	1450
L-Y268393	500
L-Y18889	1300
L-Y53478	225
L-BY114146	800
L-FTB58655	2000
L-FTF52982	2000
L-Y580736	125
L-Y94154	1000
L-FTB57745	475
L-Y99547	125
L-M2481	16700
L-Z8049	14600
L-FT406203	1800
L-M27	8100
L-Y31961	8100
L-Y31214	7500
L-Y304260	200
L-Y75708	7400
L-Y169295	1750
L-Y169433	1450
L-Y31213	5000
L-Y31956	5000
L-SK1438	5000
L-Y280685	250
L-Y299901	125
L-FGC63322	5000
L-SK1437	1150
L-FT318226	1150
L-FT295010	1150
L-FT318194	950
L-FT296989	400
L-Y66935	3700
L-Y61982	2600
L-Y155741	1350
L-Y155833	1150
L-Y155751	700
L-Y63243	1050
L-FT407595	1050
L-Y79265	850
L-BY159873	750
L-YP3658	750
L-BY159148	425
L-FT404299	600
L-FT404301	425
L-Y225619	550
L-Y225620	500
L-FT406098	425
L-FT67088	425
L-FT405152	375
L-MF22372	50
L-Z20387	7300
L-BY12397	6700
L-Y97491	6200
L-S24579	2100
L-FT115438	900
L-FT116100	125
L-Y86418	6200
L-BY115804	3500
L-Y254596	2700
L-Y254705	1950
L-Y81607	4300
L-Y485800	3100
L-Y133510	4900
L-Y517910	275
L-Y133442	3600
L-BY12371	3200
L-Y644787	3200
L-FT321609	3200
L-Y317445	2400
L-Y22610	500
L-BY12410	1850
L-Y125881	225
L-Y133441	1850
L-L1320	6100
L-Z5924	5100
L-MF30112	2600
L-Z5925	3900
L-Z20478	3200
L-Z34391	3100
L-Y671471	3100
L-FT329127	2400
L-Y368319	2200
L-Y665750	350
L-FTD15060	950
L-Y589051	550
L-SK1426	4500
L-Y445620	4500
L-FTE20286	3300
L-Z20497	4500
L-Y56455	4500
L-Y218873	500
L-Y45400	3200
L-BY184742	3000
L-BY184732	750
L-Y57808	2600
L-BY79946	2600
L-Y45571	650
L-Z5926	4200
L-Y86342	1200
L-Y97612	750
L-BY199744	500
L-Y102275	500
L-Z20519	3500
L-Y104145	3500
L-Y623736	350
L-M3904	3200
L-Y322717	1100
L-F24281	2700
L-F19738	1950
L-Y46609	2600
L-Z5928	3700
L-Y172936	3100
L-Y172938	2500
L-Y173283	50
L-Z5929	3600
L-M11801	3600
L-Z20523	3400
L-Y34006	2600
L-Z5930	4200
L-F23567	4200
L-Y34025	3500
L-F24480	3100
L-Y34020	3400
L-FT71856	2800
L-FT71825	1550
L-FT71772	1100
L-Y34019	3300
L-Y34014	300
L-Y28525	4000
L-SK1428	3300
L-FTC83914	1100
L-PH2960	3300
L-FT291940	3000
L-F2686	2800
L-FT176196	2800
L-Y145894	2300
L-Y260271	2100
L-Y260259	50
L-Y17158	4200
L-SK1433	4100
L-Y24982	3000
L-Z6258	750
L-Y35079	4100
L-Y28521	4100
L-FTA9535	1650
L-MF68713	1650
L-Y31217	3300
L-Y254039	2300
L-Y99099	3100
L-Y81303	2400
L-Y82753	425
L-Y34005	3000
L-Y64306	2800
L-Y61374	600
L-Y79472	50
L-Z5931	4200
L-YP5671	2800
L-Y50037	4200
L-Y15955	700
L-FTG94394	3200
L-Y641474	550
L-Z5932	3700
L-FT312785	3100
L-Y242960	2800
L-Z5933	3700
L-Z5934	3700
L-Z20528	3700
L-Y571410	950
L-Z5936	3500
L-Y320554	3200
L-Z20539	3500
L-Z5937	3500
L-Z5938	0
L-Z34416	3200
L-FT327946	2100
L-F17441	3000
L-Y322188	1200
L-FT303507	3000
L-Y242391	2800
L-Z42497	3400
L-FTA92447	1150
L-FTA93098	1000
L-Y291671	3000
L-Y291670	1550
L-FTB1273	850
L-FTD26918	200
L-Y182588	2900
L-Y37147	2900
L-Y146314	175
L-Y182587	2900
L-Y478330	275
L-BY59443	2300
L-BY109872	1700
L-BY91564	1550
L-FT55666	100
L-FT283099	1300
L-FT281002	650
L-FT284388	650
L-FT285126	500
L-Y37146	800
L-FTA64963	800
L-FTA62737	700
L-Y212547	700
L-BY38156	650
L-BY50028	450
L-Y88272	650
L-M2533	16600
L-Y215410	8200
L-FTD15368	4300
L-Y215440	7900
L-Y215411	1200
L-FTA66617	650
L-Y518350	1000
L-FTF83759	425
L-FTB93504	1000
L-Y245512	700
L-Y519243	950
L-FTH85133	275
L-L1307	7700
L-BY198125	5600
L-FTD26647	4900
L-FT350	5600
L-Y546854	5600
L-BY198348	5600
L-Y266623	7000
L-Y640853	900
L-Y46452	7000
L-Y266345	1950
L-Y53750	5500
L-Y457845	2600
L-Y458474	1200
L-FTA96776	5500
L-Y45633	850
L-Z15993	150
L-Y495022	3000
L-Y576644	950
L-M2398	7700
L-M2519	7100
L-Y4913	5500
L-Y106579	50
L-M2647	7100
L-Y162027	300
L-M2385	3600
L-Y62624	3300
L-Y60350	3200
L-C137090	2900
L-Y79295	50
L-FT386769	50
L-Y33989	1600
L-BY46679	1600
L-Y450478	1600
L-Y557393	1500
L-FGC93944	1300
L-FGC93956	850
L-Y91197	125
L-Y244455	850
L-FTA31046	800
L-FTA31729	650
L-Y12415	7700
L-SK1463	1450
L-Y29730	6400
L-Y369941	1600
L-Y639057	275
L-FTG57438	650
L-Y29731	3100
L-Y100413	600
L-Y81193	300
L-A23354	2900
L-FT347679	2700
L-Y127424	950
L-Z20267	7300
L-FT320861	6900
L-Z34466	5100
L-Y510298	3500
L-Y509808	600
L-FT290948	6600
L-Y351549	50
L-FT289204	6100
L-FT322205	5900
L-FTB1539	3800
L-FTB549	550
L-Z5920	7000
L-Y452518	1950
L-Y452598	1950
L-Y548086	1500
L-Y548070	950
L-Y105730	7000
L-Y322902	4700
L-Y81306	2800
L-Y369146	500
L-Y83236	125
L-Z5921	3400
L-FT303479	2500
L-Y35083	3200
L-M5513	2100
L-Y106928	3200
L-Y67533	3400
L-Y67946	300
L-Y235801	50
L-Y12419	6300
L-Y31218	5800
L-Y32087	5100
L-Y91115	2600
L-Y182445	3500
L-Y650173	1000
L-Y17950	2500
L-Y17962	1800
L-Z35579	1300
L-Y586061	125
L-Y17956	100
L-Y50676	50
L-Y31220	750
L-FTC75690	100
L-Y32139	600
L-Y36278	50
L-Y33165	600
L-BY97307	200
L-FT154130	600
L-BY202615	300
L-Y32722	100
L-FGC40778	2200
L-FGC40763	800
L-FGC40764	600
L-FGC40767	200
L-FT185709	700
L-FT185313	425
L-FT204036	200
L-FT384464	125
L-Y63672	2100
L-Y61970	1850
L-FT282790	1200
L-Y63043	1650
L-Y66331	1400
L-BY184086	1250
L-Y237499	500
L-Y237427	100
L-Y183136	1150
L-Y649948	650
L-FT179866	100
L-FT202352	600
L-BY18981	600
L-Y183297	350
L-Y183193	200
L-Y6288	7200
L-Y28524	6500
L-Y60258	475
L-Y68773	325
L-Y75071	125
L-Y6259	6700
L-Y111660	950
L-Y88422	6700
L-Y86011	0
L-Y6284	6700
L-Y164007	475
L-FTA46629	125
L-Y11220	3300
L-L1305	200
L-Y539437	300
L-FGC57798	275
L-PH3804	2900
L-Y261585	2200
L-Y267882	225
L-Y47602	900
L-FT102416	225
L-Y51557	125
L-Y6266	1200
L-Y182366	900
L-FTA78594	275
L-FGC23590	650
L-FTH63337	200
L-BY158212	300
L-FT175927	275
L-FT174406	200
L-FT214044	425
L-Y63310	100
L-Y76917	475
L-FT172091	350
L-Y72840	275
L-Y6258	1200
L-Y571539	50
L-Y102843	900
L-Y145614	600
L-Y145612	550
L-Y228361	850
L-FT417918	700
L-FT418935	425
L-Y96141	600
L-FT54389	350
L-Y377980	225
L-Y339426	100
L-Y377981	100
L-Y89049	350
L-FT159905	350
L-FT139312	900
L-FTA44397	425
L-Y191199	700
L-FT355246	500
L-BY108456	500
L-FT355442	350
L-Y180332	550
L-FTC22523	125
L-Y179641	275
L-Y45637	500
L-FTA17359	200
L-Y228102	425
L-FT234818	450
L-FTB53413	350
L-FT234476	400
L-Y6257	1100
L-Y86395	800
L-Y155372	375
L-Y261729	550
L-Y207273	275
L-FT74001	750
L-FT140789	750
L-Y180306	600
L-Y112660	800
L-Y102508	550
L-Y6268	1100
L-Y199269	350
L-FTD29055	50
L-Y140281	800
L-FT407357	275
L-Y6268a	850
L-Y19629	700
L-Y38466	550
L-FT95777	550
L-Y183897	275
L-Y24497	700
L-Y365001	550
L-Y24629	400
L-Y66661	275
L-Y175053	600
L-FTA33778	475
L-FTA28806	425
L-BY116161	350
L-FTF61254	350
L-FTF72015	350
L-Y290710	200
L-Y40101	600
L-Y239808	275
L-FTA76784	50
L-FT147844	400
L-FT190048	450
L-FT190540	450
L-Y300759	450
L-FTB35057	450
L-Y213919	275
L-BY82355	600
L-FTB78333	400
L-Y312012	275
L-Y40911	450
L-FT83971	400
L-Y268332	200
T	26900
T-PH196	8800
T-Y215807	800
T-L206	19300
T-Y91161	9500
T-M4538	800
T-Y429171	200
T-M70	16500
T-Y11151	15900
T-FGC37316	11800
T-Y11675	1200
T-FTB19275	350
T-FGC37365	600
T-FT63512	500
T-FTD56879	275
T-FGC37381	550
T-FGC37329	425
T-Y8614	10700
T-L1255	475
T-Y12481	50
T-Y8694	475
T-FGC31821	50
T-Y65	475
T-L1254	350
T-Y621062	350
T-Y12871	10700
T-Y14629	8800
T-Y19768	7700
T-Y180921	4400
T-Y126442	500
T-FT140631	3400
T-Y436851	2800
T-Y529889	1800
T-Y181392	1000
T-Y19986	4600
T-Y19767	3900
T-Y19771	2600
T-Y194758	2500
T-YMA848	850
T-YMA831	800
T-Y19769	550
T-Y67390	50
T-Y58033	300
T-BY87237	125
T-YP645	275
T-FGC74548	50
T-Y13280	8500
T-Y231378	5200
T-Y277479	2500
T-Y279521	2400
T-Y376426	1200
T-Y231374	3500
T-Y231412	2800
T-Y557548	550
T-FTC71944	350
T-Y519810	8500
T-FGC41074	8300
T-Y44858	7400
T-Y45701	2700
T-Y520014	2700
T-BY31800	900
T-Y52225	350
T-Y628489	900
T-Y221201	1450
T-Y221212	700
T-Y221458	550
T-Y290759	550
T-Y221264	300
T-Y221747	200
T-Y13698	7100
T-Y332409	5000
T-Y13718	6500
T-Y13293	5100
T-Y13290	3400
T-Y171189	1450
T-Y13279	500
T-Y44967	3900
T-Y45485	150
T-Y361061	250
T-Y19169	5200
T-Y139975	2600
T-Y147358	950
T-Y583922	50
T-Y19167	3700
T-Y429210	1450
T-Y429541	950
T-Y132394	2400
T-Y132386	2400
T-FT19784	650
T-Y132402	950
T-Y132390	50
T-Y19178	3000
T-FGC41066	2700
T-FGC41116	800
T-Y19174	700
T-FGC41138	550
T-FGC41144	425
T-FGC41102	200
T-FTC56661	425
T-Y471478	15700
T-L131	11000
T-Y13244	9900
T-Y47963	5900
T-Y158141	2600
T-Y247199	650
T-Y247454	50
T-BY11516	4400
T-BY28269	4000
T-BY91324	4000
T-BY139712	2700
T-FTB51903	2000
T-Y570353	2000
T-FTF76711	1400
T-FTF79247	1200
T-FTF78294	850
T-P322	6900
T-FTA62484	4000
T-Y62903	3100
T-Y61682	2200
T-Y13243	750
T-Y516977	650
T-Y13257	600
T-BY54150	500
T-Y198080	500
T-Y66391	275
T-Y13263	500
T-Y53561	350
T-Y424672	475
T-Y49202	125
T-BY143516	275
T-Y424673	125
T-Y6033	8000
T-Y211139	3400
T-Z19917	8000
T-CTS933	7700
T-Y144124	50
T-CTS10803	7700
T-FGC47678	3500
T-FGC47656	2300
T-Y206597	1250
T-Y144958	3700
T-Y166987	75
T-BY45377	3500
T-Y194474	600
T-Y194548	450
T-FTC28267	200
T-Y546090	3500
T-FTC15458	3300
T-Y342958	3200
T-Y607004	125
T-Y85591	3400
T-Y597301	2600
T-Y638426	50
T-BY60850	3400
T-Y144956	2900
T-Y144952	325
T-Z19890	7700
T-Y59063	5300
T-CTS3767	5500
T-Y499865	500
T-CTS12204	4400
T-Y480009	375
T-CTS10538	4400
T-CTS8489	3400
T-Y26649	3300
T-CTS9984	3000
T-Y17493	375
T-Z19945	3000
T-BY102788	3000
T-FT126839	3000
T-FT158856	2000
T-Y345052	2000
T-FT159436	550
T-Y310787	350
T-BY143483	2700
T-SK1480	2700
T-Y349970	50
T-CTS1848	3000
T-FTA50528	2700
T-Z19952	2900
T-Y61337	1000
T-Y222313	425
T-FT157116	200
T-S27463	3800
T-Y174326	950
T-FTA51965	950
T-Y196626	275
T-Y21210	3500
T-FTB28475	2700
T-FT39851	3500
T-FT237038	3500
T-FT38157	3500
T-FT44285	3500
T-Y21215	3200
T-BY143633	3200
T-Y598646	2100
T-FTD73651	1150
T-FTF40437	1000
T-Y641354	1150
T-FTF57469	800
T-FGC23008	4500
T-Y81365	1100
T-Y7381	1250
T-Y7381a	1100
T-Y38682	425
T-Y7438	1000
T-Y30414	275
T-FGC46969	800
T-Y144483	375
T-BY182201	250
T-Y144495	175
T-FGC46975	750
T-FGC48260	350
T-Y103684	600
T-FGC46972	475
T-FGC46977	350
T-FGC47830	325
T-Y224149	50
T-FGC47831	300
T-Y11077	475
T-FTB96242	125
T-Y365940	50
T-FT112552	100
T-Y273644	250
T-FT235443	100
T-Y273645	50
T-FGC29142	275
T-FT356940	125
T-FGCLR1137	125
T-BY127374	125
T-Y268891	50
T-Y21012	425
T-BY76140	400
T-MF21634	125
T-FTA34182	275
T-FTA28887	50
T-Y7393	1000
T-Y23281	200
T-Y51598	50
T-Y42186	500
T-FT381871	800
T-FT410225	300
T-Y144320	275
T-Y218852	200
T-Y7468	1000
T-Y55692	125
T-Y225155	400
T-Y225193	200
T-Y365892	275
T-Y7430	1000
T-FT30046	900
T-Y253437	225
T-Y155736	100
T-Y586348	1000
T-FGC48112	325
T-Y23285	50
T-Y62817	500
T-Y61544	50
T-FGC38561	1000
T-Y72511	650
T-BY72009	350
T-Y7389	325
T-FT135929	325
T-FT137889	100
T-FGC31161	800
T-Y41288	50
T-FTF73267	250
T-Y224958	500
T-Y51406	100
T-FGC47123	800
T-Y178278	550
T-FGC47117	125
T-Y45304	325
T-FTD46221	125
T-Y57666	250
T-FTC45937	50
T-Y49134	125
T-Y9326	500
T-FGC31155	125
T-Y39378	400
T-Y39515	275
T-Y38531	425
T-Y211518	275
T-FGC47100	425
T-FGC94034	125
T-FTA94850	50
T-Y100688	275
T-FT36044	425
T-Y161762	425
T-BY191003	200
T-L162	12000
T-Y63197	8700
T-Y61834	4200
T-Y152024	4200
T-Y165086	2700
T-Y645087	50
T-FTA74003	200
T-FT346399	50
T-L208	8300
T-CTS2607	8300
T-Y16897	6900
T-Y45591	2900
T-BY182320	2300
T-Y218135	550
T-BY181210	1550
T-BY181260	750
T-Y158712	300
T-Y414957	1450
T-Y446082	650
T-FGC92488	850
T-Y207231	850
T-Y358215	275
T-FTE76991	750
T-FTG90685	550
T-Y186979	550
T-Z19971	6500
T-Y72350	4400
T-Y18956	6300
T-Y21221	6300
T-Y10641	5200
T-BY189736	4700
T-Y162858	700
T-FGC40306	200
T-Y192456	2400
T-Y192661	1000
T-FT136013	5000
T-FT303034	4300
T-Y181724	5000
T-FT137179	3900
T-FT405821	1350
T-Y181524	1150
T-FT138070	1150
T-Y181410	425
T-Y31502	4700
T-Y31505	4400
T-Y31506	1550
T-Y364302	50
T-Y31500	1300
T-Y87615	650
T-Y58749	1150
T-Y46576	600
T-Y28685	2700
T-Y28692	1050
T-Y62278	600
T-Y34308	1050
T-FTF33826	350
T-Y250760	350
T-Y250810	350
T-Y65681	1050
T-Y97102	750
T-BY28295	750
T-BY28564	750
T-BY144542	200
T-Y295939	200
T-FTC43481	1500
T-Y424599	1300
T-FTC43444	1000
T-Y552327	125
T-BY202386	800
T-FTC43316	425
T-FTD92878	350
T-BY203423	700
T-BY202811	425
T-FTE9811	50
T-CTS11451	8300
T-Y6671	7900
T-Y22559	7900
T-F20078	4400
T-Y269895	500
T-Y138678	5000
T-FT234642	7300
T-BY32658	1400
T-Y217280	1300
T-Y29980	4300
T-Y236735	3800
T-Y236863	2700
T-Y29989	1650
T-BY30176	1650
T-Y29981	900
T-Y84618	1300
T-FTB7090	650
T-Y111702	750
T-Y83140	225
T-Y12643	7500
T-Y13384	7400
T-Y46882	5500
T-Y48072	5100
T-Y47304	2200
T-Y12641	5200
T-Y650332	125
T-BY134176	3300
T-YMA1269	1550
T-BY52020	3000
T-Y280525	50
T-Y38599	350
T-Y15291	4400
T-Y15122	375
T-BY224091	375
T-FTB11362	50
T-FT379985	375
T-PF7443	7500
T-Y28684	7500
T-Y31477	2800
T-Y31540	2800
T-Y31497	2800
T-Y31478	225
T-Y85153	2600
T-Y37396	6600
T-Y37311	4600
T-Y37800	3500
T-PF7444	3100
T-Y329910	3100
T-FT159456	2600
T-Y413302	1600
T-Y487874	150
T-FT7268	3100
T-FT85397	3000
T-BY28296	3000
T-BY50677	2700
T-Y284718	2500
T-Y37796	3000
T-Y142367	1300
T-Y4119	8300
T-Y45771	4900
T-Y48846	2200
T-Y16244	7300
T-BY28353	6800
T-Y266563	6100
T-Y438206	5800
T-FTD81020	5800
T-Y436956	1250
T-FTD79996	600
T-Y550212	2400
T-Y550215	100
T-Y18472	7300
T-Y18474	5100
T-Y38992	2900
T-Y38446	250
T-FT237257	125
T-Y42308	225
T-Y19200	2800
T-Y545404	950
T-Y14121	1700
T-Y19204	950
T-A17400	275
T-Y19201	900
T-Y23856	375
T-Y45975	850
T-FGC10543	250
T-Y52045	550
T-FGC40914	200
T-FTB27147	200
T-Y154209	500
T-FT6000	200
T-FT4788	50
T-Y154228	400
T-FTA42941	225
T-Y154165	50
T-FT406	400
T-FTD76111	275
T-FTF3384	100
T-CTS2214	8300
T-Y60378	5500
T-BY31171	6300
T-FT131048	2700
T-Y44882	3100
T-BY31173	425
T-Y15127	8300
T-Y15712	7800
T-Y261958	4500
T-A21015	3100
T-Y329526	700
T-A33790	500
T-Y15711	4400
T-Y15709	550
T-S9501	50
T-Y37318	325
T-Y49669	325
T-Y44789	50
T-Y19367	3800
T-Y223124	3200
T-Y313570	2200
T-BY28599	2800
T-Y200674	500
T-Y70314	750
T-FGC40968	3800
T-FGC84467	950
T-FT209510	800
T-Y19192	3800
T-A31978	2200
T-Y394412	1400
T-Y329379	150
T-Y19196	600
T-Y34378	125
T-Y19372	500
T-Y22258	225
T-Y19370	325
T-Y3781	8300
T-Y318423	8200
T-Y318393	1350
T-Y318412	350
T-Y60405	5900
T-Y21017	5500
T-FGC65011	4600
T-Y60900	50
T-Y91924	850
T-FTD5140	325
T-FTD5045	125
T-Y100349	600
T-FGC65023	275
T-FT389453	125
T-Y144067	450
T-FT249235	150
T-Y503380	50
T-Y213960	325
T-FT360981	275
T-FT359248	275
T-FT460079	225
T-Y54695	100
T-BY227119	450
T-FT274236	125
T-FT216318	450
T-FT218613	200
T-FTA87373	100
T-Y3858	7700
T-Y3782	4300
T-Y3827	3400
T-Y3836	2900
T-Y597272	2800
T-Y3833	1750
T-Y299266	1600
T-Y3847	1450
T-Y197375	1400
T-MF250951	1400
T-Y96742	300
T-BY101637	3100
T-BY124235	2000
T-FT199759	2000
T-FT199286	2000
T-Y525129	50
T-Y9102	5300
T-Y16247	5300
T-Y46088	600
T-Y153280	600
T-Y58402	50
T-BY31225	4300
T-Y130586	1050
T-BY31185	4300
T-Y144744	700
T-Y47075	700
T-Y144762	300
T-Y144262	1350
T-Y144281	1100
T-Y144275	650
T-Y263436	950
T-Y264386	275
T-Y628356	275
T-Y319005	50
T-Y9104	3700
T-FTC38337	150
T-Y10898	2300
T-Y51779	1350
T-Y52508	1200
T-Y263271	950
T-FTA23407	800
T-Y263773	375
T-FTC27641	275
T-FTA26154	275
T-FTC29055	50
T-Y19395	2300
T-FGC40367	2300
T-FGC40371	350
T-Y104855	125
T-FGC40391	250
T-FTE91803	50
T-FGC40380	150
T-FGC40433	125
T-FGC40428	50
T-FGC40517	2300
T-Y19161	1100
T-FGC40524	150
T-FGC40546	400
T-Y192165	50
T-BY28426	400
T-FT163454	50
T-FGC40552	50
T-FTH39198	400
T-FGC62335	400
T-Y16241	2100
T-FT257177	1000
T-Y433105	125
T-Y32913	1100
T-BY174264	1050
T-FTC88148	600
T-BY223012	600
T-Y98040	550
T-Y169349	150
T-Y16281	2100
T-Y16279	1900
T-Y32915	375
T-FT145294	950
T-FTC42523	600
T-FTC44357	275
T-Y313079	750
T-Y312968	750
T-Y313006	125
T-Y16243	1900
T-Y16240	950
T-Y201838	900
T-Y42782	425
T-Y43462	200
T-Y46481	400
T-FTD36419	125
T-Y424690	50
T-Z709	7800
T-FT159150	7800
T-Y3669	6800
T-MF136843	2500
T-Y79493	7500
T-Y70387	3600
T-Y262609	3400
T-Y145490	6100
T-Y258307	2900
T-Y9109	7100
T-Y18004	6400
T-Y18003	550
T-Y18008	225
T-Y40449	50
T-Y72530	4800
T-Y67872	4200
T-Y287086	850
T-Y60875	1250
T-Y223127	450
T-Y223157	125
T-Y43070	7100
T-Y125267	2700
T-Y287222	1650
T-FT438663	2600
T-Y125274	1950
T-Y125283	1350
T-FTF23033	450
T-MF3840	750
T-Y142388	225
T-Y39854	6300
T-Y64960	4400
T-Y41227	4300
T-Y265204	1700
T-Y40416	4200
T-Y416312	550
T-Y38771	550
T-FT267032	350
T-CTS7703	7400
T-Z20015	6800
T-PF7469	6800
T-Y37320	800
T-Y644526	800
T-Y128153	6800
T-FGC63786	4100
T-FGC63817	3400
T-FGC63797	2500
T-Y128169	1250
T-Z710	6300
T-Y6421	5400
T-Y6418	5100
T-FT52886	850
T-FT52097	750
T-FT54192	275
T-Y6409	1450
T-Y6412	350
T-Y14426	300
T-Y8699	175
T-L906	6100
T-FT376050	6100
T-FT162408	5200
T-Y185848	2500
T-FT162669	500
T-Y20700	5500
T-Y20701	3100
T-Y20698	700
T-Y50079	50
T-Y68853	700
T-Y156086	4100
T-FTC879	1350
T-Y156149	4100
T-Y156094	2400
T-BY96223	1350
T-Y156135	1300
T-Y156136	1300
T-Y4984	5700
T-FGC79705	5100
T-FT433638	4800
T-Y63308	2500
T-FGC79714	2400
T-FGC79673	2400
T-FGC79709	0
T-Y60892	1650
T-P77	5200
T-FTD36100	3100
T-L907	4700
T-B251	950
T-A4859	800
T-Y4964	4500
T-Y29990	3200
T-BY153620	3200
T-Y364029	1050
T-BY28573	3200
T-BY30157	3200
T-Y29992	3000
T-Y86494	750
T-Y4956	4500
T-Y40346	200
T-CTS6507	4200
T-Y106183	3300
T-Y85091	250
T-Y144101	2700
T-Y144051	650
T-Y46771	4100
T-BY61072	3400
T-ACT5657	3400
T-ACT5672	750
T-BY53481	2000
T-BY28589	4100
T-Y54891	2400
T-Y229528	600
T-Y229670	125
T-Y549079	3600
T-Y573712	100
T-CTS6280	3500
T-Y62651	800
T-Y305229	600
T-Y56250	3200
T-Y50406	400
T-YP5441	3500
T-Y24665	0
T-FT92370	3500
T-M9513	3400
T-Y32895	1500
T-CTS2115	400
T-BY5979	850
T-Y33032	2900
T-Y32893	400
T-Y81713	125
T-Y33033	125
T-Y632959	4200
T-FGC80981	4000
T-Y31474	3400
T-Y110311	3200
T-Y31473	2500
T-Y5966	900
T-Y91965	1350
T-Y105938	1250
T-Y85388	900
T-Y95703	450
T-A12224	4000
T-FTG46233	2100
T-Y21326	3400
T-Y21004	1500
T-Y40971	800
T-Y39264	275
T-FT4925	1800
T-Y357448	1200
T-Y451452	950
T-FT136785	1050
T-FT137917	50
T-FT293818	650
T-FT293271	500
T-Y22256	3900
T-BY169017	3400
T-Y70458	175
T-Y161528	375
T-FTF7277	125
T-Y161554	50
T-FGC48923	1700
T-FGC48951	950
T-FGC48971	950
T-Y145968	150
T-Y48882	600
T-Y413279	275
T-Y47434	350
T-Y7794	3100
T-Y16021	650
T-FT36979	1400
T-FTA65357	1300
T-FTB17745	3100
T-Y47032	600
T-FT402160	200
T-Y39640	3100
T-FTA69444	3100
T-Y39052	550
T-FGC30201	3100
T-PF4074	3100
T-Y72399	3100
T-FGC30190	1200
T-FGC30198	800
T-BY142123	425
T-FGC30203	800
T-BY176733	500
T-FGC30192	500
T-Y11596	3100
T-FTD56453	2800
T-Y638996	950
T-FTA23059	1750
T-FTA22850	250
T-Y50653	1450
T-Y48975	275
T-FT139040	2600
T-Y223915	750
T-BY145622	1450
T-FTB51813	1450
T-Y48600	1100
T-BY31216	800
T-FTD71553	275
T-BY31213	750
T-BY32654	500
T-BY32656	500
T-Y144319	325
T-BY149788	50
T-Y23343	3000
T-FGC75435	2500
T-Y309630	2500
T-Y23860	2800
T-Y196570	300
T-Y23857	475
T-C138359	200
T-BY135087	450
T-FTD56350	450
T-FT189983	125
T-YP3933	275
T-Y4963	4200
T-Y178113	3900
T-HU354	3700
T-FT252559	3600
T-FT264142	2800
T-HU362	3600
T-FT417189	1550
T-Y102466	1800
T-HU344	1800
T-FT64181	650
T-CTS9882	4000
T-Y169564	650
T-CTS6901	3300
T-Z18735	3300
T-FT220944	1650
T-Y273415	2900
T-Y418760	650
T-Y15648	1950
T-FTB88474	1150
T-Y328191	50
T-Y15878	1500
T-FT262267	1500
T-FGC45122	1050
T-Y22257	750
T-FT369377	700
T-BY193347	700
T-Y19381	425
T-FT149505	200
T-FGC40657	125
T-FGC40669	50
T-Y4981	3200
T-Y4960	3200
T-Y16136	2700
T-Y4958	3000
T-Y296577	50
T-BY83409	2200
T-Y304757	200
T-Y5676	2600
T-Y5674	1900
T-FGC4047	1450
T-Y209528	500
T-Y5686	1350
T-Y23280	950
T-FT269535	650
T-FTC82328	125
T-Y5685	1250
T-FT136770	1050
T-Y42386	700
T-FT135295	500
T-FT139947	850
T-FT140892	850
T-FTB17878	50
T-Y28695	1050
T-Y28694	550
T-Y28896	300
T-Y8854	900
T-FGC41837	900
T-FT157433	900
T-FT190738	900
T-Y38314	650
T-BY197303	300
T-BY30224	650
T-Y8853	850
T-Y55044	800
T-Y15130	750
T-FGC4692	550
T-Y15128	550
T-Y15129	425
T-Y64629	550
T-Y64418	550
T-Y8425	750
T-FT149589	200
T-Y81299	125
T-Y65564	700
T-BY152457	650
T-FT119348	600
T-FT118211	600
T-Y60969	275
T-BY84819	275
T-FTB56818	50
T-Y8849	375
T-Y34542	375
T-Y97674	375
T-Y34309	250
T-Y96352	150
T-BY28249	250
T-Y47008	125
T-FT404276	225
T-FT127927	125
T-BY30127	50
T-BY30188	50
K2	45400
K2b	44300
K2b1	44300
M	10800
M-Z31022	10800
M-P87	6600
M-SK1861	5400
M-PAGES00067	50
M-Z30983	10500
M-Y26301	6400
M-Y222775	350
M-M83	350
M-Z33330	10500
M-P51	10500
M-B256	8100
S	44300
S-Y109640	1150
S-B255	43600
S-Y25880	17900
S-SK1806	275
S-Y26122	40800
S-Z42413	38400
S-M230	13700
S-Y26240	13200
S-Z41343	13100
S-Y543658	6700
S-Y543696	1300
P	41500
P-V1651	41500
P-BY49600	0
P-M1254	0
P-P337	0
P-P284	0
P-P226	0
Q	28700
Q-L275	15000
Q-Y1150	5700
Q-FGCLR1977	5600
Q-FTA66872	5100
Q-YP755	5000
Q-BZ20	3100
Q-BZ478	3100
Q-Y233617	3100
Q-Y660883	3100
Q-Y233857	2900
Q-YP754	4300
Q-BZ18	3100
Q-YP3943	4200
Q-Y478758	1650
Q-BZ528	3000
Q-BZ3117	1250
Q-Y209623	700
Q-Z5901	5500
Q-FT310425	4600
Q-Z36070	4000
Q-Y241235	4000
Q-YP502	2100
Q-Y29468	5500
Q-Y203305	3700
Q-YP4500	5000
Q-BZ453	4100
Q-BZ443	3900
Q-BZ440	1200
Q-FTD91953	1200
Q-FTD92834	350
Q-FTG56796	275
Q-Y28557	4500
Q-Y28565	4100
Q-Y28562	3300
Q-FT313736	2500
Q-Y604659	2400
Q-Y606216	2400
Q-FT418087	50
Q-Y34111	1600
Q-BY185054	550
Q-Y34109	1600
Q-F1213	10800
Q-F2235	10800
Q-M378	9300
Q-Y2071	9200
Q-Y2046	6500
Q-Y2250	5500
Q-BZ15	1150
Q-BZ386	950
Q-Y2265	5500
Q-Y29471	4700
Q-Y236196	4400
Q-P306	3500
Q-BZ3149	2900
Q-Y29469	3500
Q-Y84679	2700
Q-Y2244	4500
Q-Y2990	2800
Q-L327	2800
Q-Y2771	2300
Q-Y5185	4500
Q-L301	4500
Q-Y2790	4300
Q-YP4503	2300
Q-L245	4000
Q-BZ3896	3400
Q-BZ3900	2600
Q-BZ3921	2600
Q-BZ3920	2600
Q-FT308630	2300
Q-YP745	4000
Q-Y11199	3100
Q-YP1231	2200
Q-YP1228	1700
Q-BZ255	1700
Q-FT420445	1400
Q-FTA39357	1150
Q-BY52667	1400
Q-BZ246	200
Q-Y86770	850
Q-Y89656	425
Q-Y256756	850
Q-BZ290	3300
Q-PH1157	1800
Q-Y220325	1500
Q-BZ278	3100
Q-Y336285	125
Q-Y87218	2100
Q-Y87855	1350
Q-FT411681	1350
Q-FT392937	700
Q-Y294216	450
Q-BZ281	2400
Q-Y82211	1850
Q-BZ298	2400
Q-Y134892	475
Q-Y223581	2200
Q-BZ10	1300
Q-BZ3074	425
Q-BZ12	500
Q-Y224318	275
Q-FTB17058	200
Q-YP1095	4000
Q-FTB2016	375
Q-V2705	800
Q-Y132609	1050
Q-BZ9	700
Q-BZ8	50
Q-CTS12486	125
Q-YP1096	4000
Q-YP4588	3300
Q-YP4584	1500
Q-BZ4	400
Q-Y11319	1100
Q-Y305061	650
Q-Y53625	200
Q-YP1240	4000
Q-Y18593	50
Q-YP1236	2500
Q-Y12188	1200
Q-BZ3048	800
Q-Y502423	800
Q-FGC1947	3700
Q-BZ321	3400
Q-Y332122	3100
Q-BZ310	2200
Q-BZ305	1600
Q-BZ306	1350
Q-BZ3057	1150
Q-BZ324	900
Q-Y2998	3400
Q-BY66900	3400
Q-Y350010	3400
Q-Y597055	50
Q-ZS7712	2300
Q-Y654383	1750
Q-Y2209	3400
Q-BZ1	3400
Q-FT240978	3400
Q-FGC2020	225
Q-YP730	3000
Q-ACT296	2700
Q-YP740	400
Q-BZ3000	1350
Q-A12482	500
Q-FT42424	950
Q-Y172657	200
Q-Y280928	50
Q-Y2225	2400
Q-FGC10659	2300
Q-Y2200	1750
Q-BZ3992	1350
Q-Y672718	50
Q-Y2232	1450
Q-YP1003	1350
Q-FGC57232	1150
Q-BZ66	950
Q-BZ67	325
Q-FT444139	275
Q-YP1071	1250
Q-YP1035	1000
Q-BY124207	650
Q-YP1036	1000
Q-BZ53	1000
Q-BZ57	1000
Q-YP1010	1000
Q-BZ46	650
Q-YP1009	550
Q-Y2197	1350
Q-Y281863	500
Q-Y2198	1200
Q-YP1004	750
Q-Y441053	750
Q-Y351900	750
Q-YP3924	450
Q-YP4113	375
Q-BZ566	1150
Q-MF99100	1050
Q-Y279044	850
Q-Y278005	50
Q-Y396090	500
Q-Y2750	800
Q-BZ29	800
Q-FT29835	800
Q-Y3028	700
Q-Y2747	50
Q-Y2780	900
Q-FTD60679	350
Q-FT336987	750
Q-BZ3020	600
Q-FT340368	275
Q-Y68920	450
Q-FGC1898	550
Q-Y2752	200
Q-BZ35	550
Q-L315	50
Q-A18698	900
Q-PH2513	850
Q-BZ37	700
Q-Y274826	425
Q-BZ3989	500
Q-FT160504	375
Q-FTD56830	275
Q-L472	26200
Q-F1096	23800
Q-M25	15700
Q-YP1669	12700
Q-Y294663	3300
Q-L712	13000
Q-F4747	10600
Q-Y16849	6600
Q-FT1952	6600
Q-Y485148	0
Q-F5005	5300
Q-BZ992	2900
Q-BZ1010	700
Q-BZ1026	400
Q-Y195711	700
Q-F5400	4500
Q-Y46247	3000
Q-BZ1030	3900
Q-Y24857	3900
Q-YP832	10800
Q-L715	4700
Q-BZ641	4700
Q-BZ663	2000
Q-BZ640	850
Q-YP844	3800
Q-L713	3800
Q-YP1677	2300
Q-TY90572	375
Q-YP789	1900
Q-BZ351	1000
Q-BZ1000	1600
Q-PRX42	1900
Q-Y570	20500
Q-F746	15800
Q-YP1500	15800
Q-Y222276	9100
Q-Z36017	4900
Q-YP1475	4500
Q-Y166259	3100
Q-M120	8800
Q-Y298679	3100
Q-Y647	6200
Q-FT9308	5000
Q-Y225388	4500
Q-FT6742	3400
Q-FT8983	3300
Q-FT8312	3100
Q-FT9713	3100
Q-Y280718	200
Q-Y301203	2900
Q-TY259827	600
Q-Y301601	50
Q-F1626	4200
Q-MF1647	4200
Q-MF131317	3000
Q-Y320856	50
Q-Y159337	2300
Q-Y159339	2100
Q-Y159387	2100
Q-Y326869	1500
Q-MF32485	2700
Q-Y179115	1050
Q-Y176486	2200
Q-MF33468	1850
Q-Y144860	4200
Q-Y170104	4200
Q-Y177166	3800
Q-Y186054	3000
Q-Y186067	2300
Q-Y560	4100
Q-PH5117	3500
Q-Y314835	50
Q-Y179244	1700
Q-MF204846	1650
Q-Y542	4100
Q-Y558	4100
Q-MF65140	3300
Q-MF1641	3800
Q-MF1643	2800
Q-F1827	3200
Q-F4667	3200
Q-MF2384	3000
Q-Y178331	2100
Q-Y180685	2900
Q-Y181089	1650
Q-Y565	4100
Q-F5088	3400
Q-Y559	3200
Q-Y521	2900
Q-MF73361	2700
Q-Y161675	275
Q-Y562	2600
Q-MF70431	1500
Q-Y555	2200
Q-Y161511	1250
Q-Y529	2100
Q-F5410	2600
Q-MF112052	1550
Q-F4530	2400
Q-F4637	2400
Q-MF30958	1700
Q-Y37165	75
Q-Y171614	2600
Q-Y170985	1700
Q-Y170897	1700
Q-Y170868	1000
Q-Y171281	1000
Q-Y171132	50
Q-Y264445	1700
Q-Y177651	950
Q-Y208725	550
Q-Y211863	175
Q-Y208663	150
Q-Y208798	150
Q-Y208726	50
Q-L56	19900
Q-Y2659	18900
Q-Z5902	16200
Q-Y325578	5600
Q-BY64215	4100
Q-FTA17963	2700
Q-FTA20324	1950
Q-Y6802	15800
Q-Y45075	7700
Q-Y47471	7700
Q-Y45524	2300
Q-Y6826	15800
Q-Y147687	13300
Q-FT380500	4600
Q-Y147574	9300
Q-FT239288	6700
Q-Y233889	6600
Q-Y6850	15800
Q-Y6798	12700
Q-Y61100	3400
Q-Y6794	8600
Q-YP1600	8600
Q-L717	5000
Q-Y213750	3600
Q-SK1940	1800
Q-FT294558	950
Q-FTA17268	650
Q-FTA20886	500
Q-Y228713	3100
Q-Y228712	1050
Q-MF233929	850
Q-FTB51837	1050
Q-FT270723	1050
Q-FT155257	850
Q-Y420728	850
Q-Y421618	650
Q-FTD57296	650
Q-Y652429	350
Q-Y2700	18400
Q-L940	16500
Q-L932	16500
Q-BZ1024	13000
Q-Y48703	4700
Q-Y125497	3100
Q-BZ1370	4700
Q-Y207417	425
Q-FT112504	3800
Q-FT115463	1300
Q-FTF7662	350
Q-FT191534	3800
Q-Z38085	550
Q-F2019	16500
Q-L933	8000
Q-F1893	5900
Q-BZ4911	5500
Q-BZ4820	4400
Q-Y198894	4400
Q-BY133461	375
Q-FT411052	100
Q-Y100959	5500
Q-Y81623	2900
Q-Y494079	1500
Q-BZ4094	2800
Q-BZ1466	6400
Q-Y191574	6400
Q-BZ4503	4400
Q-Y450477	4400
Q-BZ4522	4200
Q-Y38028	3000
Q-Y37884	850
Q-L939	6400
Q-FT71481	5800
Q-FT121524	5400
Q-BZ1499	5400
Q-BY106206	950
Q-Y113074	1750
Q-BZ1517	5400
Q-BZ1487	1450
Q-BZ1461	500
Q-Y102534	3800
Q-Y81205	2500
Q-Y625841	550
Q-Y360935	350
Q-Y618499	550
Q-FTC46111	300
Q-Y2679	15600
Q-L527	3100
Q-Y4827	2900
Q-Y15684	2900
Q-Y61913	1550
Q-Y15619	1600
Q-Y15621	700
Q-Y17429	1200
Q-Y17427	800
Q-Y270595	850
Q-FGC7000	2600
Q-Y4813	2400
Q-YP5085	700
Q-Y11649	1950
Q-Y105312	1950
Q-Y47606	1850
Q-FTF2922	50
Q-Y29862	1450
Q-Y42451	600
Q-Y41136	600
Q-Y17593	1400
Q-YP5093	850
Q-Y139420	1100
Q-Y139416	800
Q-Y139413	75
Q-Y4932	2400
Q-Y128216	950
Q-Y4929	550
Q-Y4943	425
Q-Y44561	325
Q-Y4943a	300
Q-FGC6894	50
Q-Y40422	425
Q-Y92541	175
Q-BY86445	150
Q-Y16739	1950
Q-YP4798	1100
Q-YP4801	1050
Q-Y138806	1050
Q-YP6072	1100
Q-Y23820	1100
Q-YP6072a	600
Q-FT65492	1950
Q-FT182562	250
Q-YP4568	1000
Q-BY15842	200
Q-BZ50006	850
Q-Y37446	850
Q-BY54347	1950
Q-Y374417	350
Q-Y132280	1250
Q-FT128286	1150
Q-Y180087	500
Q-Y132298	850
Q-Y132279	500
Q-BY158320	150
Q-L53	17700
Q-YP4010	16700
Q-FTC41264	16700
Q-YP4004	11100
Q-YP3955	7900
Q-BZ2199	6000
Q-FT375375	5000
Q-BZ2210	5500
Q-BZ2222	5000
Q-BZ2211	3000
Q-Y138461	1400
Q-YP4000	3000
Q-Y125584	3000
Q-YP4024	2800
Q-YP4055	2800
Q-BZ5214	2800
Q-BZ5200	850
Q-MF69744	425
Q-Y191186	650
Q-Y573607	850
Q-Y128365	650
Q-Y84199	425
Q-Y96619	375
Q-Y111632	375
Q-YP3952	1000
Q-Y198639	1000
Q-BZ87	850
Q-FTB35526	125
Q-FT240317	550
Q-FT240519	200
Q-FTD12821	350
Q-BZ85	850
Q-FT122142	300
Q-BZ83	600
Q-BZ84	600
Q-FT146146	350
Q-Y151217	425
Q-FT238757	200
Q-BY152740	350
Q-Y571463	350
Q-FT70192	400
Q-FT70306	200
Q-FT70043	50
Q-L54	15400
Q-L330	8000
Q-YP1102	4700
Q-Z35985	2900
Q-Y11236	4000
Q-Y12449	3700
Q-Y12448	600
Q-BZ99	3900
Q-YP1692	2800
Q-YP1691	2200
Q-F23592	2200
Q-F20181	1300
Q-F23300	800
Q-Y166145	1050
Q-YP771	7400
Q-BZ180	6000
Q-BZ181	5100
Q-FT142706	3700
Q-BZ367	3500
Q-BZ375	3300
Q-FT421589	3300
Q-F16045	2300
Q-F23939	2300
Q-F20829	1900
Q-Y235398	1250
Q-Y18330	5200
Q-L332	3600
Q-YP1695	1650
Q-BZ427	950
Q-BZ424	375
Q-BZ3944	950
Q-BZ3950	500
Q-YP4547	3600
Q-FTA37701	3600
Q-Y145452	2700
Q-Y145415	1200
Q-L329	600
Q-YP4549	275
Q-Y75535	275
Q-M1107	15400
Q-Z780	15400
Q-CTS2730	14400
Q-FGC47532	12800
Q-Y32170	8400
Q-Y106296	5300
Q-Y82721	4800
Q-FGC47595	12700
Q-Y166476	12400
Q-BY15718	11200
Q-A1494	4200
Q-Y166446	4600
Q-Y128058	4700
Q-Y166141	3300
Q-Y128700	100
Q-Z781	14400
Q-Y2827	14400
Q-L456	14400
Q-Y2816	13700
Q-L569	5400
Q-Z782	5400
Q-Y26465	4800
Q-BZ1032	4200
Q-CTS4456	4200
Q-Y61029	2000
Q-Y36531	13100
Q-YP910	12200
Q-YP1109	11500
Q-YP1111	10500
Q-BZ2411	6000
Q-YP937	13100
Q-MPB013	13100
Q-FGC12244	11600
Q-YP919	10400
Q-YP921	9100
Q-BZ1021	4200
Q-MF39415	3600
Q-BZ1700	2600
Q-BZ4314	2100
Q-Y59934	1250
Q-FT327053	50
Q-Y166140	275
Q-M930	14800
Q-L804	3200
Q-Y7582	1900
Q-Y38488	1200
Q-Y12445	1300
Q-BZ50007	300
Q-Y15622	1050
Q-Y22489	550
Q-Y22488	200
Q-L807	350
Q-Y18220	225
Q-Y18021	225
Q-Y9295	3200
Q-FT34337	1800
Q-Y9052	3200
Q-Y9294	2700
Q-YP5210	500
Q-Y9048	1950
Q-A14048	850
Q-Y9297	1950
Q-YP4709	750
Q-Y9047	1550
Q-Y10787	1050
Q-Y45428	700
Q-Y15700	1050
Q-JN15	1750
Q-BY66620	425
Q-BY190528	200
Q-Y16137	1650
Q-A13561	1650
Q-YP5097	600
Q-Y67434	500
Q-Y18503	1400
Q-Y29863	1000
Q-Y38666	650
Q-FT374125	650
Q-FT375478	200
Q-Y54903	500
Q-M3	12500
Q-Y4276	12300
Q-L766	12300
Q-Y4303	11500
Q-Y18423	350
Q-Y18426	350
Q-BZ1180	350
Q-BY70601	50
Q-Y4294	11500
Q-Y82626	7300
Q-Y4277	10100
Q-Y4300	6200
Q-Y166377	4800
Q-Y4290	4100
Q-Y6131	250
Q-YP1466	3800
Q-YP1464	3800
Q-Y83494	50
Q-YP1463	2400
Q-BZ2727	200
Q-BZ2744	300
Q-SD4	300
Q-M848	12500
Q-Y592325	12500
Q-MPB016	8000
Q-Y166361	8700
Q-Y27993	12500
Q-Z35841	11800
Q-Z35840	11800
Q-MPB096	12500
Q-MPB074	1050
Q-MPB139	12400
Q-Y22179	1900
Q-Y126607	1550
Q-Y204793	1450
Q-FT274504	1250
Q-Y202441	12200
Q-Y202433	175
Q-Z35597	12500
Q-BY104773	12500
Q-Y126908	12500
Q-Z19357	12300
Q-Z19367	12300
Q-Y780	12300
Q-Y805	0
Q-CTS2731	12000
Q-Y28018	11900
Q-BZ1776	6300
Q-GG169	5500
Q-Y26491	11000
Q-Y26467	275
Q-Z5906	10400
Q-Y165190	10400
Q-CTS4000	2300
Q-Z19528	700
Q-Y166136	500
Q-Z5907	700
Q-B37	0
Q-B38	0
Q-Z19301	12500
Q-FT47320	11100
Q-BZ1037	12500
Q-Z5908	12500
Q-Z5910	12300
Q-Z35921	12200
Q-Z19329	10300
Q-Z5911	10300
Q-Z5912	0
Q-Y165203	0
Q-Z19432	12500
Q-Z5915	12000
Q-Z5916	11900
Q-FGC4458	12500
Q-BZ3401	425
Q-Y165186	6900
Q-FGC47007	6900
Q-MPB122	8400
Q-Y152529	8200
Q-BY100059	2200
Q-Y152503	650
Q-M925	12500
Q-Y12421	6800
Q-BZ1285	5300
Q-FT81458	11800
Q-BZ4012	7900
Q-BZ4035	7900
Q-Y276867	4500
Q-BZ2029	125
Q-YP5753	11700
Q-Y166185	11700
Q-Y26547	275
Q-FT332038	50
Q-CTS748	12500
Q-BY102365	8200
Q-BZ1130	12500
Q-Y55142	6300
Q-Y10781	8900
Q-Y11654	7700
Q-BZ1314	7400
Q-Y53400	450
Q-YP4673	7600
Q-BZ4256	6200
Q-FT3221	3500
Q-BZ50020	7500
Q-BY56651	3500
Q-CTS4255	12500
Q-CTS1002	8900
Q-YP4575	8600
Q-BZ1922	5400
Q-Z770	7200
Q-Z768	6100
Q-MPB165	4000
Q-BZ3718	7200
Q-BZ3706	7200
Q-Y216391	6000
Q-YP4722	6300
Q-CTS839	5700
Q-CTS1461	1500
R	28200
R-Y482	28200
R1	22800
R1a	18200
R-YP4141	12200
R-YP5018	12200
R-YP5049	5800
R-BY165132	5800
R-FTA11514	1350
R-FTA64320	850
R-FTA29723	1350
R-FTA10478	700
R-Y45596	3000
R-Y22242	3000
R-BY25431	2900
R-FT403207	850
R-YP5038	2600
R-Y60282	275
R-YP5664	2400
R-Y47003	2400
R-Y128604	300
R-Y66139	2400
R-Y574767	2200
R-Y79568	2100
R-Y198238	1850
R-Y62718	1250
R-Y207209	550
R-FT257194	700
R-MF67494	350
R-YP4132	6200
R-Y285394	2100
R-YP4161	4800
R-Y627281	850
R-YP6374	3800
R-Y236185	1600
R-YP6362	1850
R-BY30643	1000
R-YP4131	1350
R-FTA59632	1350
R-YP4138	1200
R-BY190800	650
R-FT65168	650
R-CTS11317	650
R-FTB19495	600
R-FTB19518	400
R-FT80840	550
R-FT19882	350
R-FT19517	350
R-Y57249	275
R-FTA85746	300
R-FT382360	100
R-BY234055	750
R-FTB32702	200
R-FT64128	700
R-FTA77532	650
R-FT64235	600
R-FT64268	350
R-Y602944	200
R-Y643439	200
R-FTE794	375
R-FTE701	350
R-YP6500	1200
R-FTD9053	1150
R-Y515433	950
R-BY197969	425
R-FTB43603	425
R-FTB44112	200
R-FTA7312	550
R-FTC99265	550
R-FTC98091	350
R-FTJ52585	50
R-Y515442	950
R-Y337879	50
R-FTC82782	700
R-Y97785	300
R-FT50707	750
R-FT49569	550
R-FT49572	500
R-FTD37827	125
R-Y168233	600
R-Y44910	550
R-Y44781	425
R-FT118969	275
R-FTE14063	50
R-Y160085	200
R-Y549288	50
R-FT25271	225
R-Y168230	50
R-Y51022	125
R-Y503365	175
R-Y172743	50
R-Y126786	425
R-FTA73527	50
R-FTE93380	200
R-MF32062	350
R-FT364561	350
R-Y215145	50
R-M459	15100
R-M735	14000
R-YP1306	12700
R-YP1272	7000
R-Y81296	375
R-BY105614	5400
R-YP1276	4800
R-Y259600	3300
R-Y258200	275
R-Y53588	4800
R-Y45699	375
R-M198	8800
R-YP1051	2900
R-Y8856	2500
R-YP4622	2500
R-Y358257	2900
R-Y438309	950
R-Y477306	800
R-Y151667	2600
R-Y358287	275
R-Y358361	200
R-M417	5400
R-CTS4385	4500
R-FGC9988	850
R-FGC9989	150
R-Y95533	850
R-L664	4000
R-YP5527	3000
R-YP6497	1900
R-S3479	4000
R-S3485	3400
R-S3477	1900
R-YP942	1900
R-YP1131	1400
R-YP1129	600
R-YP1168	375
R-Y322268	1750
R-Z2035	1100
R-S3473	1100
R-Y301194	50
R-YP553	1750
R-YP547	1400
R-YP543	1050
R-YP4468	375
R-YP4467	375
R-YP544	1050
R-YP550	700
R-YP541	450
R-S2857	3000
R-YP943	2300
R-YP5320	1200
R-YP5317	650
R-YP5318	375
R-S2858	2900
R-S2852	2700
R-S2859	700
R-YP621	700
R-YP358	2100
R-FGC19040	1550
R-Y351335	1600
R-YP356	2100
R-YP429	2000
R-YP360	600
R-YP362	300
R-Y44248	50
R-Y71028	225
R-YP6089	300
R-YP430	250
R-YP5504	300
R-Y23256	175
R-Y67888	125
R-YP5006	300
R-S2894	4000
R-S2880	2900
R-Y296887	2900
R-FGC57195	200
R-Y621670	200
R-Y279593	50
R-S2886	1950
R-S2889	1450
R-YP5624	1150
R-YP5628	1050
R-YP5623	1050
R-Y66726	650
R-Y62229	500
R-YP432	2900
R-YP431	1750
R-YP4445	1650
R-YP4444	1450
R-YP6211	600
R-YP5515	1750
R-Y54767	350
R-YP6483	1750
R-YP6479	1150
R-YP6488	750
R-BY26344	425
R-YP6489	325
R-YP287	4000
R-BY94388	4000
R-YP285	2700
R-YP5599	1300
R-YP282	1900
R-YP5460	1300
R-Y126714	1300
R-YP5455	650
R-YP442	1650
R-FT178355	1650
R-FT32467	1650
R-FT32034	1650
R-FT39543	1650
R-YP4103	1650
R-Y34262	1200
R-YP6286	150
R-YP4102	1150
R-YP5461	1150
R-YP441	1900
R-Y102211	1750
R-Y199258	1850
R-BY86958	800
R-BY30530	1350
R-BY30531	300
R-L872	1900
R-Y345101	650
R-Y329565	50
R-Y81602	750
R-Y85196	150
R-YP1015	1900
R-BY154893	1900
R-YP4519	750
R-YP5287	750
R-Y141132	1900
R-FT309216	1900
R-Y272350	1900
R-YP5084	1400
R-Y34265	225
R-Y38820	275
R-Y40995	50
R-FGC41401	1450
R-YP4535	450
R-YP4515	1450
R-YP6042	950
R-Y61586	175
R-YP4123	700
R-Y108377	475
R-YP4244	650
R-YP4243	350
R-YP1014	1900
R-YP1214	1900
R-YP1210	1900
R-Y166621	225
R-YP5190	1900
R-YP5686	1600
R-FT219241	900
R-Y61291	150
R-YP6501	1550
R-Y339561	500
R-BY62687	375
R-BY105633	275
R-Y236080	275
R-Z645	5100
R-Z93	4600
R-BY226207	4600
R-Y217705	1350
R-Y111548	4200
R-Y233278	3600
R-Y233366	3100
R-Y233370	3100
R-Y233374	2900
R-Y235028	2700
R-Y127432	275
R-Y127294	2700
R-Y233860	2500
R-YP5585	4600
R-Y91310	4200
R-Y102195	3500
R-YP5582	4500
R-MF6340	2400
R-YP5578	750
R-Y28816	600
R-YP5905	375
R-BY27595	300
R-YP6373	225
R-FGC82884	3800
R-YP5321	2900
R-BY30941	3800
R-Y147335	1400
R-Y56311	3800
R-Y174827	2500
R-YP1506	3800
R-FGC42858	3200
R-YP1505	2900
R-YP1518	550
R-FT325916	425
R-YP1512	2300
R-Y234951	1250
R-YP1509	1250
R-C151325	650
R-C151255	375
R-Y39884	3600
R-Y195965	3400
R-Y196590	1000
R-Y196702	950
R-Y196735	500
R-Y41571	3300
R-BY58028	3100
R-Y234915	3200
R-Y127326	425
R-Y38802	2700
R-Y178458	2300
R-FT18317	3700
R-YP1451	3700
R-FTB86449	3700
R-FT362674	2900
R-FT92252	3700
R-FT57430	2700
R-Y183389	500
R-BY104501	3700
R-BY103189	1100
R-Y202632	900
R-Y203922	125
R-BY55289	700
R-Y181612	125
R-Y178669	50
R-Y34351	3500
R-BY194935	3400
R-Y236267	1950
R-BY193269	2900
R-FT356518	3100
R-FT356695	2800
R-Y292410	275
R-BY152904	3000
R-BY154923	2700
R-A30219	1800
R-BY192294	1800
R-FTA9990	3000
R-Y256233	1600
R-Y267365	1600
R-Y256174	850
R-BY199972	3500
R-Y286321	800
R-Y307870	1900
R-Y165268	425
R-BY198755	50
R-FT57487	3500
R-FT56754	3100
R-FTB17057	350
R-FT57759	2800
R-Y34287	2600
R-Y34294	1900
R-Y34286	1900
R-FGC45861	3800
R-FTC22689	1950
R-Y186017	3700
R-FT113000	3800
R-Y188077	3800
R-Y187949	500
R-FT118880	50
R-FTC71056	275
R-KMS149	3300
R-Y20793	3300
R-Y20787	3300
R-Y62055	350
R-Y80262	2300
R-FTG934	2200
R-Y152449	750
R-Y152441	650
R-KMS133	2900
R-Y206416	425
R-KMS132	2900
R-BY71591	2900
R-FTB12441	2900
R-FGC45867	2900
R-FTA51762	2900
R-MF93392	2900
R-FGC45868	2300
R-FGC45873	2300
R-BY135534	700
R-FGC45865	700
R-FGC45862	125
R-BY197961	275
R-Y216375	550
R-BY55950	700
R-FT132412	700
R-BY193421	500
R-Y162455	50
R-BY87467	450
R-BY115885	425
R-Y83002	425
R-Y196238	150
R-FT256667	100
R-FTC96347	200
R-FTD3568	200
R-Z94	4600
R-Y40	4300
R-Y87917	2700
R-FT129490	4000
R-FT167456	2700
R-FT361710	4000
R-Y236675	4000
R-FTE14013	2900
R-FTD73938	2800
R-Y665268	50
R-YP294	3700
R-Y48185	3400
R-Z676	3100
R-Z96	3100
R-FT185570	2800
R-FT187090	1400
R-Y188871	50
R-YP4866	2600
R-Y155550	650
R-BY30693	2600
R-Y73968	1100
R-BY90442	2300
R-FT205220	2400
R-Y321398	425
R-Y37	4200
R-Y61616	3000
R-BY170828	1850
R-FT280501	1100
R-Y201972	850
R-FT306053	4200
R-FT59497	3900
R-Y232904	3000
R-Y127404	425
R-Y41	3500
R-Y150771	2800
R-BY153115	2700
R-FTA50762	1700
R-FTG8211	500
R-Y3	4600
R-FT12493	4600
R-SK2040	3700
R-Y255806	2000
R-FT13945	3500
R-FT11488	3300
R-Y2	4100
R-Y337085	650
R-FTB572	50
R-Y27	4100
R-F1417	3100
R-MF10627	3000
R-Y339359	2200
R-Y147630	2300
R-Y148927	1000
R-Y147543	900
R-Y185284	750
R-FT175735	750
R-Y185193	275
R-Y86036	3100
R-BY32033	950
R-FTD24741	750
R-BY32496	175
R-Y82394	200
R-MF233452	200
R-Y88785	100
R-Y151416	350
R-BY167132	350
R-Y182775	150
R-FT72313	150
R-FTH96643	50
R-FT186689	100
R-L657	4100
R-BY101830	2900
R-Y306270	2900
R-M605	4100
R-Y28	4100
R-Y4	4100
R-FT310672	4000
R-Y6	4000
R-Y5	3700
R-Y28659	1700
R-FT313368	1500
R-Y907	3700
R-BY109016	3100
R-M624	2900
R-Y35096	2900
R-FT313350	2900
R-Y229798	2200
R-Y920	3700
R-FT311090	2800
R-FT282312	3100
R-FT281076	800
R-FTF20061	2700
R-Y574584	50
R-Y250759	2000
R-Y334517	1300
R-Y251439	125
R-Y888	1650
R-Y263438	1650
R-Y585504	450
R-BY160158	3000
R-Y200045	3000
R-Y199423	2800
R-Y199200	700
R-Y906	3200
R-Y34258	3000
R-Y883	50
R-Y148366	3400
R-FTC45421	3100
R-Y149047	2700
R-BY181409	2800
R-Y289216	1350
R-FT281004	1450
R-Y34276	3700
R-YP5633	3700
R-C140210	2900
R-Y95621	3400
R-Y81304	750
R-BY113766	1550
R-Y209441	425
R-Y167746	375
R-FT137154	125
R-BY168515	275
R-BY123407	50
R-Y928	3500
R-FTA1666	3500
R-Y370717	3000
R-FT201009	850
R-Y126668	800
R-FT280581	800
R-FT281897	350
R-Y895	3300
R-Y547841	3300
R-YP6192	550
R-Y2594	3300
R-YP6053	3200
R-M157.1	3200
R-Y244031	1900
R-Y391433	3200
R-Z29132	3200
R-Y31437	2500
R-FT291108	2900
R-Y1	3500
R-Y929	3500
R-Y219847	800
R-Y228158	800
R-Y327831	2200
R-Y34178	3500
R-Z29137	2500
R-Y924	2300
R-Y223433	800
R-Z29138	2300
R-FT282019	2300
R-FT280245	950
R-C131139	1600
R-Y672703	425
R-Y75918	2300
R-Y34261	2300
R-Y34260	2300
R-Y82647	2300
R-Y275334	1100
R-Y9	3700
R-Y2351	3500
R-FT302492	3500
R-Y280822	3500
R-Y2353	3000
R-Y2392	3000
R-Y7	3700
R-FT289977	3100
R-Y66189	3000
R-Y60148	1300
R-Y45385	500
R-Y51106	450
R-FT19664	250
R-Y945	3700
R-Y2568	3300
R-Y264011	650
R-Y31	3200
R-Y544252	50
R-A24710	2600
R-FT368119	375
R-FGC57573	1300
R-Y71106	300
R-Y139964	3200
R-Y2569	2600
R-FT320384	2600
R-FT367765	2600
R-FT367733	1350
R-Y443011	650
R-Y486488	3300
R-FT67857	3000
R-Y62395	2300
R-Y530149	125
R-FT344766	3300
R-Y303045	1650
R-Y303082	950
R-A35072	3100
R-Y414212	750
R-Y879	3200
R-Y563130	50
R-FTD76232	3200
R-Y366637	1950
R-Y34246	3200
R-Y517072	350
R-Y34241	1500
R-Y34242	1500
R-Y881	3100
R-FT135584	1200
R-Y878	2900
R-Y880	2900
R-Y878a	2900
R-FT340489	2900
R-Y436865	50
R-A24836	2900
R-Y71167	1950
R-C10046	2600
R-Y34256	2800
R-BY47202	200
R-Y34257	2500
R-A24888	1100
R-Y35112	1350
R-Y30	3700
R-Z29113	3700
R-YP6238	250
R-FT230423	3100
R-Y34284	3100
R-A24644	1500
R-Y29	3700
R-Y473962	1650
R-Y297649	3700
R-Y113242	2700
R-BY66399	1250
R-Y66121	600
R-Y28652	2900
R-Y147767	2900
R-Y34222	2500
R-Y286510	2500
R-Y262565	0
R-Y34214	600
R-BY3873	1900
R-Y35105	1600
R-Y97249	1600
R-Y34215	1250
R-FTF40903	850
R-YP5548	2100
R-YP5544	475
R-FT147786	375
R-Y63367	50
R-Y45946	350
R-Y56325	350
R-Y32867	300
R-Y133381	75
R-Y32868	225
R-Y944	3300
R-BY172630	3300
R-M12339	2100
R-BY65281	2200
R-V4966	2900
R-A24304	1550
R-A24252	1850
R-Y358083	1100
R-FT274123	750
R-Y358082	275
R-Y2458	3000
R-Y633596	950
R-Y2414	800
R-Y2413	175
R-Y26645	3300
R-F23253	3000
R-Y424662	325
R-FTD512	125
R-Z29115	2800
R-FT40311	1700
R-Y83587	900
R-FT405055	350
R-FT450978	800
R-Y100858	425
R-Y2439	3300
R-F24353	2900
R-Y35100	2500
R-Y34207	2000
R-Y2428	3300
R-A24271	2500
R-FT64014	3000
R-Y452495	1800
R-Y16494	2800
R-Y495386	2800
R-Y546825	2500
R-PF2205	2500
R-Y672472	50
R-Z2124	4300
R-Y100592	3700
R-Y110356	1350
R-Y86793	1000
R-Z2122	4300
R-Y38987	3800
R-Y39837	425
R-BY163765	3800
R-Y422905	3800
R-Y153768	1650
R-BY149647	3200
R-Y491343	3200
R-BY113503	3200
R-Y375140	3200
R-BY180242	3200
R-Y342168	550
R-FT161461	3000
R-FT159679	325
R-Y184351	150
R-Y57	4100
R-YP642	3000
R-Y14509	2000
R-YP639	200
R-V164	50
R-FGC4547	3600
R-Y52	2900
R-BY32060	2900
R-BY32052	1600
R-Y143380	700
R-Y39490	2100
R-Y43472	1650
R-FGC4582	2800
R-YP5644	225
R-YP1269	2500
R-FTA97937	2500
R-BY27616	1800
R-BY27618	1800
R-Y48558	2100
R-FTF52834	2100
R-Y2631	2900
R-Y271425	650
R-YP5233	2900
R-Y178287	450
R-BY87922	2900
R-BY51734	500
R-F1345	3900
R-FGC125	3600
R-YP5484	2800
R-YP5492	950
R-FGC107	50
R-F2935	3700
R-S12099	3600
R-Y233410	2700
R-Y233384	125
R-YP4768	2700
R-YP5153	2700
R-Y84470	1200
R-Y86945	2700
R-Y85751	850
R-BY32021	550
R-Y37912	3400
R-YP5937	3400
R-Y222135	1800
R-F1019	2800
R-Y218042	2700
R-MF58671	1050
R-Y321263	1050
R-C106772	1050
R-FT47853	1050
R-Y288986	2700
R-Y37903	550
R-CTS6	3000
R-CTS7297	3000
R-CTS2736	3000
R-S3424	3000
R-S3420	3000
R-CTS10041	500
R-Y225798	2800
R-Y296563	3000
R-Y335449	3000
R-Y37891	1450
R-Y37892	1250
R-Y298020	1250
R-Y297708	650
R-Y297768	650
R-Y2619	1250
R-BY29826	1100
R-FGC74789	1100
R-FGC74788	950
R-YP3939	950
R-BY24990	800
R-Y497432	1250
R-BY73299	600
R-Y529797	350
R-FTB1098	175
R-FTB41429	125
R-FGC18222	1150
R-YP1074	950
R-BY152598	275
R-FGC23326	950
R-YP4690	850
R-BY142723	350
R-YP4692	550
R-FGC36607	500
R-YP1366	450
R-Y50945	200
R-Y503619	125
R-Y50410	50
R-BY119906	200
R-FT104007	450
R-Y577982	125
R-FGC18226	1050
R-BY24993	750
R-BY24989	425
R-Y48347	275
R-YP5480	500
R-BY117359	500
R-FGC75117	100
R-FGC18218	950
R-BY24987	450
R-BY148862	325
R-Y206498	275
R-FGC18215	550
R-A12155	550
R-YP1385	950
R-Y260940	200
R-YP4487	950
R-BY69900	950
R-Y2630	950
R-YP4538	950
R-BY24978	950
R-YP4488	950
R-BY29728	950
R-YP4671	475
R-BY30938	350
R-YP1386	650
R-YP5512	650
R-BY27384	600
R-BY27348	500
R-YP4516	650
R-YP4807	600
R-Y193464	600
R-Y2742	950
R-BY123045	200
R-FT131801	500
R-Y446905	900
R-FGC15532	650
R-FT169088	150
R-FGC15533	650
R-Y191333	50
R-FGC15531	475
R-YP467	950
R-BY113466	350
R-YP264	950
R-BY27396	200
R-BY24966	800
R-YP1429	950
R-FGC10641	950
R-YP4943	950
R-YP4954	300
R-YP268	700
R-YP5232	350
R-Z2125	4300
R-FTA9450	4300
R-Y437223	225
R-Y208716	3900
R-BY159228	3900
R-Y152289	50
R-FT287785	2000
R-Y230213	2000
R-FT288289	800
R-Y210117	500
R-Y211362	500
R-YP413	4300
R-FT310383	4300
R-Y280532	3400
R-Y82290	3600
R-M12280	4300
R-Y256580	1000
R-M12298	4000
R-BY95797	3500
R-M12290	2800
R-Y209241	1200
R-M12284	1150
R-Y83591	900
R-M12310	850
R-YP1709	4000
R-Y632058	3400
R-Y162953	275
R-FGC22248	3200
R-Y23079	150
R-FT414856	3200
R-FT172588	3200
R-Y561274	3200
R-Y561116	1300
R-FT174353	1100
R-FTA58705	1100
R-Y268166	550
R-FT376313	800
R-FT172241	650
R-Y261749	200
R-YP1127	2900
R-BY35644	2500
R-BY35606	1150
R-BY72304	50
R-Y304140	850
R-YP1123	2200
R-YP2748	1150
R-FT295751	425
R-FT296004	1000
R-BY195402	800
R-FTB18777	800
R-FTB10105	350
R-SK2018	350
R-Y47921	2200
R-Y52160	1300
R-FT420768	275
R-FT420149	125
R-FT316309	1850
R-Y377422	1450
R-Y536669	50
R-BY94417	1350
R-Y236744	50
R-FT295379	300
R-Y286440	200
R-BY55191	1300
R-BY127338	800
R-FT411931	700
R-FT412117	1400
R-FT414885	950
R-FT412111	1150
R-FT414891	900
R-Y638387	550
R-S23592	4300
R-Y227261	50
R-Y73758	4000
R-Y71694	3300
R-Y62640	75
R-YP5844	3400
R-YP5847	3400
R-Y95687	650
R-Y345783	600
R-Y154585	425
R-Y345787	200
R-BY30706	3400
R-FGC48758	3100
R-Y327862	950
R-FGC48780	2400
R-FGC48791	2400
R-Y85621	700
R-BY102185	50
R-FGC56408	4200
R-Y294601	800
R-S23201	3800
R-YP1359	500
R-A11469	425
R-YP1360	200
R-YP1352	125
R-S21872	3800
R-FT383606	3500
R-Y12697	3200
R-YP5505	2300
R-Y155382	1800
R-Y155391	375
R-S15948	2100
R-FTF182	1800
R-S10438	2100
R-FGC56440	1850
R-CTS11616	1850
R-BY63716	550
R-Y128333	200
R-FGC56425	1650
R-Y200357	125
R-A14133	1300
R-Y80316	850
R-FT173373	600
R-Y191111	275
R-Y67490	450
R-Y79844	350
R-Y136592	125
R-YP1456	4100
R-YP1455	3400
R-Y46382	1500
R-YP1548	3400
R-YP1540	3400
R-YP1543	3400
R-Y218341	3400
R-YP1555	3400
R-YP1542	2700
R-Y12089	1250
R-YP1556	1250
R-YP1563	850
R-Y234987	200
R-F21381	850
R-Y147594	650
R-F19018	600
R-FT74696	600
R-Y234946	600
R-FT78440	550
R-Y236000	550
R-FGC21126.2	100
R-L1497	550
R-Z2123	4100
R-YP3920	3400
R-BY55454	3100
R-FT58261	3400
R-YP6352	1500
R-FT57747	3400
R-FGCLR2106	3200
R-Y47	3300
R-FGC17209	50
R-Y559274	3000
R-YP1532	1050
R-Y210401	1050
R-Y216385	50
R-Y210385	650
R-Y210678	325
R-Y216456	50
R-Y210404	550
R-FT212837	225
R-Y46	3200
R-FGC88620	3200
R-Y931	3000
R-Y303416	2700
R-Y371548	50
R-Y339765	2400
R-Y609	3000
R-Y615	0
R-Y20746	4000
R-Y875	1500
R-Y233933	3800
R-Y233958	2600
R-Y629247	125
R-YP4907	900
R-Y545925	225
R-YP4915	700
R-BY194562	475
R-BY194878	275
R-Y169086	450
R-Y67224	275
R-Y74439	325
R-FT25137	200
R-Y66896	175
R-FTH65487	50
R-Y204002	50
R-Y2632	4000
R-Y61396	1900
R-Y2633	4000
R-Y30457	2900
R-FT29601	2500
R-Y183059	1550
R-FTA68288	950
R-Y80513	2600
R-Y2634	4000
R-Y363210	650
R-YP5717	3300
R-Y108442	2500
R-Y258212	1000
R-Y70267	3200
R-YP5716	3200
R-Y232575	3200
R-Y16006	4000
R-YP6547	3800
R-FT74091	3400
R-Y342186	700
R-BY110349	650
R-BY148952	425
R-YP6321	4000
R-Y48965	1700
R-Y46608	125
R-Y107113	4000
R-Y83111	800
R-Y211521	2700
R-FT354313	125
R-Y382405	50
R-SUR51	1850
R-ARP5	1450
R-ARP7	1050
R-ARP11	1050
R-ARP10	1050
R-SUR52	1000
R-BY120262	450
R-BY111131	400
R-Y210114	250
R-SUR74	950
R-SUR95	800
R-SUR3	600
R-SUR72	750
R-FT122851	375
R-FTA94536	750
R-BY146377	600
R-FT353847	225
R-FT316289	350
R-Y210229	50
R-FT353685	325
R-Y213866	325
R-Y210144	600
R-FT353690	600
R-Y210220	475
R-FT353691	150
R-BY101250	375
R-Y210154	375
R-Y300492	375
R-FT353692	50
R-Y300493	375
R-PH785	125
R-FT353693	275
R-Y934	4100
R-FT223933	450
R-Y29452	1350
R-M6978	1000
R-Y620610	1000
R-Y22720	125
R-FT161466	50
R-Y127350	3300
R-M87	1500
R-Y126826	600
R-FGC83884	1500
R-BY132870	1350
R-F10122	50
R-YP6420	3600
R-YP6410	375
R-Y31884	3400
R-FT217807	3300
R-FTC17072	200
R-FT328684	50
R-Y210282	2700
R-FTB3302	200
R-Y213784	150
R-BY30762	4100
R-Y136333	1200
R-Y75187	3900
R-BY30764	2900
R-BY126933	2900
R-Y178665	2300
R-BY60213	1600
R-FT358533	1600
R-FT259686	1600
R-Y316046	1600
R-FT200426	1300
R-Y209460	750
R-Y230222	750
R-Y286446	0
R-FT343606	425
R-BY90530	425
R-FT100410	1300
R-BY121480	750
R-FT324170	1300
R-FT281221	650
R-FT124754	1600
R-Y345069	1600
R-Y439570	0
R-FT342478	1350
R-FT340822	425
R-Y286429	900
R-FTH16008	125
R-FT124940	350
R-Y210118	50
R-SK2031	4100
R-Y387123	2600
R-Y379472	50
R-YP523	3800
R-Y93881	3100
R-YP520	3800
R-YP519.1	3800
R-FGC51149	150
R-YP527	3800
R-Y306874	3000
R-Y331177	50
R-Y306961	1800
R-Y460557	650
R-FTB42114	3000
R-Y499020	2900
R-Y497667	50
R-YP530	3400
R-YP529	3200
R-Y253202	850
R-YP6325	550
R-BY161035	2500
R-BY161069	550
R-Y325400	75
R-BY161729	125
R-FT127432	50
R-Y15121	4100
R-FGC23228	2700
R-Y34161	2700
R-Y521750	600
R-YP5906	3200
R-Y210252	4100
R-FT353743	475
R-FTB5268	4100
R-Y82744	3000
R-Y95238	3800
R-Y96871	3800
R-FTB24110	3800
R-Y176455	3800
R-Y176484	3000
R-Y176468	2700
R-Y368286	1000
R-Y19715	4100
R-YP5271	3500
R-FT359082	550
R-FT359080	375
R-Y210239	350
R-YP5275	3200
R-Y22325	3100
R-Y62505	1400
R-YP5272	2300
R-Y60924	1450
R-YP5842	4100
R-YP6291	600
R-Y94253	50
R-Y46239	4100
R-Y210235	4100
R-Y52585	1700
R-Y214796	2800
R-Y214685	50
R-FT42376	4100
R-FT40278	3100
R-FT40234	2000
R-Y874	3800
R-Y214871	1350
R-Y214885	50
R-Y191037	850
R-Y464990	125
R-Y612677	50
R-FT172727	3100
R-Y184931	850
R-TY20782	425
R-BY134066	450
R-FTD40047	275
R-FT393117	3500
R-Y24369	3100
R-Y237852	1950
R-Y196863	2600
R-Y210364	950
R-Y43743	3800
R-Y641004	275
R-Y663052	125
R-FT78161	3800
R-Y127807	1500
R-Y151569	1000
R-BY152783	50
R-Y19762	3400
R-Y19763	1350
R-MF176529	3400
R-MF176509	2000
R-Y216443	50
R-FT354397	2000
R-FT77589	2000
R-Z6405	3600
R-Y430101	3200
R-Y525712	1000
R-Y525993	950
R-Y141821	3600
R-Y24669	3600
R-Y151833	2300
R-Y151851	2300
R-Y83905	2200
R-Y200925	350
R-BY123094	3300
R-Y214903	3100
R-FT61419	700
R-FT60644	700
R-Y202577	200
R-Y180544	700
R-FT61227	550
R-Y7094	3800
R-MF157847	2400
R-FT128916	2900
R-YP4926	1800
R-FT128752	950
R-YP5229	3600
R-YP5227	3500
R-Y316430	3400
R-FT58913	3000
R-YP4974	3400
R-Y96147	3400
R-Y104443	2400
R-Y31442	3400
R-FT152447	2800
R-Y643911	2000
R-FT154266	2500
R-FT154692	1600
R-YP4973	3400
R-Y40719	3100
R-FTA69541	2200
R-Y217811	225
R-FT257550	3800
R-BY73403	3800
R-Y46008	3800
R-Y48790	500
R-Y210289	3800
R-Y256817	500
R-Y299324	275
R-Y210283	3500
R-Y283065	3100
R-FT353771	2700
R-Y214888	450
R-FT353798	1750
R-FT353741	250
R-Y214866	425
R-A29526	350
R-Y65922	3600
R-Y68742	3300
R-Y236661	350
R-Y67542	1850
R-Y155229	1850
R-Y60689	950
R-Y79850	950
R-Y227729	125
R-FGC61576	3600
R-FT137410	3600
R-FT135608	3100
R-Y403647	2600
R-BY25262	2000
R-Y288012	1100
R-Y311853	3400
R-Y193235	50
R-Y5992	3700
R-KMS45	3500
R-FTA87894	3500
R-FT143389	2900
R-KMS44	2600
R-KMS36	1650
R-KMS40	350
R-Y213768	650
R-FTA6701	350
R-Y213793	350
R-FT28100	3700
R-Y5982	2400
R-Y5977	1150
R-FT353702	425
R-FT80588	500
R-FT92622	850
R-Y214964	325
R-FT28345	950
R-FTA78904	700
R-FTA82156	600
R-FTB39489	1150
R-Y164342	1150
R-Y196811	850
R-FT260559	425
R-BY206058	50
R-FT353695	950
R-Y210337	600
R-Y210325	325
R-FT353698	475
R-FT353700	475
R-FGC47405	475
R-Y210274	375
R-YP451	2300
R-YP6354	1650
R-FTB9922	550
R-FTB9309	500
R-YP6355	550
R-YP449	1700
R-FT96104	750
R-FT96056	400
R-A10074	400
R-YP450	1450
R-Y210716	400
R-Y210720	200
R-Y211504	650
R-FT354170	225
R-FT95315	1450
R-FT96632	800
R-FT354183	600
R-FT354314	125
R-Y217369	400
R-BY135591	375
R-FT95424	650
R-FTD81082	125
R-FT354179	650
R-FT354181	150
R-FT96165	275
R-YP457	1400
R-FTG37922	600
R-FTH68393	350
R-Y137329	650
R-Y210731	225
R-FT354205	450
R-Y159506	1150
R-Y181364	425
R-BY171095	1300
R-Y210693	600
R-BY170286	700
R-BY171087	600
R-FT219360	1150
R-FTH45123	1150
R-FT79135	800
R-FTA48917	450
R-FT77828	800
R-FT79069	750
R-FT230654	1050
R-FTA41706	950
R-Y545229	600
R-Y216378	950
R-Y216473	550
R-FTA84891	550
R-FT230328	950
R-FT230917	950
R-Y191421	850
R-FT231080	600
R-FGC22474	1400
R-FTA71945	1400
R-FGC22496	1400
R-Y217330	350
R-FT354211	550
R-Y210738	325
R-Y300516	325
R-BY141968	550
R-Y217351	500
R-C380397	550
R-FTG90549	50
R-Y210682	400
R-Y216393	150
R-FT354194	275
R-Y217411	275
R-FT354197	400
R-BY154336	300
R-KMS161	400
R-FT354198	350
R-Y210698	350
R-FGC24301	175
R-FT197749	150
R-Z283	5000
R-Y310155	2800
R-Y310163	2800
R-BY35655	4800
R-Y128147	650
R-YP4758	3800
R-YP5955	175
R-YP5955a	150
R-YP5978	3600
R-YP5977	1900
R-FT181790	950
R-Z282	5000
R-Y17491	4600
R-YP5872	2800
R-YP5879	2700
R-FTB19540	1300
R-YP5891	2700
R-YP5882	1900
R-YP5930	1900
R-YP6536	1900
R-YP4858	3600
R-Y304134	600
R-Y357695	550
R-SK2014	3200
R-A25962	3200
R-Y197990	150
R-Y191001	2900
R-FT307664	1950
R-Y190984	500
R-FTA94937	1700
R-Y273079	375
R-YP5820	3200
R-Y215406	1800
R-YP6513	1200
R-YP6530	1000
R-Y73175	2100
R-Y195921	1400
R-FGC64133	3100
R-FGC64132	1850
R-Y101009	1200
R-Y128536	1100
R-Y128344	650
R-Y314438	1650
R-Y314404	700
R-FTB80991	275
R-FTH63765	200
R-FTH63792	50
R-BY15523	400
R-FTA92251	125
R-FGC86411	325
R-Z17968	50
R-FT114402	2800
R-Y59524	2800
R-Y632568	450
R-Y259623	1650
R-Y259059	1000
R-C104624	650
R-SK2015	2800
R-FT210028	2800
R-FT117055	2000
R-Y50543	1300
R-FT143855	200
R-BY181899	1150
R-FT117873	800
R-FT282097	425
R-FTA62896	2000
R-FTC94456	1500
R-FTC94682	350
R-FTH5837	1500
R-FTA62533	1350
R-FTD35328	1350
R-Y2395	4700
R-Y14503	3400
R-YP3899	1950
R-Y460295	1700
R-YP3896	475
R-Z289	4700
R-Y61261	4700
R-FTA89615	3800
R-Y355129	3800
R-Y456686	0
R-Y354998	0
R-YP694	2500
R-FT172703	1650
R-Y215955	150
R-YP714	1450
R-YP703	1000
R-BY29712	50
R-Y515589	50
R-P98	1000
R-YP4514	750
R-Z284	4200
R-YP1370	2800
R-Y69949	2800
R-Y486732	800
R-YP1368	1400
R-YP1369	1300
R-YP5012	450
R-YP5016	750
R-Y26659	750
R-YP555	3300
R-CTS4027	1850
R-FGC81054	1850
R-Y69402	1450
R-YP6474	1400
R-YP1178	2600
R-YP1395	1750
R-FGC28659	850
R-Y63344	400
R-YP1172	1150
R-YP1171	1000
R-YP6391	850
R-BY34232	550
R-BY71118	50
R-Z287	4100
R-FT36420	3000
R-BY50279	2400
R-YP5155	2200
R-Y29963	2100
R-YP5863	2100
R-Y60389	1100
R-YP6450	2800
R-Y228745	1150
R-FT373125	1000
R-YP6446	700
R-CTS8277	3200
R-S6244	2900
R-S6242	2900
R-YP6099	2900
R-Y81789	1250
R-BY71503	2900
R-BY203535	2900
R-Y94575	1950
R-FT7384	2700
R-S6241	2700
R-A23321	2700
R-A23327	2100
R-A23325	650
R-YP5290	2700
R-FT220852	2700
R-FT221958	2500
R-Y371645	1650
R-Y29907	2200
R-Y29901	150
R-YP4809	1450
R-Y128148	1450
R-S6261	1250
R-YP4811	1250
R-BY30776	1250
R-Y141079	50
R-CTS6835	3000
R-Y82032	2200
R-YP6462	2200
R-YP6457	800
R-Y154820	800
R-CTS8746	1950
R-Y110822	1950
R-BY41494	1050
R-Y142307	850
R-Y142350	450
R-S5730	1900
R-YP5857	1200
R-Y40627	550
R-FGC33260	1600
R-S5708	1550
R-CTS870	950
R-S7735	250
R-FGC33257	125
R-YP405	2800
R-FT157085	1950
R-FT156201	1800
R-YP402	1750
R-Y63916	1750
R-BY30834	750
R-YP5002	50
R-YP408	1500
R-YP5236	1500
R-Y100324	1250
R-Y112426	300
R-YP5240	1100
R-YP5234	250
R-Y86121	650
R-Y93347	650
R-Y82294	300
R-YP1202	1150
R-Y60226	200
R-YP1198	500
R-FT286341	500
R-Y10817	150
R-FGC73559	100
R-Y41090	50
R-YP722	1050
R-YP4887	550
R-YP723	900
R-YP5929	850
R-YP1086	550
R-BY140923	550
R-YP1089	400
R-YP1196	700
R-Y51653	500
R-YP1195	300
R-YP1259	400
R-YP4232	150
R-CTS8401	4100
R-YP5178	200
R-YP398	3300
R-FT388675	2700
R-Y222272	1950
R-FT387411	1400
R-FGC46085	2800
R-Y54314	2300
R-YP390	2300
R-YP392	2100
R-Y81210	1850
R-YP397	1900
R-Y66214	1250
R-YP396	1900
R-YP1708	1550
R-Y22232	900
R-Y22231	50
R-YP5265	1550
R-YP6396	1550
R-Y102445	1500
R-Z281	2400
R-YP6384	1300
R-YP6383	950
R-S5096	2400
R-S3237	1900
R-CTS13030	1900
R-FT21679	275
R-Y180903	1900
R-FTB87195	1750
R-CTS737	900
R-S3238	900
R-S3227	1850
R-Y65899	300
R-FT309838	200
R-CTS5848	1850
R-S3233	950
R-FT61548	650
R-S5168	950
R-YP1208	1850
R-BY154656	325
R-S7680	1750
R-YP4891	1750
R-S7678	1750
R-YP4889	300
R-BY32099	1750
R-BY32096	1300
R-Y146724	375
R-Y11546	1150
R-YP6267	1150
R-YP6268	1100
R-Y56412	500
R-Y92793	700
R-YP1205	600
R-YP1205a	450
R-Y11547	600
R-Y47084	300
R-Y55104	200
R-Y59708	50
R-BY30287	1500
R-BY30725	1500
R-BY183076	700
R-BY182717	375
R-Y159215	50
R-FT111245	50
R-BY198277	225
R-BY205816	550
R-BY205968	350
R-FT118130	350
R-Y172939	200
R-FT243077	50
R-FT68399	200
R-Y167574	550
R-FT42755	200
R-BY186202	125
R-FT3345	1500
R-Y333914	425
R-BY30721	800
R-FGC12770.2	800
R-BY30728	700
R-BY154043	350
R-BY30722	650
R-Y133827	275
R-Y151542	650
R-FT14580	650
R-FT6584	475
R-FT105290	475
R-BY93447	50
R-Y171746	50
R-FT12801	125
R-BY44771	475
R-BY99605	225
R-BY114642	50
R-BY114454	275
R-S4458	3600
R-S6285	2400
R-FTA88551	2300
R-FTA87062	2200
R-YP6270	2400
R-YP6271	1350
R-Y87302	800
R-Y156215	500
R-BY30613	1800
R-Y70018	1150
R-Y76960	750
R-Y613421	750
R-YP4638	2400
R-Y47820	1500
R-Y51442	1100
R-Y47069	650
R-S5301	3200
R-S6842	2500
R-FGC21256	950
R-FT14931	900
R-FGC21266	425
R-BY27233	375
R-S7749	2500
R-YP670	2500
R-Y40474	650
R-S7759	2300
R-FT91454	2300
R-FTJ13741	2300
R-YP1166	2300
R-Y20128	2300
R-BY130797	650
R-BY27245	1750
R-BY32502	1300
R-Y67261	425
R-YP4813	125
R-YP1167	1800
R-YP1706	1650
R-Y330847	1650
R-YP1704	1650
R-Y187440	350
R-YP4693	1450
R-YP5721	700
R-YP5724	375
R-YP4945	1350
R-A12227	375
R-YP4944	1200
R-YP5687	500
R-A12237	325
R-YP1187	1800
R-YP6060	1550
R-Y37437	750
R-Y107817	150
R-FGC42405	1800
R-BY30937	1400
R-BY48441	800
R-Y81950	1100
R-Y84095	500
R-BY30633	1400
R-BY195855	800
R-FT246842	600
R-FT246100	200
R-BY110839	1250
R-YP1190	1600
R-FT345509	650
R-YP6027	700
R-BY202689	225
R-Y9079	1600
R-YP1188	650
R-YP1189	350
R-S5153	3200
R-YP957	2600
R-YP955	1700
R-L448	2700
R-YP355	2600
R-YP1120	1650
R-YP1426	1450
R-YP1461	1450
R-YP5466	600
R-YP4963	2100
R-Y516596	1250
R-Y68407	500
R-YP5161	2100
R-YP5163	2100
R-YP5164	1950
R-Y69338	1550
R-YP5635	1800
R-YP609	2600
R-YP4880	2400
R-YP5688	325
R-BY33434	225
R-YP4874	750
R-BY13765	475
R-F20770	475
R-Y76806	125
R-YP4883	300
R-A12130	50
R-FT7019	2500
R-FTA79905	1350
R-Y81949	1900
R-PH5045	1700
R-Y60357	700
R-YP1100	1600
R-YP5470	1600
R-YP4454	1200
R-YP4456	750
R-YP4449	375
R-YP4252	2300
R-YP5598	1950
R-Y89506	225
R-BY104874	1600
R-Y71455	700
R-YP4248	1500
R-YP4253	850
R-YP4491	250
R-YP5007	1100
R-BY27664	750
R-BY27665	600
R-YP5244	1000
R-YP5242	375
R-BY30796	350
R-Y108621	50
R-Y105283	50
R-FT106724	50
R-YP618	2400
R-YP5927	2100
R-YP6312	550
R-Y502596	2000
R-YP4235	1750
R-YP4234	1300
R-YP4239	950
R-YP5538	1250
R-YP5542	1250
R-BY15261	350
R-Y82852	1000
R-Y84627	50
R-FT80422	2400
R-YP4342	2100
R-FT394921	1600
R-FT396067	250
R-FT396538	125
R-FT395854	50
R-YP4341	1950
R-Y96594	1300
R-YP4344	1950
R-YP4469	350
R-YP6054	1050
R-YP986	2100
R-BY174541	1950
R-Y184312	1650
R-Y157332	1100
R-FT144367	600
R-BY205752	425
R-YP984	1150
R-BY15853	650
R-BY30731	350
R-BY30732	325
R-Y130457	275
R-YP1415	850
R-YP1413	500
R-BY145906	425
R-YP1414	200
R-YP6059	200
R-YP983	475
R-A13332	275
R-Y89180	50
R-A12660	200
R-YP992	425
R-FT81618	275
R-Y44254	50
R-YP3934	375
R-YP3932	275
R-Y16153	275
R-Y189757	100
R-CTS4179	2500
R-BY30621	850
R-Y129299	1150
R-BY44067	1150
R-YP5291	1800
R-BY27594	1450
R-S6821	1600
R-Y18773	1050
R-YP4241	850
R-Y23904	700
R-FT2652	2500
R-YP5220	2300
R-Y61041	1250
R-FTB51485	1100
R-YP5213	1250
R-BY74995	800
R-Y83617	2300
R-FT199192	2100
R-FT3063	1700
R-YP5894	700
R-YP5816	900
R-YP1423	2400
R-YP1420	2400
R-Y31443	1450
R-YP5314	1200
R-BY30775	750
R-Y39084	700
R-YP6306	650
R-Y88276	450
R-S6353	1500
R-BY161624	550
R-FT57774	450
R-YP1394	950
R-YP5640	300
R-YP5636	300
R-YP1392	950
R-FT350830	950
R-YP4806	800
R-Y321181	500
R-BY32009	550
R-FTB57080	400
R-YP704	1950
R-BY62075	1900
R-YP3950	1950
R-YP5708	1950
R-YP5700	650
R-S6790	1600
R-YP4345	950
R-Y64062	950
R-S6796	800
R-Y144746	550
R-S4442	1500
R-BY82046	1250
R-FT104643	200
R-CTS3390	1200
R-Y79976	900
R-BY202282	900
R-Y519667	900
R-S3446	900
R-Y190055	700
R-Y190054	200
R-YP706	1200
R-YP5870	750
R-BY30626	300
R-BY151060	1050
R-YP6031	375
R-YP5312	1200
R-Y40245	550
R-Y10787	425
R-Y36884	1200
R-Y73741	700
R-Y64815	650
R-YP276	2500
R-YP5725	1750
R-YP5728	1650
R-YP275	1750
R-YP274	1750
R-YP531	1750
R-YP280	1750
R-FT360504	1200
R-YP4489	1350
R-FT20295	350
R-YP330	1750
R-Z37760	1250
R-YP327	1000
R-YP4871	600
R-YP326	800
R-YP6397	750
R-CLD12	350
R-CLD50	350
R-CLD51	225
R-Y327069	150
R-YP5543	700
R-FT361597	700
R-FT51444	375
R-CLD68	375
R-YP507	1300
R-YP4899	225
R-M1960	1150
R-BY27150	850
R-FT104548	850
R-Y104850	225
R-BY27148	225
R-YP4957	850
R-YP5177	225
R-Z40738	700
R-YP4727	1150
R-Y144650	650
R-YP4726	700
R-Y143597	700
R-FT201861	125
R-FT200185	50
R-YP4961	700
R-YP4959	300
R-Y49752	50
R-YP386	1900
R-Y37293	1900
R-YP5719	1850
R-YP5718	1450
R-Y38533	125
R-FTB65241	1450
R-Y86379	1050
R-FT14398	1800
R-YP5475	850
R-YP1434	1750
R-YP1433	200
R-Y40611	50
R-YP383	1450
R-BY27201	1350
R-BY66608	475
R-Y135669	175
R-BY130010	125
R-Y36445	1350
R-Y90942	500
R-BY27816	1350
R-Y58462	900
R-YP384	1300
R-YP1391	1200
R-Z27556	650
R-YP1390	750
R-YP412	1200
R-Y138258	425
R-YP1076	450
R-YP1169	800
R-FT423156	1200
R-FT373885	1200
R-Y301849	1150
R-BY27200	700
R-Y336403	350
R-PF6155	5000
R-BY32026	3400
R-M458	5000
R-A11460	2500
R-Y85725	1700
R-BY202471	1400
R-BY202402	1150
R-Y345540	1100
R-PF7521	5000
R-PF6188	5000
R-PF7536	0
R-Z29307	0
R-Y2604	5000
R-L260	2600
R-YP1337	1900
R-FTB79891	1850
R-Y173750	1750
R-Y37285	225
R-FT124486	1750
R-BY100987	1250
R-YP6476	1750
R-Y71118	1000
R-Y77499	850
R-FT202967	1900
R-Y51378	1900
R-FTB72996	1900
R-FTB71818	550
R-Y166631	1700
R-Y166627	600
R-FT148284	1500
R-Y264908	1500
R-FT186715	1500
R-Y309725	800
R-Z4624	1700
R-FT186708	1200
R-FT186768	425
R-Y270761	550
R-Y67814	1150
R-Y63995	1150
R-Y63007	500
R-Y327249	1100
R-FTD25612	1000
R-YP1341	1550
R-FTB7019	1200
R-Y432311	1150
R-A25220	1550
R-FGC32025	50
R-YP1570	1550
R-YP1568	1200
R-Y13240	1050
R-FTD60422	500
R-YP4557	475
R-Y558924	1800
R-YP5253	1400
R-Y65570	1300
R-Y413323	500
R-Y413330	50
R-FT377312	1650
R-Y397653	1350
R-FT378023	1650
R-FTC10579	950
R-Y320071	200
R-Y282393	1300
R-Y282345	50
R-YP5952	1900
R-Y537946	1150
R-YP5947	1900
R-Y559579	950
R-BY93213	1900
R-YP5946	375
R-YP5945	100
R-BY160486	1900
R-Y497705	1650
R-Y497682	650
R-Y230938	1850
R-Y230319	50
R-Y300209	1850
R-FTC12501	1700
R-Y559402	550
R-Y347285	1700
R-Y347283	1200
R-Y347281	1150
R-A19324	1750
R-FT206902	800
R-Y132937	1500
R-Y357973	950
R-Y424557	850
R-Y132940	200
R-Y132946	125
R-YP1337a	1800
R-FGC94608	1350
R-Y304529	1200
R-Y96282	50
R-FTB59774	700
R-FT8429	1800
R-YP5248	1300
R-YP5250	425
R-FTA75045	1800
R-Y140901	500
R-FTC94143	1800
R-Y107244	1400
R-Y317288	50
R-Y190613	350
R-Y137744	1400
R-Y137745	1150
R-Y103602	1250
R-Y344988	125
R-Y88303	900
R-Y184194	1900
R-FTE14854	550
R-Y164586	1100
R-FT113355	500
R-BY206696	1100
R-Y193245	1100
R-BY30698	1900
R-FTD41389	1500
R-Y599998	1050
R-FT195153	1900
R-FT196225	1450
R-FT197299	1000
R-FTA91316	1450
R-FTA87775	1050
R-Y416166	1050
R-Y416250	650
R-Y184248	750
R-Y301104	475
R-Y236024	125
R-Y236025	50
R-Y144585	1100
R-FTD11279	550
R-Y602655	275
R-FTD8767	375
R-FTD14310	200
R-Y144599	1100
R-FTD11879	950
R-Y415615	800
R-FT271735	950
R-Y576725	125
R-FT271739	750
R-Y144587	450
R-Y144586	250
R-Y457328	200
R-YP256	2300
R-YP654	2100
R-FT52702	1700
R-Y40495	1000
R-BY149332	850
R-Y142389	1150
R-Y203648	1150
R-YP4518	2100
R-Y467852	2100
R-BY45895	1250
R-BY130457	800
R-YP4517	2100
R-Y88172	1000
R-Y48566	1850
R-BY25694	1100
R-YP254	2300
R-YP5297	2300
R-YP5300	2000
R-BY29798	2000
R-YP6542	1300
R-YP6541	850
R-Y413734	325
R-BY71424	1600
R-Y280766	1100
R-Y85578	1300
R-FTC97625	1100
R-Y489489	1600
R-Y352800	950
R-Y255241	1600
R-Y254589	1450
R-Y4135	1700
R-YP870	1600
R-BY116519	1300
R-Y39215	1600
R-YP6278	800
R-FT191899	1700
R-Y495631	1050
R-Y495533	850
R-Y82802	1700
R-Y362361	200
R-Y228945	1200
R-Y14244	1300
R-Y42751	600
R-Y43401	500
R-BY166056	950
R-FTB60712	600
R-FTB66511	425
R-FGC90500	450
R-FTB59886	450
R-FTC83962	450
R-FTB59548	400
R-YP414	2300
R-Y381794	650
R-FTE61765	650
R-YP590	1950
R-FTB48706	1100
R-Y131701	1550
R-Y355201	1500
R-Y131732	1250
R-FTA79486	1000
R-Y417254	950
R-YP589	1900
R-MF49397	950
R-Y146882	1050
R-YP5630	1900
R-YP6285	1900
R-YFS118467	1200
R-Y20114	1000
R-Y391586	350
R-LAP08	950
R-LAP04	300
R-YP610	2300
R-BY125884	1500
R-Y98675	1200
R-Y429147	200
R-FT3780	2200
R-Y417335	50
R-Y447141	1200
R-Y446986	950
R-Y40637	1400
R-Y282738	1550
R-Y282867	1550
R-Y283063	1450
R-Y282443	700
R-Y24119	1250
R-FTC74831	1250
R-FTC74150	1000
R-FT221186	2000
R-BY176848	1350
R-Y292629	1250
R-Y153148	2000
R-Y153172	1050
R-Y153144	125
R-Y153207	50
R-FT58750	1550
R-Y267602	750
R-BY61418	1300
R-Y576516	800
R-FTC46928	500
R-Y260468	1200
R-Y260470	1200
R-Y260467	650
R-YP4847	2300
R-FGC74483	800
R-FT110137	800
R-Y262713	1200
R-FTA27071	50
R-Y416892	50
R-Y316609	550
R-FTB73284	200
R-FTG59251	350
R-FT41326	1050
R-BY178090	1050
R-Y580349	50
R-Y98502	850
R-Y84959	750
R-Y94500	2300
R-FTC20870	1100
R-FT209295	100
R-A27603	1000
R-Y423363	950
R-Y416219	700
R-Y97210	700
R-Y416128	125
R-FT421609	2300
R-Y323007	2300
R-FGCLR2139	1950
R-Y230110	1100
R-FTB3800	1150
R-FTB3475	1150
R-FTB4047	1000
R-FTC12983	1100
R-Y2905	1850
R-BY68311	1750
R-FTA7542	700
R-FTA6734	600
R-FTA8101	125
R-Y30690	1550
R-Y348947	1550
R-FT341868	1550
R-Y335247	1400
R-Y101476	1550
R-FT242017	1150
R-Y529279	1000
R-Y330498	1550
R-Y330438	950
R-Y98642	1550
R-Y110696	300
R-YP415	1650
R-A29556	1650
R-Y133907	75
R-V1603	75
R-Y192196	1500
R-Y192199	1350
R-FT323203	1350
R-Y203148	1100
R-Y43789	1450
R-BY193333	1450
R-BY196251	425
R-Y42082	1050
R-Y22236	1500
R-Y95645	1450
R-Y424253	1100
R-Y182971	1050
R-FT310285	1050
R-YP6494	700
R-Y12170	150
R-Y200604	1000
R-FGC73681	850
R-Y23110	1850
R-Y292911	1650
R-Y292803	500
R-Y527808	1500
R-Y462562	125
R-Y201293	1800
R-Y334355	850
R-Y248684	425
R-Y201406	1800
R-FTB6233	1800
R-Y316436	200
R-Y201102	1600
R-Y200777	1200
R-Y200766	950
R-Y201246	550
R-FT5602	1850
R-Y96620	375
R-FTA84148	750
R-FT103229	1450
R-MF82099	1050
R-Y549561	850
R-Y549486	350
R-Y262083	1850
R-FTB40054	1400
R-BY65680	1850
R-FT5897	1850
R-FT6512	1850
R-FT4651	50
R-Y249825	900
R-Y249403	500
R-Y269825	550
R-BY25698	1600
R-BY52680	500
R-Y137310	1050
R-Y137308	1050
R-FT126067	850
R-FT123952	1350
R-BY42328	1350
R-Y262592	650
R-BY42326	1350
R-BY42327	1150
R-BY142292	900
R-FTA91066	375
R-FT124140	1150
R-Y157404	375
R-Y140284	50
R-FT13267	1400
R-Y640353	500
R-Y335178	1350
R-FT428069	1350
R-Y465752	500
R-Y167440	1300
R-Y167510	1250
R-Y281186	800
R-Y341533	1350
R-Y663931	50
R-Y139304	1350
R-FT31134	950
R-Y154006	225
R-YP1364	1750
R-PF4284	950
R-Y16235	50
R-FT202986	1550
R-Y368433	1600
R-Y368328	1250
R-BY78525	1250
R-Y87380	1750
R-FTD21908	1150
R-FT340866	1750
R-FGC43737	950
R-Y282293	50
R-Y84648	850
R-Y231946	1750
R-Y231920	1650
R-Y305732	1650
R-FT40088	1750
R-Y317566	1750
R-Y557582	1750
R-Y358762	1500
R-Y59226	1250
R-FT38522	1150
R-FTE9949	1100
R-YP3927	1750
R-MF661643	1750
R-YP4772	1050
R-YP4776	700
R-BY107612	600
R-A14348	500
R-YP6445	1250
R-Y37618	50
R-Y663659	50
R-Y83298	950
R-Y233017	750
R-Y233050	300
R-FGC2608	5000
R-BY32066	1900
R-Y105583	1900
R-Y92008	1350
R-Y107027	1350
R-Y136378	750
R-CTS11962	3100
R-YP515	3000
R-YP509	1900
R-YP1182	1400
R-BY30289	1200
R-Y574741	800
R-Y272295	950
R-Y272296	275
R-FT411568	1100
R-Y55452	950
R-Y179236	650
R-BY224999	750
R-Y83089	175
R-YP5632	1400
R-FTB48495	1400
R-FTA7611	1400
R-Y356153	500
R-Y143894	1050
R-Y73390	275
R-YP5940	175
R-YP4120	1900
R-FTD17398	1550
R-Y417073	1300
R-Y38505	1900
R-FT198298	1300
R-YP5903	1600
R-FTA28752	950
R-Y244255	350
R-YP5901	1600
R-BY27801	450
R-Y81165	750
R-Y84721	1100
R-Y233011	800
R-Y93482	1550
R-Y307730	1200
R-FT24805	1550
R-FT18688	1250
R-FT163267	950
R-Y23108	1550
R-Y471817	50
R-BY76872	1500
R-FTF36104	1000
R-Y93779	950
R-Y75453	1500
R-Y636527	850
R-Y74351	1150
R-FTB46595	1150
R-FTB45170	950
R-L1029	2100
R-BY156325	1100
R-FT400874	1100
R-Y621196	800
R-Y666117	125
R-FTF17633	2100
R-FTF18452	1950
R-Y86308	1850
R-Y109438	1600
R-Y82330	425
R-Y95433	50
R-YP6046	1500
R-Y271891	800
R-Y336686	1500
R-YP4647	1950
R-FT104228	1950
R-Y144413	1100
R-YP4653	1950
R-FTC80879	1800
R-YP4648	1400
R-YP4971	1400
R-FGC66331	1950
R-FT248255	1950
R-FTA22952	1100
R-FGC66325	1350
R-FGC66333	1100
R-FGC23576	550
R-FGC66322	50
R-FGC72548	1650
R-Y376086	1600
R-Y376114	1450
R-Y133361	1550
R-FTA87203	450
R-Y133367	1200
R-Y133368	1100
R-Y133379	1100
R-Y133360	550
R-BY128041	375
R-Y133350	350
R-YP1703	1850
R-FT5702	1850
R-FTC79947	1850
R-FTC79903	1850
R-FTB3412	1550
R-BY19032	1550
R-YP6189	1700
R-Y415762	1700
R-Y141016	1650
R-FT5310	1700
R-FT6036	1100
R-FT168525	1500
R-BY35612	1500
R-BY91693	1500
R-Y185543	1500
R-FT62491	1350
R-YP4289	1550
R-Y560223	50
R-FT20281	1400
R-FT220627	1150
R-FT20916	650
R-FTD49621	300
R-FTD49643	200
R-FTD49380	50
R-YP619	1700
R-Y137476	1000
R-FT124178	1700
R-YP444	1700
R-FTA80794	1700
R-FTB15569	1700
R-FTB90563	1500
R-Y623937	50
R-FTD43687	1100
R-Y262427	1350
R-YP443	1700
R-Y186108	1700
R-Y186245	900
R-YP446	1550
R-Y28714	1450
R-FT49702	1100
R-FT49926	950
R-Y28674	300
R-Y405294	1150
R-YP445	1150
R-Y586271	950
R-YP729	1150
R-BY30715	2100
R-V1334	1500
R-FTC22843	1500
R-FTG28034	1500
R-Y224571	350
R-Y547630	1300
R-FTJ45305	1300
R-Y547776	800
R-Y128472	1300
R-FT278521	1300
R-Y128286	1300
R-Y128293	350
R-Y404723	350
R-BY32105	2000
R-Y80138	2000
R-Y67627	1700
R-BY61765	1550
R-BY82357	1700
R-FTB54390	1700
R-Y254645	1700
R-BY182600	950
R-Y629193	425
R-Y620832	425
R-A24580	1700
R-Y296676	50
R-BY164730	1550
R-Y129780	1600
R-BY60488	1050
R-BY95109	700
R-Y128425	450
R-FGCLR618	1750
R-FT387358	1250
R-FTA30276	1050
R-Y497017	1750
R-FGCLR639	1750
R-FT128450	650
R-Y415770	650
R-Y351808	200
R-FT273431	1750
R-FT364991	950
R-Y294183	600
R-Y343741	100
R-FTA72624	50
R-Y34164	1750
R-Y37281	1400
R-Y108451	1350
R-Y77383	1150
R-FT28603	1400
R-Y258720	1400
R-YP6508	425
R-YP6506	50
R-YP6048	1600
R-Y272580	1350
R-Y272474	1200
R-Y272531	1050
R-BY32008	1350
R-BY144263	550
R-FTE97770	1350
R-FTE98765	1350
R-BY157980	1600
R-FT125851	1600
R-Y250614	1600
R-A34600	1600
R-FT427929	800
R-Y478838	2100
R-YP416	2000
R-YP516	1700
R-YP517	1700
R-Y348628	1600
R-Y29961	1700
R-Y39795	700
R-Y57408	1850
R-Y55469	1650
R-FTB79305	1500
R-YP593	2100
R-BY195372	2100
R-Y620659	1200
R-FT57863	1300
R-BY195609	2100
R-FT71969	1750
R-FT72321	1250
R-Y73618	1750
R-FT153197	1700
R-FT153419	1500
R-FT403688	1350
R-Y224505	750
R-Y224504	700
R-Y224502	700
R-FTA91596	475
R-Y269518	275
R-Y224508	300
R-FT403337	275
R-Y345547	200
R-BY25673	1700
R-FGC39940	1600
R-BY171119	1050
R-FT58962	1250
R-Y357025	1400
R-YP1567	125
R-BY30779	1600
R-BY30780	1500
R-FT150517	1700
R-FT207064	650
R-FT206643	275
R-Y54572	1300
R-FTD22952	1300
R-Y438771	425
R-S6596	550
R-BY86773	300
R-YP1136	1700
R-Y340972	1700
R-Y180965	1250
R-BY30772	1250
R-FT150844	50
R-FTE42710	350
R-YP263	1800
R-Y126934	1800
R-Y351748	275
R-Y492021	1400
R-Y601132	1800
R-BY122089	1800
R-BY132969	1800
R-BY113231	1800
R-FT205939	1350
R-Y216174	1350
R-FT159272	1150
R-FT159507	450
R-Y2912	1750
R-Y2921	1650
R-Y2914	1650
R-FGC2633	1650
R-Y20359	700
R-FT85700	1650
R-Y250877	425
R-YP5478	950
R-Y510709	1800
R-Y22259	1650
R-Y22260	1650
R-Y55806	1650
R-FT266646	1100
R-Y196685	500
R-BY47851	1500
R-Y63566	225
R-FT19146	425
R-Y18892	1700
R-FTB42365	1700
R-Y650191	700
R-FT119395	1600
R-BY201456	1400
R-Y153100	850
R-YP6280	1450
R-YP6444	1450
R-YP5269	1700
R-FT40264	1700
R-YP5267	1700
R-C124664	1000
R-Y86416	1700
R-YP417	2100
R-Y91231	450
R-Y184531	1700
R-FGC20522	1300
R-Y327584	1300
R-BY75138	1150
R-FTB38515	350
R-BY69047	750
R-Y96582	1000
R-FT204817	550
R-YP418	2100
R-BY54845	1800
R-Y41413	700
R-Y600670	500
R-S5482	700
R-BY218453	2100
R-Y175770	1650
R-Y230351	1100
R-Y230689	550
R-Y230801	125
R-Y44160	1900
R-Y43171	1900
R-Y371584	50
R-Y39054	1700
R-BY5756	1550
R-FT116529	800
R-Y70897	2100
R-Y63113	800
R-Y416170	200
R-BY166343	1650
R-Y70798	2100
R-Y79582	1350
R-FT12711	100
R-FTB20451	2100
R-BY71087	1750
R-Y544516	1750
R-Y547708	1450
R-Y547142	1350
R-FTB3834	950
R-MF602446	950
R-Y310326	275
R-A31142	2100
R-Y48407	1950
R-Y45534	75
R-BY82741	1850
R-FTA51254	1400
R-Y317051	900
R-Y439252	50
R-FT35915	2000
R-FT37115	1500
R-Y218105	50
R-FT53877	1950
R-FT53274	600
R-F26457	500
R-FT54052	200
R-Y418942	425
R-YP1013	2000
R-Y41402	1950
R-Y38785	1600
R-Y39031	1450
R-FT78887	1750
R-FTA62147	650
R-FTA92155	500
R-YP4848	1700
R-M12402	1250
R-BY44635	950
R-FT39956	850
R-Y399509	500
R-Y286678	1500
R-MF6479	1300
R-YP1137	2100
R-BY152492	900
R-BY155921	500
R-BY30629	1450
R-Y354470	1450
R-Y144465	100
R-Y188106	1150
R-Y38948	225
R-MF56887	1400
R-FTD37888	550
R-Y190380	650
R-FT206787	2100
R-PH3052	1100
R-Y28870	125
R-A27209	1450
R-Y223485	1300
R-Y273349	350
R-FT255517	2100
R-FT256843	2100
R-Y90351	2100
R-Y100001	1150
R-YP728	1850
R-Y82613	1350
R-Y344248	650
R-FT13256	1800
R-FTD55745	50
R-FT151965	1650
R-YP5079	1100
R-FT153219	1500
R-FT152626	425
R-Y18349	1850
R-Y18348	1850
R-FT106413	1750
R-A14777	650
R-Y41236	1750
R-BY121104	1600
R-FT105418	1600
R-Y228594	1600
R-Y39349	1450
R-Y38374	150
R-Y41478	100
R-YP6047	1700
R-FTD6913	1500
R-Y37929	1700
R-Y37930	1300
R-BY52932	1100
R-Y37928	950
R-FTF53496	1200
R-FT285270	1400
R-Y293796	950
R-FTF37344	275
R-FTF38130	275
R-Y290723	1200
R-FTA41717	750
R-Y289137	500
R-FTA38304	350
R-Y306022	1300
R-FT288648	900
R-Y400266	425
R-Z280	4600
R-Y180324	3700
R-YP6213	4600
R-YP5000	3600
R-Y63012	2600
R-Y45355	2200
R-FT6375	3600
R-FT4187	3600
R-Y35861	1900
R-S24902	4600
R-YP469	4600
R-Y290789	1450
R-FTB8418	3600
R-Y293778	3600
R-Y631515	375
R-FTH52541	275
R-Y437077	2000
R-FT3245	4600
R-CTS1055	4600
R-YP563	4600
R-YP561	4200
R-YP564	4200
R-YP566	3200
R-YP4664	2300
R-YP4660	375
R-YP6007	375
R-BY176489	1600
R-FT34578	650
R-YP658	900
R-YP6323	500
R-YP4094	3900
R-YP4778	2100
R-FT382795	1400
R-Y20409	1550
R-YP4777	1550
R-YP4078	1650
R-YP4085	1250
R-FTF17046	1000
R-Y232447	1250
R-BY95312	1250
R-Y57176	800
R-Y373995	800
R-Y53350	500
R-Y48979	1200
R-FT79782	850
R-Y50875	550
R-Z92	4400
R-Y69475	3200
R-Y62303	1450
R-Y66908	1400
R-Z685	4400
R-Z1907	4400
R-CTS9551	3600
R-YP4373	3200
R-Y446779	500
R-CTS214	2200
R-YP4364	2200
R-CTS5149	2200
R-CTS11505	800
R-BY113155	350
R-Y37888	1950
R-BY30791	1250
R-Y64419	300
R-YP5611	2100
R-BY15227	1350
R-Y207199	1350
R-Y207197	1000
R-Y207196	375
R-Y207198	50
R-FGC45986	1800
R-BY57495	1750
R-FGC46016	1700
R-Y301126	1050
R-Y301127	100
R-Y133176	1050
R-FGC45993	1700
R-FTC19134	650
R-FGC45973	1550
R-Y581962	650
R-YP271	3400
R-Y260999	2300
R-Y640016	2300
R-Y609232	500
R-Y609231	350
R-YP270	3100
R-CTS4648	2600
R-FT63063	2300
R-YP1408	2600
R-Y13891	2600
R-BY105638	2600
R-BY116359	2300
R-FT235638	1800
R-FT106108	900
R-BY212473	900
R-BY66852	450
R-YP1405	2000
R-FT265050	2000
R-BY91842	1500
R-BY144021	1750
R-FT101349	50
R-YP4485	1700
R-Y89505	850
R-YP4479	850
R-Y190128	2000
R-FT233584	2000
R-FT233913	2000
R-FTB48467	1300
R-PH4963	1900
R-FTC51476	750
R-S3375	225
R-Y345319	275
R-Y86535	1200
R-YP351	2800
R-Y24031	2500
R-Y203466	2200
R-Y102240	1500
R-Y203231	1450
R-Y16755	2000
R-FTB57834	2000
R-BY27247	2000
R-YP4296	450
R-Y160632	250
R-Y160686	125
R-Y201632	2500
R-Y9081	2500
R-Y503693	2500
R-Y66856	2500
R-Y75480	1550
R-Y73944	900
R-YP4460	2000
R-YP4461	750
R-YP350	2500
R-Y38623	1950
R-Y42738	2500
R-Y250420	1800
R-FT141242	2500
R-FT139371	1900
R-FT195141	2300
R-Y244882	2000
R-Y244900	2000
R-FTB82572	700
R-FT196931	2300
R-Y189331	500
R-Y24032	2300
R-FT412992	1300
R-Y67306	2300
R-BY108512	1150
R-BY120038	700
R-Y67289	2300
R-Y413376	2300
R-FT194709	1650
R-Y4459	3800
R-YP5520	2600
R-Y138008	1400
R-Y166799	1200
R-FT110523	2600
R-FTB41229	2400
R-FTC66112	2500
R-Y61485	2200
R-Y63120	2100
R-YP6049	1400
R-Y84739	2800
R-FT71509	2400
R-Y472693	2200
R-FT76501	1900
R-Y590679	1200
R-Y272079	1100
R-FT77159	425
R-Y88962	2800
R-Y104060	2800
R-BY152137	1700
R-Y83047	1300
R-FT204059	800
R-A26067	1300
R-Y93152	750
R-YP617	3800
R-Y38448	1700
R-BY169316	1650
R-BY170000	750
R-Y155362	1100
R-Y29965	3800
R-BY30709	2600
R-Y88926	3400
R-Y107811	2900
R-Y101816	2300
R-BY86972	2200
R-FT309321	950
R-Y268045	2700
R-YP1700	3700
R-Y69639	3700
R-Y52178	1750
R-BY109654	3700
R-FT422220	2500
R-Y297518	1600
R-Y306573	2400
R-Y335839	2400
R-YP577	3500
R-YP573	3400
R-Y63319	2800
R-YP569	2000
R-Y111948	800
R-Y85137	600
R-Y102244	50
R-YP575	2000
R-FTB1912	2000
R-Y374125	2000
R-FTA45581	2000
R-Y83843	2000
R-Y90596	1850
R-Y274775	1850
R-Y81594	200
R-BY100307	2000
R-Y11268	2000
R-Y22792	1000
R-YP5841	1000
R-BY27257	2000
R-YP4846	1950
R-Y601254	1650
R-FT83045	1550
R-FT425862	1100
R-YFS1447551	650
R-YP6505	2000
R-FTA77656	1550
R-FTA77989	600
R-Y330201	1000
R-Y139506	1750
R-Y139505	1500
R-Y188616	1400
R-Y177488	950
R-BY64140	1400
R-FTA7780	850
R-Y139499	1400
R-Y139495	1200
R-Y377547	1200
R-YP6504	2000
R-FTB7538	1650
R-FTB6198	950
R-Y136092	1300
R-Y250924	1150
R-Y307633	950
R-BY32093	1350
R-BY30753	2000
R-BY30750	2000
R-Y275241	1650
R-BY30752	1000
R-Y86309	50
R-Y5570	1850
R-FTF13035	1350
R-Y136466	500
R-Y136500	400
R-BY198589	500
R-Y163526	350
R-YP682	1800
R-FTD91521	1800
R-FTE97911	600
R-Y153334	325
R-Y87093	1250
R-Y35123	1700
R-BY127779	650
R-FT381970	500
R-Y5571	1150
R-YP612	1150
R-YP685	400
R-Y60295	1350
R-BY161777	1050
R-Y286577	750
R-VK05	1800
R-VK03	550
R-VK06	100
R-Y502032	50
R-Y161894	1800
R-FGC21739	1600
R-Y161892	1100
R-FTB70777	1100
R-Y161899	50
R-FT57216	1800
R-BY161630	1700
R-FT148937	500
R-BY186874	1700
R-Y160411	1700
R-FT68229	1700
R-Y269130	1450
R-YP1698	1700
R-FT217165	1350
R-BY153239	1250
R-FT213980	1200
R-Y425424	1200
R-FT213991	1050
R-FT218102	750
R-YP1696	1700
R-Y306212	1700
R-FT216844	1250
R-Y655493	350
R-Y202585	450
R-YP1697	1500
R-FT177501	1500
R-FT175296	500
R-FTB31919	1500
R-FT111399	1500
R-FT9677	1350
R-YP6187	1500
R-Y105001	1500
R-Y66954	900
R-Y58868	1200
R-Y143299	350
R-BY182582	900
R-TY89860	1750
R-Y149351	1750
R-FT408664	1400
R-Y149195	1350
R-Y153989	1500
R-FT238467	1000
R-Y282947	800
R-BY32094	1300
R-FT220611	1300
R-BY116367	1100
R-FT199373	950
R-FTD29064	650
R-A11915	1750
R-FT154144	1300
R-A11917	1500
R-Y177403	1300
R-A11908	1050
R-A11909	750
R-A11912	225
R-Y178265	1700
R-FTB64215	1100
R-A8998	1700
R-FT376015	1450
R-BY29708	1150
R-BY69307	600
R-FT143226	1700
R-Y79255	1350
R-Y138741	700
R-Y138734	50
R-A8995	1600
R-A8987	650
R-FT80289	1750
R-Y147981	1750
R-Y148788	1000
R-Y497043	700
R-Y167134	1750
R-FTC43309	1750
R-FTC72717	0
R-FTC73143	0
R-Y167153	1750
R-FT103697	1750
R-FTB36487	1300
R-FT105754	200
R-YP1261	1700
R-Y134075	1500
R-Y175247	800
R-Y296572	50
R-Y134081	850
R-FT444411	1150
R-FTB46982	1150
R-YP1260	1650
R-FTB77615	1150
R-FTB77752	200
R-FTB77673	200
R-BY75996	1550
R-Y297011	550
R-YP5295	1650
R-BY71090	1650
R-BY191818	1650
R-FTA83144	1650
R-FTA80724	1050
R-Y189972	1350
R-BY13840	1350
R-Y189970	950
R-Y68868	350
R-Z34634	900
R-BY206208	1000
R-Y628800	275
R-FTC7694	275
R-CTS1211	4600
R-Y406612	2400
R-Y2205	4600
R-YP4932	4600
R-Y10805	4500
R-YP1147	1550
R-Y53564	1100
R-Y46665	125
R-FT92022	4300
R-YP1034	4000
R-Y320025	3000
R-Y16579	3000
R-YP4258	1550
R-Y48961	1150
R-Y49252	1300
R-Y13467	4000
R-YP4312	4000
R-YP997	3400
R-Y29968	3100
R-L784	2500
R-YP6443	2300
R-Y297295	2300
R-Y296867	2300
R-Y96828	2100
R-Y314397	1800
R-YP5830	2900
R-Y269264	50
R-YP5827	2300
R-YP5828	1900
R-Y294610	1200
R-YP5823	1150
R-YP5836	1050
R-Y82798	300
R-YP1019	4000
R-Y84366	3700
R-BY122099	2700
R-YP6073	2200
R-Y294072	1100
R-Y86394	325
R-Y92230	50
R-YP1020	3000
R-Y190965	3000
R-Y190974	1950
R-YP1033	3000
R-Y414953	1950
R-FT38249	3000
R-YP1024	2300
R-Y305171	2300
R-Y304845	50
R-BY27605	1900
R-BY81084	1600
R-YP4970	1900
R-YP5665	1400
R-Y67369	400
R-Y153140	3000
R-FT38132	1250
R-Y35177	650
R-BY51800	475
R-Y35181	450
R-BY167536	200
R-Y35189	275
R-Y35174	50
R-YP343	4000
R-YP3982	2300
R-YP3984	650
R-Y56344	375
R-BY30810	2300
R-FT229397	1750
R-Y164623	100
R-Y61398	300
R-YP340	3100
R-FTA67554	3100
R-Y298637	1650
R-FTD51293	1650
R-FGC2555	2700
R-FGC2565	2400
R-FGC2573	1350
R-FGC2577	1200
R-FGC2556	1100
R-Y48066	2400
R-BY172061	2400
R-BY172046	500
R-FT190307	50
R-Y160896	2400
R-Y160821	2300
R-FT219252	2200
R-BY191239	1250
R-Y579677	1150
R-Y652263	950
R-FTH70044	300
R-BY68921	950
R-BY191886	500
R-P278.2	1950
R-Y6662	1950
R-FT169436	1400
R-Y626442	125
R-YP5281	1550
R-FT41773	1750
R-MF84753	1750
R-FT40205	650
R-FT40613	50
R-BY124454	1450
R-FT333259	1050
R-FTA82359	275
R-YP5814	1900
R-Y82720	225
R-YP5802	350
R-BY29685	1950
R-FGC54560	1500
R-A19934	1950
R-M12447	1600
R-FT78356	1950
R-FT244437	1900
R-FT241078	1750
R-YP1702	1850
R-Y134285	1700
R-Y134295	1550
R-FT241089	1850
R-FT241905	1800
R-FTB88106	1850
R-FTB87389	800
R-Y329738	1300
R-Y329567	375
R-BY84484	1700
R-Y314581	1300
R-Y419770	900
R-Y419830	800
R-Y419787	650
R-Y584691	350
R-Y584695	50
R-Y42285	1500
R-Y42569	1050
R-FGC54186	1300
R-FT71861	50
R-Y351669	250
R-YP371	2400
R-BY128997	1650
R-Y244926	2400
R-FGC70095	2400
R-Y11162	100
R-FGC70112	1800
R-BY184155	1650
R-FT102995	1650
R-FT102108	800
R-Y245247	650
R-FT191735	1750
R-FT14429	2300
R-Y94190	1450
R-Y89496	1350
R-YP971	1400
R-Y57718	1300
R-Y110177	2300
R-Y613787	900
R-Y81700	2300
R-Y373796	1450
R-Y373686	650
R-Y373454	50
R-Y85703	1750
R-Y137854	950
R-Y86901	1750
R-Y304869	650
R-Y377833	200
R-Y93475	1750
R-Y92497	800
R-YP372	2200
R-FT159477	1500
R-FTB55485	1350
R-Y87252	1400
R-Y632423	500
R-FTD37806	950
R-FTD40950	950
R-Y452362	650
R-Y413316	275
R-FTD39413	50
R-Y10810	2200
R-FTJ87171	950
R-BY106096	1850
R-BY161417	450
R-Y163529	375
R-FT207434	1850
R-YP374	2200
R-FT74697	2200
R-FT75025	800
R-FT23148	1700
R-BY143451	1700
R-FT198060	1600
R-FT161833	1700
R-FT283882	1450
R-YP380	1700
R-Y351755	1150
R-Y351775	1150
R-Y416669	850
R-Y44931	1200
R-Y427362	1100
R-FT94950	1200
R-Y419654	850
R-Y675883	1350
R-FT16030	1350
R-YP4700	125
R-FGC36669	1350
R-FTH41929	1150
R-Y48494	450
R-Y56726	125
R-Y35	4600
R-YP4278	1700
R-FT353667	1700
R-YP4441	1700
R-YP4706	1700
R-Y109474	1450
R-Y189493	1000
R-Y97794	1250
R-BY30743	800
R-Y144943	650
R-CTS3402	4600
R-Y2613	2600
R-Y2617	2600
R-FGC42522	1850
R-FTJ28313	1850
R-Y2615	2600
R-FTB41131	1050
R-Y41337	1950
R-MF61372	950
R-Y440161	950
R-Y195290	1450
R-Y562249	1450
R-Y194996	275
R-Y2609	2200
R-Y295366	1650
R-YP4993	1750
R-Y337172	1150
R-Y599621	700
R-Y81519	1750
R-Y59833	2200
R-Y56721	2200
R-Y59529	2100
R-BY182046	2100
R-FT167539	500
R-BY181366	2100
R-FTC3490	1500
R-Y447234	1500
R-Y245887	1350
R-BY182349	1200
R-Y2608	1800
R-FT370963	1800
R-FT370495	1600
R-Y414628	1500
R-Y414799	700
R-Y430494	1500
R-Y429843	1200
R-FT255070	1700
R-Y332418	50
R-Y275542	1050
R-YP613	1600
R-BY147823	1600
R-YP4098	1450
R-BY30484	800
R-FT110369	1800
R-BY27373	1800
R-Y597005	1300
R-Y238251	1500
R-Y476929	900
R-BY33421	1700
R-Y215841	1500
R-FTB80188	1700
R-FTB79552	1650
R-Y143825	200
R-Y180983	1750
R-YP1626	1400
R-YP5502	1050
R-BY222162	950
R-Y63406	900
R-FT285702	1400
R-Y48394	500
R-Y200264	1400
R-Y266230	125
R-Y53418	1100
R-Y45683	125
R-YP3929	1800
R-Y94001	1800
R-FT62520	1500
R-Y583795	350
R-Y607504	50
R-M12335	1800
R-Y41304	1800
R-BY77427	1200
R-Y465102	800
R-Y642256	1000
R-Y42573	1800
R-FTC1189	1800
R-Y38780	1400
R-Y518906	1500
R-YP6098	1500
R-BY138833	1400
R-BY149731	1350
R-BY68536	1350
R-FTG3496	200
R-Y616272	200
R-FT241053	850
R-Y190918	850
R-FT242663	275
R-BY149000	600
R-FT257011	550
R-Y526047	425
R-FT371439	600
R-FTA3457	425
R-Y539858	275
R-BY108084	500
R-FT371988	500
R-Y512470	425
R-YP237	3600
R-Y127959	3400
R-A25884	2800
R-BY27290	1950
R-BY93114	1950
R-Y257035	950
R-YP235	3200
R-FT433029	2600
R-Y345799	2300
R-Y487780	200
R-Y17488	1400
R-Y17519	1100
R-Y17522	650
R-Y46118	650
R-YP234	3200
R-PRX20	3200
R-FT105282	3000
R-FT104609	3000
R-YP295	2500
R-YP335	2100
R-FT194699	650
R-YP338	2100
R-Y513521	2100
R-Y158199	300
R-YP337	1900
R-YP591	1650
R-Y41102	1100
R-YP5306	900
R-Y40745	300
R-Y179373	900
R-FGC67044	1800
R-FGC67050	1750
R-FTD68730	800
R-FGC67057	325
R-BY205556	1750
R-Y74029	1700
R-BY146052	1400
R-Y72318	1400
R-FT279015	1100
R-Y64032	650
R-FTG80821	1550
R-FTG83517	1500
R-Y32149	1400
R-L366	2300
R-FT99736	2300
R-BY87281	2300
R-FT98688	1450
R-FT99229	1450
R-FT361723	1200
R-FT99452	1050
R-YP5223	1750
R-Y83826	1750
R-Y154695	750
R-BY175350	1150
R-FT52963	50
R-Y76180	2300
R-Y76799	2300
R-Y416677	1600
R-FTG36971	500
R-Y416672	600
R-Y416657	600
R-FT36801	2000
R-Y329416	1350
R-FTB42580	2000
R-FTB36486	2000
R-FTC25856	1350
R-YP238	2800
R-Y49258	1150
R-Y4099	2400
R-L365	1900
R-BY130400	1900
R-V2939	1900
R-Y16879	1500
R-Y92004	1350
R-BY155506	1200
R-YP677	1200
R-YP4835	1000
R-YP4842	125
R-YP243	1800
R-YP269	1600
R-Y6956	1600
R-Y240642	1050
R-Y41315	1150
R-FT36951	1600
R-FTB57514	1050
R-Y39093	800
R-FT2484	1450
R-FT3193	1450
R-Y78850	1450
R-Y39599	500
R-YP5931	850
R-YP5932	700
R-Y97306	1450
R-FTF41021	950
R-Y86244	50
R-YP389	1800
R-YP4669	1800
R-Y43882	1450
R-Y220877	1200
R-BY114614	1250
R-BY60342	1050
R-BY117241	850
R-Y28938	1500
R-Y272600	1500
R-Y70737	1250
R-Y61600	125
R-BY105961	1450
R-Y499855	350
R-FT79309	950
R-YP940	1600
R-Y100405	1000
R-Y95435	1000
R-Y41343	1350
R-Y38476	1000
R-F2686	700
R-FGC19232	225
R-Y110693	1600
R-FT439430	1600
R-Y256833	1100
R-Y256978	1100
R-Y596405	50
R-Y85256	1300
R-FT153687	900
R-FT154129	125
R-FT155024	50
R-FGC13681	3500
R-FTB68939	3500
R-Y636046	3400
R-Y636045	1250
R-YP5999	2700
R-Y301202	2100
R-YP5997	1700
R-Y330034	50
R-Y47222	1150
R-Y260767	850
R-YP420	2800
R-Y419513	850
R-YP4830	1500
R-YP4825	1000
R-YP419	2400
R-FGC13703	2300
R-FT167123	800
R-YP6065	1250
R-Y190608	1250
R-Y42448	1250
R-FTB63806	650
R-Y5495	3200
R-YP582	2200
R-YP5192	1900
R-FTD10011	1000
R-YP5201	1900
R-YP5191	800
R-FTC72030	50
R-YP5198	450
R-YP578	1850
R-FT290652	1250
R-Y268569	1100
R-FGC49668	1850
R-FTD77727	1850
R-BY61794	1450
R-BY88054	1850
R-A25094	1850
R-FTE99415	1850
R-FTF488	1750
R-FTG870	1750
R-Y137219	1000
R-FTB7003	1000
R-Y137251	350
R-Y525856	350
R-Y10804	1850
R-Y10895	1850
R-A24437	950
R-YP1116	1850
R-Y236708	1850
R-Y251880	1850
R-YP1114	1550
R-YP1112	950
R-Y35781	1300
R-FTF63991	1300
R-BY30741	1300
R-Y35780	1300
R-FT42927	1300
R-Y348661	550
R-FTB74783	1850
R-B2153	1250
R-Y35737	1350
R-Y35736	350
R-Y35758	500
R-Y35702	750
R-Y35703	500
R-Y10802	1750
R-Y35799	1100
R-Y29912	1050
R-Y35833	1050
R-Y35824	650
R-Y35803	1350
R-Y35806	1100
R-Y280795	350
R-Y35810	1100
R-Y35804	275
R-YP1079	1500
R-FT213229	1450
R-FT353707	1300
R-Y320194	1100
R-Y320190	350
R-Y670488	550
R-YP1078	1200
R-A7020	1050
R-Y184469	650
R-A7017	850
R-A7018	800
R-Y184824	800
R-A7015	800
R-YP953	3000
R-YP976	3000
R-YP951	2700
R-BY47760	1050
R-Y376583	950
R-Y266429	1600
R-Y8087	900
R-YP4532	2300
R-YP4530	1650
R-YP4533	900
R-Y139530	2300
R-BY69526	1200
R-Y204104	2300
R-FT307631	850
R-Y204107	125
R-YP4659	1550
R-FT220643	1550
R-FTC53853	650
R-Y34264	1550
R-Y53876	850
R-YP6186	1300
R-BY99654	1150
R-Y83572	850
R-Y208600	425
R-Y17619	1650
R-FGC39341	1400
R-FGC39315	650
R-FGC39323	100
R-FT232559	1350
R-BY166543	1350
R-BY165892	125
R-Y262490	50
R-YP1410	2700
R-Y364102	2700
R-FTB51632	550
R-YP6399	50
R-Y53380	2700
R-Y151289	1000
R-Y151306	225
R-Y152492	1950
R-BY100583	1400
R-FTB93371	1150
R-Y152518	325
R-Y316048	50
R-Y152561	200
R-Y160680	50
R-YP977	2300
R-Y151525	1650
R-BY152318	550
R-Y431033	550
R-M10484	425
R-YP982	2300
R-YP6376	1950
R-FGC21220	125
R-JN93	1650
R-Y648681	1050
R-JN78	1450
R-YP6378	1050
R-JN82	1050
R-JN89	275
R-YP1018	1950
R-Y50863	1500
R-YP1017	1650
R-FT7450	1650
R-Y28673	1400
R-FGC37072	75
R-Y41013	1400
R-S6982.2	1200
R-Y353660	500
R-Y64910	175
R-YP5800	1350
R-Y53338	950
R-YP6024	1650
R-YP6026	1650
R-YP6025	1150
R-Y441836	800
R-Y72679	75
R-FT206320	1650
R-Y446003	800
R-A29050	1650
R-FT367687	1350
R-Y2191	4600
R-Y33	4400
R-YP6009	3300
R-FGC57427	2100
R-Y304481	900
R-Y38970	3300
R-FT167457	2200
R-Y167503	3700
R-FT138007	3500
R-Y286925	1800
R-Y167381	3700
R-Y671802	1350
R-FT12553	1450
R-Y127988	800
R-Y167313	1450
R-FT49115	1050
R-Y261808	50
R-Y373621	800
R-YP968	3200
R-YP969	2900
R-Y38349	50
R-YP6011	2700
R-YP6010	1800
R-Y93710	1200
R-Y100826	650
R-YP4335	1400
R-Y53545	550
R-Y39209	1350
R-Y42696	650
R-Y40965	650
R-YP5917	2100
R-Y93270	1250
R-Y100896	600
R-Y89138	550
R-Y99176	125
R-YP5919	1650
R-Y46009	1400
R-Y330179	800
R-Y45815	700
R-Y50454	550
R-Y96260	1250
R-FTD45033	1250
R-Y603054	275
R-Y602870	275
R-FTG55031	275
R-CTS8816	4400
R-FTB71387	4400
R-Y2898	4300
R-Y3301	4300
R-L1280	2300
R-FGC11555	2300
R-FGC11560	2300
R-FGC11518	500
R-FT38953	1350
R-YP4850	225
R-A19673	1300
R-A16519	50
R-Y308244	1300
R-FGC11627	2300
R-FGC11644	1550
R-FGC11647	1300
R-FT384496	2300
R-Y220521	1100
R-Y426310	2300
R-Y426296	1250
R-Y427365	900
R-Y426325	350
R-Y5647	2200
R-YP6344	1750
R-YP6343	1600
R-Y105217	1450
R-Y98520	1000
R-FT270158	1450
R-FT269130	1100
R-FT148265	2200
R-YP611	2200
R-Y40478	1900
R-Y40592	1400
R-YP3987	1450
R-BY14547	1050
R-Y323345	800
R-FTB69732	1450
R-FTC49242	1200
R-Y84849	1450
R-YP3989	1200
R-Y49085	850
R-YP3992	800
R-Y48303	350
R-Y38424	800
R-Y38580	50
R-FGC19283	2100
R-YP6061	2100
R-BY99297	1950
R-M4014	1650
R-YP6062	1550
R-Y101066	1000
R-Y87248	50
R-YP6502	1550
R-Y37300	1350
R-BY133561	600
R-BY158282	50
R-YP1448	1750
R-FT441507	850
R-YP1701	1650
R-Y560510	1650
R-Y86105	950
R-FTA69786	850
R-FGC19273	1650
R-FGC19275	1400
R-FGC83801	1400
R-FGC19267	950
R-FGC19290	650
R-FGC41205	50
R-FTA14648	1650
R-Y267161	950
R-Y303172	1650
R-Y419745	550
R-FTA14813	400
R-YP311	3600
R-FT226960	3400
R-Y184907	650
R-S18681	2400
R-Y12463	1900
R-YP4272	1900
R-YP4275	1900
R-YP4270	1350
R-YP1428	1500
R-FTA86979	600
R-BY27814	1500
R-FTD55451	1500
R-Y64809	600
R-YP4442	1050
R-YP4443	800
R-Y40450	1500
R-Y184852	1050
R-Y184851	275
R-YP5910	1200
R-YP5912	50
R-YP315	1850
R-BY24958	1550
R-BY63562	600
R-YP314	1600
R-FGC72173	1600
R-FT357995	1500
R-FGC72192	1350
R-Y77473	1150
R-YP1409	1300
R-Y304764	1300
R-YP331	1550
R-FTC2687	1350
R-Y5973.2	1350
R-FT389356	1200
R-BY33396	50
R-FGC50406	1500
R-FT190103	1500
R-FTG82118	800
R-BY192666	1500
R-Y200781	1350
R-Y201138	1250
R-Y338942	1500
R-FT308379	500
R-FT182539	1500
R-BY192462	1100
R-BY192422	50
R-YP1361	1150
R-FGC50407	950
R-Y104915	1150
R-Y109304	1150
R-Y91657	1150
R-Y267984	300
R-FTC63428	250
R-Y267987	125
R-YP1363	1050
R-Y611013	950
R-BY176469	650
R-BY154594	750
R-BY79500	50
R-FTB88626	1000
R-FTB89731	900
R-Y640087	125
R-FGC48768	900
R-Y617245	900
R-YP6188	950
R-Y33208	700
R-YP6495	300
R-FT133789	550
R-Y226264	1050
R-Y40826	750
R-YP5509	850
R-Y32348	600
R-YP5924	125
R-Y101262	150
R-Y2902	2000
R-FT33913	1550
R-FTB79685	2000
R-BY66504	650
R-FT395527	1950
R-Y29416	1950
R-FT395911	1350
R-Y260528	850
R-Y442112	1200
R-Y533439	425
R-FTB49786	950
R-Y159781	2000
R-Y477979	275
R-Y249666	1300
R-CTS11142	850
R-CTS8841	650
R-Y283601	1450
R-Y340642	800
R-YP3994	1400
R-Y35251	1000
R-FT194689	200
R-Y35225	2000
R-FT253506	2000
R-FT458993	2000
R-FT253720	0
R-Y329101	2000
R-Y35216	1450
R-FTC41411	1450
R-Y144416	550
R-FT41810	2000
R-FT340117	2000
R-Y35232	1700
R-Y35227	800
R-Y275264	50
R-FT41738	1150
R-BY32477	1650
R-BY32474	850
R-Y223508	1500
R-Y383376	1500
R-BY53776	800
R-FTC63602	700
R-FTC47164	500
R-FT224853	650
R-FT224653	500
R-BY198475	275
R-FTC44800	250
R-Y4380	1750
R-Y35311	1200
R-A22775	100
R-FT265048	1550
R-Y194349	1550
R-FT195072	1500
R-Y4382	1500
R-Y35192	2000
R-F15994	1250
R-YP6083	1100
R-Y1396	1950
R-Y1399	1950
R-FT88897	1750
R-FTB63785	200
R-FTC97835	1550
R-FT89063	1550
R-YP1447	1700
R-Y35272	1650
R-Y35265	950
R-Y35268	325
R-BY151115	475
R-A16795	125
R-FTB59601	75
R-FTB60412	125
R-FTB60669	350
R-Y306070	50
R-FTB28843	275
R-FTB61798	200
R-FTB67790	275
R-Y286226	250
R-FTB59675	125
R-FTB61799	100
R-Y3226	2000
R-FT72146	1950
R-Y400571	1950
R-FT71888	1100
R-YP5224	1800
R-FT79643	1800
R-FGC56506	1500
R-BY27800	1800
R-FT139225	1750
R-BY27799	1750
R-Y35351	50
R-Y3219	2000
R-Y292101	650
R-S19929	500
R-Y35374	1400
R-Y3222	1700
R-Y35379	1700
R-Y35378	1150
R-Y3232	125
R-Y3220	50
R-YP4863	1800
R-Y35395	1800
R-FT118072	1400
R-Y35399	950
R-Y35392	400
R-YP4966	1700
R-FTB42385	800
R-Y303322	800
R-Y23598	1700
R-Y35420	1600
R-Y35419	700
R-Y599461	700
R-FT136260	1550
R-Y251751	1350
R-BY62424	1550
R-Y149891	950
R-Y35408	1500
R-Y360373	50
R-Y35405	900
R-FT218573	1500
R-FT215309	50
R-BY101983	1550
R-Y536025	1550
R-BY76380	1550
R-Y432853	800
R-Y535636	475
R-Y189228	750
R-Y253555	250
R-Y189241	550
R-Y224728	425
R-Y497388	50
R-YP1144	2000
R-Y35432	1100
R-PH3519	2000
R-Y18555	1500
R-Y262791	1500
R-Y292880	1350
R-BY144519	1450
R-BY139285	1350
R-PH864	2000
R-PH3782	1600
R-Y35457	500
R-Y35464	500
R-FGC49877	1600
R-Y290319	1600
R-FT155002	650
R-FT29956	1500
R-Y351719	800
R-Y144500	1200
R-Y144480	1200
R-BY32501	1400
R-Y136823	1200
R-Y35453	1200
R-Y35455	1150
R-FTA78333	1200
R-FTA78221	1150
R-Y185498	950
R-Y206680	1550
R-Y415487	1050
R-FTE43140	1050
R-Y415488	1000
R-Y464429	50
R-Y511371	900
R-Y2910	1950
R-FT211505	1950
R-Y35498	1650
R-A32539	800
R-Y35503	1250
R-Y2915	1850
R-Y646448	1850
R-Y35552	1150
R-FT158482	900
R-Y134167	1000
R-Y134169	700
R-Y311091	1150
R-Y311140	950
R-Y35510	1500
R-Y35565	1450
R-FT10581	1750
R-FT9334	550
R-Y369116	950
R-Y369120	650
R-Y369117	50
R-Y195822	1850
R-A26690	1700
R-BY20664	800
R-Y244367	1300
R-Y244365	1100
R-Y244363	1100
R-FGC10186	1400
R-FGC10172	1400
R-FGC10164	1050
R-FGC10181	1050
R-FT230066	1850
R-Y435101	1600
R-FT226280	1350
R-FT226381	1100
R-Y35587	1200
R-Y35582	950
R-FT17084	550
R-Y226330	350
R-Y35577	125
R-Y168758	1850
R-BY190000	1250
R-FTD40126	950
R-FTG91832	275
R-FT65356	800
R-BY191767	650
R-BY191294	650
R-FT30381	1850
R-FT388693	1600
R-FT388530	125
R-Y251644	550
R-FT30676	1200
R-Y313053	1100
R-FT29159	900
R-FT30376	700
R-Y168694	425
R-YP310	1600
R-Y35609	1100
R-Y35621	950
R-Z32504	950
R-Y29593	1200
R-YP5995	1200
R-Y35670	1200
R-BY152582	1400
R-FT10369	1000
R-FT265049	1550
R-Y35647	950
R-Y35651	700
R-Y289963	500
R-FTB50189	1550
R-FTB40814	1000
R-Y160010	1550
R-Y159997	1150
R-Y35624	1200
R-BY175222	1200
R-BY175684	1200
R-BY131705	450
R-FT18218	450
R-FTT91	1850
R-FT212710	1850
R-FGC10331	1450
R-FGC10325	800
R-FGC10327	425
R-FTG76054	500
R-FTB69985	1550
R-FTB64513	1450
R-HU479	1350
R-Y252689	900
R-Y35600	1850
R-Y168676	1100
R-FTF34314	550
R-Y35606	1700
R-Y35594	1700
R-Y35592	1500
R-Y35593	700
R-Y35597	50
R-BY8830	1550
R-Y235501	700
R-FTG89695	600
R-Z434	1550
R-Y203929	700
R-FTF96187	275
R-Y203933	350
R-FTD99789	375
R-Y447590	275
R-Y640555	50
R-FT222946	1100
R-FTH12404	50
R-FT220847	1050
R-FT275546	1550
R-Y35689	1050
R-Y35681	1550
R-Y35677	350
R-FT274964	1350
R-FT274112	800
R-FTA64371	1350
R1b	20400
R-L754	17100
R-L761	16000
R-L389	15600
R-P297	13300
R-M269	6400
R-L23	6100
R-L51	5700
R-L52	5100
R-BY44535	3000
R-Y289225	3000
R-FTB60311	125
R-PF6538	5500
R-L151	4800
R-A8053	4300
R-Y139456	100
R-A8051	3400
R-FT91873	3400
R-Y140286	1700
R-Y140295	1200
R-Y140297	900
R-A8062	450
R-FGC51001	300
R-FGC51304	225
R-FGC57291	3000
R-FT19913	2500
R-Y285610	2500
R-Y285422	2500
R-Y292564	2500
R-FGC37108	3000
R-FGC37090	2100
R-Y251286	350
R-FGC37084	2000
R-FGC37088	1050
R-FGC37096	375
R-BY124654	225
R-P312	4500
R-A9063	4400
R-FGC58136	3800
R-Y454020	3800
R-FTB8911	700
R-BY20464	1650
R-FGC72603	950
R-Y257079	950
R-Y135305	800
R-BY25512	3900
R-FTA84066	4500
R-PH2278	2900
R-BY43155	2700
R-PH611	800
R-Y66340	200
R-BY89312	200
R-Y60082	2900
R-BY61789	325
R-Y18211	4500
R-BY55443	4500
R-Y18209	3800
R-Y46400	1900
R-BY12147	2700
R-Y46708	1100
R-BY12154	350
R-Z30597	3700
R-BY65961	3300
R-Y437763	650
R-FT17065	3000
R-Y303250	3000
R-FTA17184	1000
R-Y421947	800
R-Z30596	3700
R-FT74193	650
R-A9436	2100
R-Y271481	650
R-BY15423	850
R-FGC45486	375
R-Z29644	3900
R-BY127955	3900
R-A5303	2300
R-A5304	1600
R-FGC53441	1600
R-A5305	1050
R-FGC53443	350
R-FGC39559	1050
R-FGC39555	550
R-BY19604	1050
R-BY36116	225
R-FGC69542	1400
R-BY221184	800
R-A21073	275
R-A21079	275
R-FGC72053	50
R-DF99	4000
R-BY3449	3500
R-FT240125	3400
R-FT238968	3400
R-Y294702	1300
R-FT75904	2300
R-BY3447	2600
R-Y74504	1300
R-FT51762	2600
R-Y22148	2500
R-Y22144	1200
R-Y66080	50
R-Y490769	4000
R-FGC847	4000
R-Y2832	3900
R-FGC864	3500
R-FGC55215	1200
R-FGC858	3400
R-BY21739	2400
R-Y5049	3600
R-FT78600	3600
R-FT77901	2200
R-Y46805	300
R-S16136	3200
R-Y30740	3000
R-Y626752	50
R-S16027	2000
R-Y29887	1900
R-FT129719	1550
R-BY65827	1100
R-Y252950	350
R-Y617391	50
R-Y5046	3200
R-Y266239	1350
R-FGC73088	3200
R-FGC55515	2900
R-Y460370	2900
R-FGC16995	3100
R-FT83105	3100
R-FTB13050	1900
R-BY74354	850
R-Y31433	3000
R-CTS2492	1450
R-FGC17024	2800
R-FTC19904	2100
R-Y352399	1000
R-FTC90701	1000
R-FGC16997	1950
R-FGC17014	425
R-Y134723	700
R-BY15478	650
R-BY15479	300
R-L238	4500
R-Y112804	4400
R-Y98436	2700
R-Z2245	4400
R-BY41521	500
R-BY106795	500
R-Y304871	500
R-Y304840	50
R-Z2247	4400
R-A6289	1450
R-FTA40210	1600
R-Y264023	500
R-Y312116	50
R-Y29874	2000
R-FT7240	2000
R-S6932	500
R-Y82347	350
R-BY127933	300
R-CTS11638	4100
R-Y11660	3400
R-Y10824	1800
R-Y10827	1700
R-Y17457	1700
R-BY38425	1500
R-Y17456	1050
R-Y52060	1050
R-SFL2	1700
R-SFL1	1700
R-Y45579	375
R-BY4665	1700
R-BY18415	375
R-Y125074	1700
R-BY4678	1600
R-BY4675	1100
R-Y28604	150
R-Y101604	650
R-A6291	1550
R-BY90747	150
R-Y29865	700
R-BY193914	1550
R-FT415988	1500
R-FGC90753	1450
R-FT49026	1200
R-Y434030	200
R-Y22181	800
R-S15412	450
R-Y88625	700
R-FT85816	125
R-FT50453	1200
R-Y90483	1200
R-Y81776	0
R-Y11662	1600
R-Y31388	1150
R-Y85422	950
R-PH1220	1250
R-BY19599	600
R-Y100721	50
R-Y32819	700
R-Y129531	300
R-Y47227	550
R-Y20785	1600
R-BY4658	1050
R-BY19596	1050
R-BY25456	1050
R-BY19597	425
R-FT116921	425
R-DF19	4500
R-Y30783	4000
R-Z39380	1600
R-Z39403	1150
R-Z39400	50
R-Z302	4500
R-FT292232	4400
R-BY127730	3500
R-Y128174	275
R-FT11655	4400
R-Y23278	3400
R-Y65057	3400
R-BY81035	1100
R-Z39717	3400
R-Y78835	200
R-Z35692	750
R-BY142563	750
R-Y78810	275
R-Z8193	3700
R-Y546105	3700
R-Y545615	50
R-BY42885	3600
R-C111293	1950
R-Z39464	2600
R-FT18289	3600
R-Z17098	3300
R-CTS2975	2300
R-BY39853	1750
R-Y151351	1750
R-Z39896	3400
R-Z39898	3400
R-FT208980	2700
R-Y310698	1050
R-FT28743	1050
R-Y631360	175
R-DF88	4500
R-Y47826	800
R-Y3097	4500
R-BY55551	2800
R-BY19353	3500
R-Y3096	4000
R-FGC11845	800
R-Z34614	700
R-Y84897	500
R-Y6234	3600
R-FGC29974	2700
R-S22748	2700
R-FGC29967	2700
R-BY167285	2300
R-Z30474	2700
R-BY33340	450
R-Y151910	2200
R-Y378033	950
R-BY18825	1550
R-BY67004	1250
R-Y450614	350
R-Y151867	950
R-BY106488	500
R-BY79362	250
R-BY138926	125
R-S4268	3600
R-FT175877	2500
R-Y11522	475
R-Y13835	350
R-Y6237	3200
R-FT26900	2300
R-S4273	1500
R-Y292426	500
R-Y17483	225
R-Y49876	1800
R-FGC86150	3100
R-L719	2500
R-BY41139	950
R-BY19314	2100
R-Z30485	1950
R-Z41639	3100
R-Z41635	3100
R-Z17125	3000
R-Z29039	2200
R-Z29040	1950
R-FT116675	1650
R-Y335697	1800
R-Z17126	2200
R-Z40621	1950
R-Z40619	1950
R-BY71776	500
R-FTA39563	500
R-FTA48361	1950
R-Y308331	1950
R-Z17318	200
R-FGC65813	50
R-S9287	3000
R-Z43277	2800
R-Z27258	2900
R-Z29049	2200
R-Y328483	1350
R-FGC68487	2900
R-FGC68472	2900
R-Z39228	2900
R-BY19347	300
R-FGC68467	2900
R-Z39823	2900
R-Y320812	2400
R-Y265875	2500
R-S21149	2000
R-BY161381	1750
R-S24053	1000
R-Y267250	950
R-FT88174	3200
R-Z43162	1550
R-Z43166	1400
R-BY110085	1200
R-Z21280	3200
R-Z21279	3100
R-BY46034	50
R-Z39867	2600
R-Y426773	2600
R-Y580138	50
R-Z39868	2500
R-Z40131	2300
R-BY39845	1950
R-Z40855	1900
R-FTB40231	275
R-S17075	2800
R-FT214752	2700
R-FT211469	2700
R-L644	2200
R-BY207485	1950
R-BY110882	425
R-BY79552	225
R-Z17120	2200
R-Y182995	2200
R-Y326371	1800
R-Z21088	2000
R-Z43773	300
R-Z17121	1700
R-Z17122	1600
R-Y262491	1300
R-BY122125	1150
R-Z30496	1300
R-Z30498	1000
R-U152	4500
R-FT95324	850
R-Y131428	3200
R-Y131427	1350
R-Y221072	2300
R-Y22447	4100
R-Y22162	225
R-Y111860	3000
R-BY33008	1650
R-B83	1650
R-FT27293	3900
R-A274	3800
R-PH1424	3800
R-M8111	3100
R-FT15027	3100
R-Y80362	1950
R-A275	3800
R-Y32753	475
R-Y146438	3100
R-Y146439	3100
R-Y146445	375
R-A517	4200
R-Y141855	4100
R-BY220332	3800
R-BY147991	3800
R-Y168894	1550
R-Y168912	700
R-Y22170	4100
R-Y22803	3500
R-Y22798	2900
R-Y22161	800
R-Y22813	750
R-BY488	475
R-Z193	4500
R-Y323092	3400
R-Y286693	1150
R-Y44783	800
R-Y140056	2700
R-Y140057	250
R-Y157813	900
R-Y157823	50
R-FGC5033	4400
R-FGC5028	4300
R-BY117303	4300
R-BY65597	2500
R-FT195172	1350
R-FT10968	4300
R-FT10164	4300
R-Y438241	650
R-Y196162	4200
R-Y585573	2000
R-BY3637	3300
R-Y282405	1350
R-BY99550	3300
R-Y51230	2700
R-FT149791	2400
R-FT148770	350
R-FGC30128	3500
R-FGC30134	2100
R-BY42877	2900
R-BY3854	1300
R-Y160363	1050
R-BY42785	650
R-BY43633	450
R-BY43852	375
R-Y16335	4500
R-FT137083	3200
R-FTC12364	3200
R-FTA15300	0
R-Y249418	350
R-CTS2617	4300
R-Y16248	3300
R-CTS11993	3800
R-Y530260	3700
R-Y221603	2800
R-Y221452	200
R-BY3851	3400
R-FT189406	2800
R-FTA44479	2800
R-FT114029	3400
R-BY3631	2200
R-FT112746	2200
R-Y215762	2200
R-BY54584	3400
R-BY151641	3400
R-FTB5864	1250
R-Z192	4500
R-CTS10676	800
R-CTS3065	800
R-PF6652	4500
R-FT354146	4100
R-Y136214	3500
R-Y136239	3100
R-Y136213	50
R-Y17621	3200
R-Z29460	3000
R-Y355399	2300
R-Y589001	1950
R-Y289717	1800
R-Y346365	50
R-PF6656	4500
R-Y29883	4300
R-Y29879	175
R-PF6654	3700
R-PF6670	2900
R-S23682	3700
R-PF6694	2500
R-PF6717	125
R-Z30155	3500
R-Y266910	3000
R-BY6661	3100
R-BY6638	1000
R-BY6686	225
R-BY6641	225
R-Z56	4400
R-Y192351	3100
R-FTA48965	2800
R-Z42	4400
R-BY90005	125
R-FT67975	4300
R-Y421960	650
R-FT66935	375
R-Z43	4400
R-Y29977	3100
R-Y559296	3100
R-BY38807	1100
R-BY3958	2600
R-BY2806	2300
R-BY93133	2200
R-Y381940	2200
R-BY74932	1150
R-Y437174	1150
R-Y438114	900
R-S47	4100
R-Z48	3700
R-Z44	3700
R-CTS8949	3700
R-CTS2827	3300
R-BY43054	3200
R-BY3954	2600
R-BY3949	800
R-CTS3566	800
R-FT289163	3500
R-BY118663	3300
R-Y361927	3300
R-Y584820	1300
R-S4634	3500
R-Y157199	3000
R-BY84646	1850
R-Y225624	3500
R-Y89428	2300
R-FGC62160	3400
R-BY70282	2400
R-PH2871	3400
R-BY3544	4400
R-FT15337	4400
R-BY42722	3500
R-Y406281	3500
R-FT18236	2500
R-Y63642	2300
R-FT394560	2300
R-Y60231	425
R-S1523	4400
R-BY38827	2600
R-FT45579	1600
R-S1527	4400
R-BY1531	3600
R-Y86563	3200
R-L4	2400
R-Y112033	2100
R-Y305238	650
R-S1520	1550
R-Y89024	550
R-Y128530	150
R-BY1191	3700
R-Y262855	3700
R-BY154171	3700
R-FGC37197	2800
R-BY917	2800
R-Y378107	50
R-Y101215	1600
R-BY105558	1600
R-Y88508	650
R-Z145	4200
R-BY1823	4200
R-Y128345	3200
R-Y128434	2600
R-Y184532	1000
R-Z29485	4200
R-PH2982	3600
R-FGC3246	350
R-CTS6389	3200
R-BY173146	2600
R-Y304835	1650
R-PH4078	3100
R-Z72	3100
R-FT289585	2100
R-Y62219	2000
R-Y634381	2400
R-C135434	1950
R-Y313947	1800
R-Y249028	2400
R-Y37005	3100
R-Y101211	2800
R-PF6582	3500
R-FT175546	2900
R-Y447819	2500
R-FTE9707	1350
R-PF6577	3500
R-BY82038	2300
R-Y303471	2300
R-FTA13294	2200
R-FTA13144	1750
R-Y506403	3500
R-Y143596	100
R-FGC36902	3000
R-FTA87542	3000
R-Y335425	1950
R-Y43699	1500
R-Y38925	850
R-FGC36897	3000
R-FGC36903	3000
R-FGCLR258	1200
R-A8380	500
R-FGC36918	1200
R-A9914	200
R-BY186940	1500
R-YP4383	450
R-Z36	4500
R-CTS7961	4500
R-FTB28826	0
R-Y156527	3300
R-FGC6472	4400
R-FGC6479	4000
R-Y259984	1950
R-Y143402	3900
R-M12056	3400
R-Y183646	2900
R-A7984	3600
R-Y365123	1350
R-A7985	3200
R-BY56265	3200
R-Y44864	1100
R-Y74656	3200
R-Y289297	1050
R-Y60298	600
R-BY9459	3600
R-V2488	3500
R-Y140651	1350
R-BY39614	1200
R-Y61926	2200
R-Y62318	1400
R-Y69904	375
R-FGC6412	4100
R-Y3577	1800
R-Y69284	4100
R-BY7778	2600
R-Y134579	4100
R-SK2115	3500
R-Y134631	3100
R-Y134590	3000
R-Y134593	3000
R-Y489511	4500
R-FGC36138	375
R-CTS5531	3800
R-Y44765	3300
R-CTS9981	3700
R-Y185429	2800
R-Y185723	2800
R-Y185404	2400
R-Z37	3700
R-Z70	3700
R-PH4380	3700
R-CTS10146	3700
R-CTS10276	3700
R-Y91536	3300
R-Y94538	3200
R-Y82494	950
R-Y105398	375
R-FT3071	200
R-Y175368	1250
R-FGC90545	1250
R-Y504829	1250
R-A7970	4100
R-BY32364	4000
R-FT330613	3400
R-FT362715	2300
R-BY32362	4000
R-Y184620	3300
R-BY32383	2900
R-Y324339	650
R-BY32361	200
R-A7974	3600
R-FT124922	3600
R-CTS188	2500
R-Y192804	2400
R-FTE72571	2400
R-Y192464	1650
R-A7978	3600
R-A7976	3500
R-Y304536	1850
R-FT56507	3200
R-BY4044	3000
R-Y433002	3000
R-Y433430	2900
R-Y271101	1150
R-Y417434	200
R-A12417	3900
R-Y82002	2800
R-BY32273	3700
R-FT258163	3700
R-BY32257	2800
R-BY60379	250
R-FT395848	125
R-BY32259	3000
R-BY42730	2300
R-Y442954	2300
R-Y336023	2100
R-Y441880	2100
R-BY50732	1400
R-Y335820	1400
R-BY64300	0
R-Y647517	1100
R-Y302891	2400
R-Y17161	4500
R-PH2997	4300
R-Y159469	1150
R-Y159484	650
R-Y159491	50
R-Y16889	4300
R-Y16884	1950
R-Y16885	650
R-Y107098	125
R-Y83405	225
R-Y19716	450
R-FGC43713	450
R-FGC43716	450
R-Y29590	650
R-Y29589	450
R-Y33021	300
R-Y32082	275
R-Y19751	375
R-Y23841	100
R-Y24059	375
R-A8033	425
R-Y19410	275
R-Y49097	50
R-A7993	4200
R-Y436912	50
R-FTA27650	1750
R-FTF91540	2000
R-S8010	2000
R-FTA52047	1950
R-A7994	700
R-FGC71417	4200
R-FT192771	3700
R-Y476909	3100
R-FT356990	2700
R-S44	3300
R-Y24953	1250
R-Y37921	150
R-Y79407	3800
R-BY32404	3800
R-Y340047	3800
R-Y340132	3800
R-Y635822	800
R-Y66313	2800
R-Y434205	800
R-Y66270	2800
R-BY32418	3400
R-Y131144	3300
R-BY158550	2800
R-BY157354	375
R-FT232464	3300
R-BY107443	3300
R-Y191475	2800
R-Y203904	1600
R-Y203906	375
R-FGC59783	4200
R-Y263812	2900
R-FTA1379	275
R-FTC28412	50
R-FGC71023	3400
R-Y464938	700
R-BY158114	3400
R-Y289316	3400
R-Y289308	1100
R-FT34139	2700
R-Y247739	3300
R-BY182008	3200
R-Y158731	500
R-FTA27217	550
R-FTA43936	500
R-FTA42008	425
R-BY63479	50
R-L2	4500
R-BY168917	2700
R-BY165942	2700
R-FTA22976	0
R-BY75734	4000
R-CTS5689	4500
R-Y222042	3400
R-FT157630	1100
R-Y276802	1100
R-Y275314	0
R-FT391610	4500
R-FTC36395	0
R-FTD4754	1950
R-Y167279	2800
R-Y581521	1450
R-BY39332	2900
R-FT40288	2900
R-FT40838	2200
R-FT7270	3000
R-Y88009	1950
R-Y186860	2200
R-Y61958	2900
R-Y67616	2500
R-BY118486	3500
R-FTA43259	400
R-FGC11577	3100
R-FGC11614	3100
R-Y187999	4500
R-Y187919	3200
R-Z29979	3000
R-Y264574	3000
R-Y331954	0
R-Y38089	2500
R-PF7611	2500
R-FGC5354	3100
R-Y208594	125
R-BY3483	3100
R-FT166860	3000
R-Y194401	800
R-Y11667	3500
R-Y28607	1150
R-FT17296	950
R-FT66481	500
R-Y70153	500
R-Y11932	3400
R-Y11232	3100
R-Y19742	750
R-Y84137	3900
R-BY192600	3900
R-Y598654	50
R-Y585455	3600
R-FT134370	3400
R-BY3477	4500
R-FTD27035	3500
R-Y518940	4500
R-BY13147	3800
R-Y248392	3800
R-A12410	1350
R-A12411	425
R-BY70894	75
R-ZS11221	350
R-FTA2489	4300
R-BY101773	3100
R-FT32936	2600
R-BY128917	2600
R-BY96585	2600
R-Y229632	3600
R-FTA1767	3500
R-FTA1714	1800
R-Y229688	3100
R-A19725	3700
R-A19718	3700
R-BY39291	2500
R-Y78233	2700
R-Y78558	1550
R-Y334402	1150
R-M6167	950
R-Y72535	1150
R-BY2823	3400
R-Y277904	1500
R-BY58819	1400
R-FT62115	1200
R-FT181766	500
R-BY194437	50
R-FGC22501	4400
R-Y37740	4300
R-Y37739	3600
R-Y37745	2900
R-Y37734	1100
R-Y37737	225
R-FGC22538	3800
R-PAGES00073	1850
R-BY190971	1850
R-FGC22516	3800
R-FGC42117	2800
R-FT185095	2800
R-FTC81263	1500
R-FGC66698	3800
R-YFS1718550	3800
R-Y305387	800
R-A197	1650
R-FGC5308	500
R-Y21276	300
R-FGC71253	200
R-FGC64537	150
R-FGC64538	50
R-FGC5299	225
R-Y22151	3500
R-Y61226	3300
R-L135	3100
R-Y294655	1500
R-BY3506	2800
R-FT1573	2500
R-FT59110	2800
R-BY92364	2200
R-FT214421	2200
R-Y31324	500
R-Y131461	275
R-Y57256	275
R-Y111867	175
R-DF90	4100
R-Y12051	4100
R-Y125242	3300
R-FGC32042	2300
R-Y51701	350
R-FGC32049	50
R-FGC59581	3400
R-Y434860	2700
R-Y144501	475
R-FGC59564	1100
R-FGC59580	1100
R-Y435691	1100
R-FGC59574	1100
R-BY68281	425
R-FTF33490	1100
R-S18462	4100
R-Y289378	4100
R-BY3490	3700
R-A11708	3100
R-BY4233	2600
R-BY69760	2600
R-BZ4498	900
R-BY74470	50
R-FGC42933	3400
R-FT206743	3300
R-Y197645	500
R-A6454	3900
R-Y22299	3900
R-Y22291	3900
R-FT49615	2800
R-FT130805	500
R-FT51462	2700
R-Y22312	3900
R-Y22121	300
R-Y22286	300
R-BY771	2200
R-BY806	1200
R-FT366860	175
R-BY31090	1200
R-BY820	475
R-FTB88865	300
R-Y190145	425
R-FT341912	425
R-FTC77179	50
R-FGC62430	125
R-Y22192	4100
R-Y20253	3800
R-FT27869	3800
R-FGC63181	3200
R-Y93543	800
R-SK2111	800
R-BY3484	3200
R-FT90804	3200
R-Y266773	0
R-Y301239	0
R-Y22190	2700
R-Y71992	1450
R-BY3481	200
R-BY14173	2500
R-Y100302	2500
R-FTB7362	550
R-FTC66153	150
R-Y315697	550
R-Y609154	50
R-FTB75688	550
R-FTB75621	50
R-Y3961	4200
R-Y179419	3500
R-FTA52718	1500
R-FTA11023	1200
R-Y175827	450
R-Y52077	3300
R-Y51147	3200
R-Y397866	3000
R-FTA44574	3000
R-Y310431	1400
R-Y310466	950
R-Y3960	4200
R-MF100284	4200
R-FGC79329	1500
R-BY25318	4200
R-BY25320	3400
R-FT112540	3300
R-BY98301	2700
R-BY38629	3300
R-Y358630	3300
R-BY171286	2800
R-Y609262	2800
R-FT410015	2300
R-FTA18801	2300
R-FTA29943	2700
R-FTA30946	1550
R-Y304118	125
R-FTA89812	50
R-Y286639	50
R-Y17997	3500
R-Y43738	3100
R-Y38837	1800
R-Y55878	3000
R-Y46692	1400
R-BY98005	200
R-FT63938	175
R-FT100745	125
R-A1706	2500
R-L196	750
R-A1721	750
R-L196a	450
R-A1720	425
R-A1741	150
R-BY27457	350
R-BY138763	350
R-BY56991	200
R-S14469	4500
R-FGC8158	4500
R-Y289384	4500
R-FGC79503	4500
R-Y438509	4500
R-Y61423	4300
R-BY39274	4300
R-Y76590	4300
R-FGC79468	50
R-FT165198	4500
R-Y168450	3900
R-Y20162	4500
R-Y19723	4500
R-Y19730	4500
R-Y462335	4500
R-Y19724	2000
R-Y427771	1050
R-Y20161	2000
R-Y20170	800
R-Y15087	3800
R-FGC8165	1000
R-Y52697	1500
R-Y267314	800
R-Y55016	1450
R-Y444746	350
R-Y53682	1450
R-Y297758	1450
R-Y332234	50
R-Y50721	700
R-FT18699	250
R-FT55898	50
R-FT23457	125
R-FG668	4000
R-FTC5982	4000
R-FGC4181	2100
R-FT185335	3900
R-FTD18587	3800
R-Y431087	350
R-Y431622	50
R-BY123080	3400
R-BY98312	700
R-Y222251	650
R-FT31290	3000
R-FT29240	950
R-Y454442	2200
R-FGC89179	2200
R-Y456120	2200
R-FGC89168	2200
R-Y520387	1000
R-Y580945	850
R-FGC36253	4000
R-Y574777	1650
R-BY3491	1000
R-Y79509	700
R-FGC36273	4000
R-FTB79507	4000
R-Y329085	4000
R-FGC36255	4000
R-Y314930	3600
R-FGC38722	3700
R-Y363690	1500
R-Y363679	350
R-BY3495	3500
R-FGC46805	375
R-Y373994	1950
R-Y417450	425
R-Z258	4000
R-Z34	3600
R-Y20998	2100
R-Y81461	950
R-Y20995	2100
R-Y21277	900
R-Y62128	550
R-Y65179	375
R-Y22216	300
R-FGC46752	175
R-Z33	3500
R-Y130372	650
R-BY69973	125
R-Y2534	3200
R-CTS1073	3200
R-Y499981	0
R-Y89388	2700
R-Y64194	3100
R-FT65081	3000
R-Y78234	2800
R-BY34110	375
R-PF7623	3100
R-S9635	2700
R-Y163625	2700
R-PH1120	650
R-BY3604	3400
R-Y593699	3400
R-FT190968	2900
R-FGC91731	1050
R-Y31877	2400
R-Y31871	2300
R-A7027	1400
R-A14636	500
R-A14635	300
R-Z256	3400
R-Z39680	900
R-Z275	3200
R-BY199868	2200
R-PH137	1000
R-Y146179	450
R-BY194812	450
R-F26162	375
R-CTS5483	375
R-BY202596	50
R-BY31340	50
R-L20	4000
R-FT251292	4000
R-A16814	3300
R-Y128634	1100
R-FT20578	200
R-FT340981	3500
R-BY72046	2700
R-BY135448	3300
R-Z291	4000
R-S1605	3100
R-FT100384	3100
R-BY176345	3500
R-FT165150	2900
R-BY3575	3100
R-FT96913	3100
R-Y32043	2900
R-BY34036	2900
R-CTS4216	0
R-BY76639	4000
R-Y351301	500
R-BY199351	3000
R-BY199426	2800
R-Y457998	150
R-Y334679	1950
R-Z1909	3400
R-Y617695	3400
R-BY113346	3100
R-BY187829	2300
R-Y220527	2700
R-PH1031	225
R-Y22248	1650
R-Y74239	225
R-Y188092	100
R-Y6789	3400
R-Y15103	3400
R-BY137174	3300
R-FT87109	500
R-FT87244	50
R-Y15105	450
R-Y45266	325
R-Y46759	125
R-FT40040	2700
R-Y266452	2700
R-Y7394	375
R-Y23243	1600
R-Y67530	950
R-BY34070	2400
R-BY34042	2400
R-FT44011	1000
R-BY96587	500
R-BY65890	1850
R-BY64164	275
R-BY131809	225
R-Y501988	4000
R-FGC41992	2200
R-BY3595	3600
R-BY3598	3000
R-Y206371	2800
R-Y45549	2200
R-Y50735	850
R-FGC56105	3700
R-BY82692	3700
R-Y47621	3500
R-Y125867	50
R-FGC49428	3300
R-BY3559	500
R-BY3592	2100
R-FT36980	3300
R-BY5688	3100
R-FT396992	2500
R-FTA1419	3100
R-Y435973	3100
R-Y61773	2500
R-Y66628	850
R-BY128579	850
R-Y61425	750
R-S16553	3800
R-S11621	3000
R-FT44888	2900
R-Y111961	800
R-Y85559	225
R-A17627	3800
R-Y88095	3200
R-Y81707	50
R-Y139277	3000
R-Y139223	500
R-Y139200	200
R-Y162192	400
R-CTS9733	3800
R-CTS7275	2300
R-BY3603	1800
R-Y34153	2900
R-Y34151	1400
R-Y85830	1250
R-S1505	3800
R-Y58552	3100
R-FT14356	2800
R-Y46582	700
R-Y290765	700
R-Y31354	3600
R-Y31355	3500
R-FT69171	3100
R-BY3555	175
R-Y300559	3700
R-BY49903	1750
R-BY49890	500
R-Y11788	3700
R-Y12487	2800
R-Y11786	2600
R-Y11787	2300
R-Y250956	800
R-Y11785	900
R-FGC17191	125
R-BY3567	2500
R-Y30758	2400
R-A15853	2400
R-BY34050	650
R-Y128549	2300
R-Y137694	850
R-Y643924	800
R-Y29869	1850
R-FTC15369	1150
R-A13341	700
R-A15851	375
R-Y7956	300
R-FGC73578	700
R-Y501818	3200
R-BY96878	2700
R-Y177459	200
R-Y371568	950
R-S10068	3100
R-Y36364	2900
R-Y36362	2100
R-FTA84108	2900
R-FTA78833	1250
R-FTA83494	750
R-FTA83883	700
R-FT73848	2900
R-BY33990	400
R-Y103340	200
R-FT35883	200
R-BY67643	400
R-Z49	4500
R-Y376835	1200
R-Y413638	800
R-Y344670	50
R-Y107974	3800
R-Y84147	2600
R-BY128477	4100
R-BY96884	4100
R-BY55682	600
R-FT10357	200
R-FT14906	275
R-Y18901	4500
R-FT70174	2900
R-BY196023	2700
R-Y18894	2100
R-Y18895	225
R-Y62498	4500
R-Y60735	1550
R-Y60912	1000
R-Y62274	50
R-S15208	3900
R-L202	3500
R-BY42687	3500
R-Y283600	3200
R-Y284091	1300
R-FTB7250	350
R-BY3614	3200
R-Y231917	3000
R-Y232000	1500
R-Y32144	3000
R-S26226	1950
R-Y88998	1800
R-Y141916	3000
R-Y338717	1100
R-Y56862	700
R-Y140969	3000
R-Y140972	1950
R-BY101588	1150
R-Y140956	850
R-S8183	4200
R-Y142833	2000
R-Y142834	700
R-Y342905	2000
R-BY66078	4200
R-BY77355	3800
R-FT57441	3400
R-FT89260	2900
R-BY22763	125
R-FT44656	4200
R-FT134977	4200
R-Y317089	4200
R-Y582589	1950
R-Y179346	2200
R-Y179066	50
R-FGC57668	4100
R-Y17176	3500
R-PH2571	2400
R-PH3009	1650
R-Y17181	2900
R-Y16860	2900
R-FGC57689	2800
R-Y28622	2700
R-Y29037	2400
R-Y28618	125
R-FGC57699	2000
R-Y293819	2000
R-Y5383	250
R-Y11178	850
R-BY84212	750
R-Y150021	750
R-Y47472	850
R-Y46859	750
R-Y22874	750
R-Y53844	700
R-FT116692	475
R-FT116884	425
R-Y13610	650
R-Y180323	375
R-BY137422	550
R-FGC36729	300
R-FT30363	650
R-Y58344	650
R-BY5697	450
R-Y113337	275
R-Y36323	200
R-Y89222	200
R-Y4353	4200
R-Y265165	4200
R-FT412532	4200
R-Y264792	4200
R-Y278111	3500
R-Y278542	3500
R-Y64642	3100
R-Y4354	4000
R-S8172	3800
R-BY42859	3800
R-Y283538	3800
R-BY65887	3500
R-BY56026	3500
R-Y306353	3400
R-Y84845	375
R-CTS3409	3700
R-Y138648	650
R-BY184991	3700
R-Y171161	1800
R-FT35602	800
R-FT155742	3800
R-Y90198	1700
R-Y314477	200
R-Y91295	225
R-A20445	250
R-Y177596	125
R-Y4355	4000
R-BY182698	3000
R-BY182630	800
R-FT75360	4000
R-Y372944	4000
R-Y372969	0
R-BY163695	3800
R-Y316213	3800
R-Y421410	1750
R-BY33907	2500
R-BY170288	500
R-Y14145	3600
R-Y14102	3600
R-Y86791	1100
R-Y14088	1650
R-Y14090	50
R-Y17276	3200
R-BY33899	1750
R-Y247506	1350
R-Y48167	1500
R-Y16878	2800
R-Y230304	50
R-FT129056	1300
R-Y179192	1300
R-Z30162	2300
R-FT8269	1900
R-Y245489	950
R-FT10529	1000
R-Y16875	1000
R-Y85993	1000
R-Y45264	700
R-Z142	4500
R-Y528080	4500
R-FT32075	4200
R-FT193465	4200
R-CTS2819	3200
R-Y44772	2300
R-Y32775	3100
R-BY40000	175
R-FT83817	125
R-Y32770	1000
R-FT86690	650
R-Y66385	50
R-FGC22963	4500
R-Y132306	3000
R-Y539803	3000
R-Y20026	3500
R-Y52078	3500
R-Y158554	1350
R-Y55766	2600
R-Y53873	1900
R-Y640258	425
R-FGC22940	4500
R-Y63081	4500
R-Y68654	4500
R-Y458541	4100
R-Y24531	3600
R-Y194836	1500
R-Y24603	2900
R-Y24530	2900
R-Y47216	750
R-S18325	3600
R-Y19124	800
R-Y19125	200
R-FGC22952	3500
R-Y172479	2900
R-Y209445	2300
R-Y329548	1950
R-FGC22956	3500
R-FGC57746	3500
R-Y364583	1150
R-Y40004	3100
R-Y40333	275
R-S7402	4200
R-BY33535	3400
R-FT94116	2800
R-FT93695	2700
R-BY121855	2500
R-BY3616	1850
R-Y34420	300
R-Y109619	50
R-Y3140	4200
R-Y3142	3400
R-BY102158	650
R-BY33638	2700
R-BY33595	2400
R-FT48457	2900
R-FT88196	2900
R-Y534446	0
R-S20376	2800
R-Y57468	350
R-Y9080	3400
R-Y19291	3400
R-Y23226	650
R-Y597137	650
R-BY33577	450
R-FGC12384	1050
R-FGC47884	500
R-FT38430	4000
R-Y562024	4000
R-Y30459	3400
R-BY5703	2600
R-BY33580	2200
R-S42	2100
R-A14633	1450
R-Y83222	450
R-Y94244	425
R-CTS9490	3900
R-Y17091	2500
R-Y17076	50
R-S7404	3900
R-CTS8125	3800
R-Y69353	3800
R-Y20426	3200
R-CTS11381	350
R-S7409	3100
R-Y507681	50
R-A8452	2400
R-BY161817	1150
R-BY42705	2100
R-Y40049	225
R-Z51	4100
R-BY63537	1350
R-L562	4100
R-Z57	3800
R-Y417429	3800
R-S1491	3600
R-Y23962	2900
R-Y338270	2900
R-Y23824	2700
R-FT92823	2500
R-Y302902	1650
R-Y47292	2000
R-Y45131	1400
R-FT165188	1400
R-FT253331	50
R-S1480	3400
R-BY150850	250
R-Y143776	125
R-Y18962	1650
R-A8439	1650
R-BY1544	3100
R-Y83014	1300
R-Y185611	125
R-CTS6554	3300
R-FGC69666	2900
R-FTA23092	2700
R-FTA24018	2500
R-FGC69675	2600
R-BY33663	2600
R-FTA33937	1200
R-FTB2686	850
R-Y277851	800
R-Z53	3100
R-CTS278	3100
R-CTS9462	2600
R-Y86203	3100
R-FT67248	2200
R-Y356831	50
R-Y132009	3100
R-Y131998	50
R-Y55060	2200
R-Y54052	2200
R-Y46821	375
R-Y355041	950
R-FT206500	950
R-CTS11232	2200
R-BY43145	2100
R-CTS324	800
R-Y493539	4100
R-BY66388	4100
R-FT129526	175
R-Y263038	125
R-BY206906	3700
R-Y128188	2500
R-FTB9497	500
R-Y128081	1250
R-BY149807	1250
R-BY104108	650
R-Y140598	3700
R-BY153508	475
R-Y356447	425
R-FT15832	3700
R-Y140591	1550
R-FTE14174	100
R-FT193233	1550
R-FT194288	1550
R-FTD902	700
R-FTD1444	200
R-Y418480	200
R-Y140603	1150
R-FT186424	1150
R-FT359925	850
R-FT171349	650
R-FT167842	50
R-FT241006	550
R-FT256154	125
R-Y155734	1100
R-A21291	275
R-A21289	100
R-BY33655	3300
R-Y161667	3000
R-BY33696	3000
R-FTB43203	3000
R-CTS7906	3000
R-CTS4706	2700
R-BY158248	3000
R-FTD7152	350
R-FT197890	2800
R-Y309995	750
R-Y280604	500
R-FTC77695	200
R-BY60674	2500
R-Y260494	900
R-BY62618	650
R-BY97585	425
R-FTA4423	650
R-FTA4479	350
R-FTA8779	1000
R-FT76302	600
R-Y174428	200
R-Y305162	350
R-FTB32056	350
R-DF27	4500
R-Y343487	1200
R-BY198644	350
R-FT109335	1400
R-FT185098	50
R-BY133124	3000
R-Y158394	1950
R-BY19557	3500
R-BY36521	4300
R-Y86989	3000
R-FGC91646	4100
R-FT273897	4500
R-FTA1790	350
R-FT40094	3200
R-FT40455	1000
R-FT41318	275
R-L1206	4300
R-PH1011	4100
R-PH4655	3800
R-BY34793	3800
R-BY87251	1950
R-FTA9336	1950
R-Y562608	1650
R-Y143149	3500
R-Y38085	1200
R-Y345394	650
R-Y38083	1200
R-Z16629	3600
R-BY101094	4500
R-Y175783	1250
R-BY56106	4500
R-Y423966	4500
R-FT255299	4500
R-Y432665	1200
R-BY50737	2000
R-FT318071	1850
R-BY57021	1600
R-Y211638	1050
R-BY67296	3500
R-FT182413	3600
R-Y554123	1200
R-Y83573	50
R-FT65667	4100
R-BY56683	200
R-FT65778	50
R-Y23055	3800
R-Y61998	225
R-Y161662	3500
R-Y162053	500
R-A11625	4000
R-Y467441	2700
R-A11619	4000
R-Y66314	1950
R-A15900	2200
R-Y33298	700
R-BY19550	375
R-BY20186	3800
R-BY80832	4400
R-Y7205	4000
R-Y328594	4000
R-Y328271	350
R-BY60117	1150
R-Y282351	50
R-Y11849	3000
R-FGC20202	2900
R-Y230197	4500
R-Y230198	750
R-BY171451	275
R-Y483014	4300
R-Y232577	3300
R-BY187503	2600
R-BY188303	2200
R-BY187784	1250
R-Y545623	50
R-Y545952	50
R-Y545617	50
R-FTC14624	4200
R-C126790	3000
R-Y33093	3500
R-Y33094	3200
R-Y272150	3000
R-Y341054	1200
R-BY21096	2600
R-Y91624	950
R-Y30754	3600
R-Y48083	1000
R-Y85515	1850
R-Y30815	3400
R-Y30821	2800
R-Y292900	1650
R-FT233764	500
R-Y30814	2700
R-Y401580	3700
R-Y223864	900
R-Y5445	3600
R-Y534914	2800
R-Y3505	3600
R-FT89221	3600
R-BY203521	3600
R-Y343086	1150
R-BY3329	2900
R-Y286775	2800
R-Y55455	1950
R-Y176485	350
R-Y50050	450
R-Y134945	1100
R-Y145978	250
R-Y134948	50
R-YP4695	4300
R-Y24545	4000
R-YP4697	4000
R-Y24801	3700
R-BY34768	3700
R-FT10273	3400
R-BY34758	400
R-BY34778	225
R-S4381	3100
R-BY165817	3100
R-Y186230	50
R-Y190443	4500
R-FT46306	4500
R-Y47228	4400
R-Y45052	1100
R-BY21077	4500
R-BY21080	4100
R-BY53783	3700
R-Y190367	50
R-BY41650	125
R-Y181021	50
R-Y6951	3000
R-BY21059	2600
R-Y40132	1400
R-Y6949	2900
R-FT44662	2500
R-Y15636	2200
R-BY159700	4500
R-Y151233	4500
R-Y152711	550
R-Y227154	125
R-Y151231	4500
R-Y151171	750
R-BY103089	200
R-PF6566	3800
R-FT177021	2800
R-Y413997	2400
R-PF6550	3800
R-BY34791	3800
R-PF6557	3800
R-BY21057	3800
R-Y273776	50
R-Y46725	1850
R-Y559934	1850
R-Y56823	900
R-FGC23071	3800
R-Y307561	1500
R-BY43335	3200
R-FGC76475	2500
R-Y247348	350
R-FT4563	2700
R-FGC23066	850
R-BY48361	500
R-BY27831	3900
R-FT8781	1950
R-Y142805	3500
R-A15697	125
R-Y467867	1300
R-Y138229	300
R-Y166840	300
R-Y32224	4400
R-Y24895	3900
R-A29095	1000
R-BY15966	2100
R-Y60995	50
R-BY16000	650
R-BY15969	500
R-Y477961	50
R-Y70413	450
R-Z37492	3800
R-FTA29792	3800
R-FGC23535	3600
R-FGC40678	2800
R-Y132007	2900
R-Y100345	75
R-PH2047	3800
R-PH579	1650
R-PH3417	350
R-FGC49738	3700
R-Y292470	1000
R-FT31920	2500
R-Z1513	800
R-A23395	800
R-Y419993	800
R-BY3292	650
R-FT39177	4500
R-Y262820	4500
R-BY19232	3900
R-Y295485	2800
R-BY19228	1000
R-Y57304	550
R-Y34560	1150
R-FT297929	4500
R-Y37236	4100
R-S6206	3800
R-FT52646	500
R-FT298788	350
R-FT299179	200
R-S6219	1700
R-Y49770	1600
R-BY653	4500
R-FT64236	4500
R-FT287170	4500
R-BY21118	4200
R-BY21120	400
R-BY36454	4200
R-BY36406	175
R-Y135002	4200
R-BY45079	225
R-Y355084	3600
R-Y354962	1050
R-Y493766	800
R-Z2573	4300
R-BY161082	350
R-FT185461	4300
R-FT66814	4200
R-FT66394	4200
R-Y47066	375
R-Y130572	2800
R-Y194371	3700
R-Y368009	3000
R-Y138631	3200
R-Y266692	1350
R-FT78394	3000
R-BY30357	1200
R-Y138602	550
R-Y457341	550
R-Z29624	3800
R-CTS1090	2200
R-Y36324	375
R-Y18001	450
R-FGC32106	150
R-FGC67371	4400
R-FT31520	4400
R-Y36330	1150
R-Y84569	850
R-Y56034	500
R-Y126404	400
R-FGC17104	1550
R-FGC17107	1400
R-FT207551	850
R-BY3290	1350
R-BY34387	550
R-Y34128	1350
R-Y34130	850
R-BY3332	4500
R-BY43401	425
R-Y442509	350
R-BY19276	1700
R-BY22194	1250
R-BY191188	3500
R-F15603	2500
R-Y23941	2500
R-Y175166	1450
R-Y399826	2300
R-Y25895	200
R-PH4023	4100
R-Y274772	2400
R-PH4318	3300
R-BY208528	2600
R-BY207112	2200
R-Y424941	2200
R-FT29617	3300
R-FT28923	550
R-FT35711	3000
R-FTD35890	2900
R-FT381772	1200
R-BY44621	1000
R-BY71452	425
R-BY135146	350
R-FTA5415	50
R-Y173192	350
R-FGC67076	4000
R-Z38794	2700
R-BY16030	1550
R-FT15181	3200
R-BY11969	3200
R-Y36976	3200
R-Y36306	900
R-V3522	425
R-Y97601	400
R-Y106384	125
R-Y17224	4000
R-BY62277	2700
R-Y17221	3400
R-Y67165	3400
R-Y63457	3400
R-Y445249	1700
R-Y23216	850
R-BY36523	750
R-BY11968	800
R-Y46823	50
R-Y34206	325
R-Y80855	275
R-BY2285	4400
R-Y56490	3900
R-Y163611	500
R-BY43858	3900
R-Y45921	2500
R-Y5076	4400
R-BY19093	1850
R-FT64483	1500
R-FT65109	1250
R-Y434311	950
R-Y5058	1750
R-Y5061	1250
R-BY19127	1250
R-Y220995	1000
R-FT30198	950
R-PH5150	1250
R-FT80834	1150
R-Y19623	450
R-BY19125	50
R-BY42892	50
R-PH5187	1000
R-BY110738	1000
R-Y300672	800
R-Y253271	650
R-BY1058	4000
R-M12115	4000
R-M12106	3900
R-BY1717	3800
R-L881	1050
R-A7385	1000
R-BY19281	850
R-BY49897	2500
R-BY49854	550
R-BY94999	250
R-FT77921	275
R-FTC39641	200
R-FTC89950	50
R-BY116607	475
R-BY118188	300
R-BY115233	50
R-FT16737	50
R-Y177002	50
R-FT10086	175
R-F426	150
R-Y32298	2400
R-Y14084	350
R-FT61324	275
R-FTG32794	50
R-Y20214	275
R-Y20213	50
R-Y14083	350
R-FT154797	200
R-A39077	125
R-Y200586	150
R-FT393191	200
R-BY89336	125
R-Y80210	100
R-Y85450	150
R-Y97568	200
R-FGC22005	200
R-FT156058	200
R-Y220069	50
R-Z2559	4200
R-Y43704	3800
R-FT244403	3800
R-Y504127	800
R-Y552581	500
R-BY21052	3700
R-BY21049	3600
R-Y296508	350
R-FGC46541	650
R-Y457854	50
R-FGC46544	500
R-FTC77740	350
R-Y443997	200
R-Z2560	4200
R-Y279808	1100
R-DF83	4200
R-PH1139	2100
R-Y275217	1950
R-Y434693	950
R-Z2562	4100
R-BY211598	4100
R-FT269281	2800
R-Y356723	275
R-Z2565	3400
R-FGC49010	3400
R-FGC48997	2800
R-FGC49018	2500
R-Y275453	1650
R-BY134188	2700
R-FT240749	2700
R-Y525009	275
R-Y15647	3100
R-A11637	600
R-MF255298	600
R-A20350	225
R-Y23835	200
R-Y24536	2200
R-Y24535	2200
R-Y28706	2200
R-A21489	500
R-BY12221	2200
R-FGC67207	1300
R-FGC57007	375
R-Y31896	375
R-Z2571	4500
R-Z2572	4400
R-Y12626	4000
R-FTA85165	3800
R-Y373439	3800
R-BY3865	4400
R-Y234976	1150
R-Y516437	3400
R-Y274049	1800
R-Z2568	1850
R-Y150919	1250
R-Y306867	1350
R-S4363	1100
R-FT294770	1100
R-FT4699	350
R-BY31431	4400
R-FT37983	1650
R-Y270608	3800
R-BY55463	2700
R-BY143882	800
R-BY195319	800
R-Y269922	800
R-Y337174	350
R-BY31460	300
R-BY31453	300
R-BY31438	150
R-Y8841	4300
R-Y60233	500
R-Y8402	3500
R-Y8397	1550
R-BY21579	1550
R-BY21578	850
R-FGC39763	225
R-A17453	1450
R-Y235960	125
R-A16155	900
R-BY117649	50
R-Y32852	1350
R-Y32851	1350
R-FGC11414	1350
R-Y23589	700
R-Y69356	475
R-Y60859	125
R-Y17484	650
R-Y20979	300
R-Y30689	550
R-Y30752	50
R-FT318890	4200
R-SK2109	3900
R-Y263600	3400
R-Y139240	3200
R-FTD82045	750
R-Y125777	650
R-PH2054	3900
R-Y77621	3900
R-Y63698	1300
R-Y3267	4000
R-A444	2500
R-A434	450
R-A433	225
R-BY58491	225
R-FGC70972	3500
R-BY19133	3400
R-A10761	3100
R-Y457410	200
R-Y17993	1350
R-Y48023	3600
R-BY101603	225
R-Y68800	4000
R-BY19153	2700
R-BY164509	200
R-FT78428	125
R-FGC85066	3700
R-Y7365	3400
R-Y28672	3000
R-Y7363	2800
R-Y15639	2500
R-Y15640	2500
R-Y15850	2500
R-Y22184	300
R-FT148392	200
R-Y41095	1900
R-BY114410	1750
R-BY168884	1700
R-Y41710	1750
R-Y237430	550
R-FT249801	1250
R-BY67760	125
R-Y42667	550
R-Y253889	550
R-Y317996	450
R-Y135231	550
R-A24684	375
R-FGC78763	4200
R-A15462	3500
R-Z25642	3900
R-Y13142	1400
R-Y13788	900
R-Y13804	550
R-A16960	275
R-Y13146	400
R-FGC13149	125
R-FGC39929	800
R-FGC52930	175
R-FT74881	700
R-FGC39928	450
R-A16975	50
R-A19630	50
R-FGC49445	225
R-Y20347	425
R-Y14529	3900
R-FT240956	1100
R-FT242079	950
R-FT243144	800
R-PH133	3800
R-BY36468	2200
R-Y192253	225
R-FT44666	800
R-Y171420	800
R-BY3287	3800
R-FT74812	3800
R-BY93443	3700
R-FT10615	3200
R-Y18450	1650
R-BY63011	1200
R-Y16972	3900
R-Y15787	150
R-A13815	350
R-BY19308	3700
R-Y39003	3700
R-BY202641	3700
R-FT70786	350
R-Y419981	3700
R-Y296581	650
R-Y420010	50
R-Y390035	3700
R-BY44160	3200
R-Y192979	1500
R-BY126832	3700
R-BY69803	1400
R-Z2552	4300
R-FT87708	3400
R-DF81	2800
R-Z2556	2300
R-Y13238	1600
R-BY202926	850
R-BY202388	850
R-Y275233	1600
R-Y13233	1450
R-FT41887	1100
R-Y13115	1450
R-Y7357	1800
R-FT34400	1800
R-FT67738	1800
R-FGC21126	1400
R-Y38137	1400
R-Y34156	125
R-YP4295	4300
R-Y188992	4300
R-Y189050	1800
R-Y313959	4000
R-C171347	4000
R-Y458526	3400
R-A6458	3800
R-A6457	3800
R-Y434538	2800
R-FT44739	3800
R-Y172145	650
R-FT45348	200
R-Y17098	3800
R-Y44975	500
R-BY130825	3100
R-BY207918	3100
R-BY206347	2800
R-BY207073	1950
R-FT111461	1850
R-Y8765	1850
R-L617	3900
R-BY31957	3800
R-BY31956	3900
R-Y566100	650
R-Y150902	325
R-FGC31068	3900
R-FGC31069	3900
R-FGC31064	1800
R-M225	1800
R-BY194358	3100
R-FTA78382	600
R-MF198732	275
R-FTA99416	125
R-FTA99971	50
R-FGC14951	3500
R-Y17800	2800
R-Y17452	600
R-FT326997	300
R-FT354863	200
R-Y22430	600
R-A10650	600
R-Y46619	3200
R-Y46029	1050
R-FT156400	1600
R-FTB43260	500
R-FTB71292	275
R-FTJ13786	275
R-FTB70011	275
R-FTB44339	275
R-FTB94678	350
R-FGC20747	4500
R-S1327	4200
R-S1333	2900
R-Y31337	700
R-Y60860	3400
R-BY42482	475
R-A11753	3000
R-BY116089	275
R-Y65161	3000
R-Y74425	3000
R-Y62177	950
R-A11366	4100
R-Y61729	750
R-Y66581	2400
R-Y84058	1350
R-Y228704	200
R-FT31992	3800
R-Y58993	2600
R-Y20150	3800
R-FT273459	3800
R-Y272152	200
R-Y32765	3300
R-FTB90376	2800
R-Y643682	350
R-CTS11005	1350
R-Y20152	200
R-FT32622	3500
R-Y336288	3500
R-BY3330	3500
R-CTS5329	3500
R-BY3331	2900
R-BY32626	2700
R-BY32623	2600
R-FT124582	200
R-Z1899	4100
R-Y4867	3600
R-FT300000	2300
R-FT182983	3600
R-Y283985	3000
R-Z1898	3600
R-Y4865	3400
R-Y81336	1000
R-Y95378	2900
R-Y4868	2800
R-FGC37247	2700
R-A14368	4100
R-BY36541	50
R-FGC17071	1800
R-Y42063	1150
R-FGC66827	450
R-FGC66834	450
R-BY22332	4100
R-BY22335	2000
R-Y87888	850
R-Y129287	800
R-V3505	4500
R-FT287450	4100
R-BY87285	4000
R-BY137183	3900
R-BY54751	2000
R-FTB36831	1800
R-Y484376	900
R-BY61352	350
R-Y34173	4200
R-Y34175	3900
R-Y39540	1350
R-Y82280	1500
R-Y31381	4500
R-Y31840	4500
R-Y31383	4200
R-FT171293	3200
R-Y189528	900
R-Y31385	3400
R-Z35110	350
R-Y36419	750
R-Y96549	750
R-FGC20767	4500
R-BY106919	4500
R-BY101743	850
R-FT75696	50
R-FGC20770	4300
R-BY172105	2100
R-Y231977	1000
R-FT423616	1000
R-FGC66939	4300
R-Y17760	4200
R-Y17763	4200
R-A11389	375
R-Y17444	350
R-FGC20749	3800
R-V2240	2300
R-FGC20758	2300
R-A10928	1100
R-V3476	1150
R-Y31658	1000
R-FT392312	600
R-FGC20765	750
R-A9700	650
R-A10519	325
R-FGC20755	375
R-FGC20816	800
R-A10875	50
R-FGC20819	800
R-Z16828	550
R-Z16828a	550
R-Y23257	550
R-A9510	800
R-FT133132	650
R-Y98237	500
R-Y107519	375
R-Y19740	700
R-A9509	550
R-A10500	700
R-A10503	350
R-Y503600	4500
R-DF79	4300
R-Y32284	2500
R-Y190010	950
R-Y508140	950
R-Y32285	1400
R-Y84495	275
R-Y216949	2200
R-Y216804	600
R-Z2551	4300
R-Y557932	4300
R-BY192000	3500
R-BY83003	4300
R-Y14469	2400
R-BY206335	800
R-FT40486	50
R-Y14475	2400
R-Y20968	2400
R-Y29930	800
R-Y62130	275
R-Y20966	900
R-Y439755	900
R-Y60419	275
R-Y21430	800
R-Y21424	50
R-Y499550	4500
R-FT424538	3200
R-Y129373	1300
R-Y510717	1300
R-BY73847	800
R-Z225	4500
R-Z229	4300
R-Z222	3300
R-BY42422	2800
R-FT60219	2400
R-Y371567	2400
R-Z707	3300
R-BY187610	3000
R-Z224	3100
R-Z704	375
R-Z226	200
R-Y12470	4300
R-Y34497	3800
R-Y34501	2600
R-BY16913	475
R-BY40801	400
R-Y34186	450
R-Y110741	125
R-CTS9952	4200
R-Y11281	4200
R-C121798	2800
R-Y220950	1000
R-Y12091	4200
R-CTS4287	850
R-Y12465	1650
R-FGC30968	900
R-FT41396	1500
R-Y22183	1200
R-Y64328	225
R-Y16019	4300
R-Y31393	3900
R-BY36375	3900
R-FT309275	1200
R-Y31392	2000
R-Y31395	350
R-Y31391	300
R-Y89302	550
R-Y193104	500
R-BY171470	425
R-Y16018	4300
R-FT410556	3900
R-FT74910	2600
R-BY21399	4200
R-Y86165	3000
R-Y101605	1150
R-B342	650
R-Y24537	325
R-Y533363	3800
R-Y87185	2700
R-Y86612	1250
R-FT13273	3700
R-Y158339	3700
R-FT279889	50
R-FT12503	2300
R-FT12734	350
R-Y23968	4300
R-Z31417	3700
R-Y32281	4300
R-Y31407	1600
R-Y31410	700
R-Y31420	375
R-Z2543	4000
R-CTS416	1750
R-Y84567	2300
R-BY187776	3400
R-Y198851	225
R-Y300695	200
R-Y519797	3600
R-Y613856	2800
R-Y529204	50
R-Y22891	4000
R-Y22895	4000
R-Y131874	800
R-Y22897	3600
R-M11325	650
R-BY15290	3400
R-BY173312	3100
R-BY15283	3300
R-Y426220	1100
R-BY15284	2800
R-Y34438	2300
R-Y34439	850
R-Y446323	50
R-Y22894	3400
R-Y133731	350
R-Y294068	2900
R-Y22252	1700
R-Y30860	1450
R-Y29935	1450
R-Y29937	500
R-BY208342	500
R-Z195	4500
R-Y301146	3700
R-Y186695	2000
R-Y153322	2500
R-Y153312	2500
R-Y153274	225
R-BY178223	225
R-FT145084	200
R-FTB18454	125
R-FTC43236	225
R-FTC60566	200
R-FTC7062	200
R-Y179100	200
R-Z198	4500
R-Y131828	600
R-Y131813	125
R-Y29886	4000
R-PH1909	3900
R-PH3372	3000
R-Y86771	3100
R-Y369896	275
R-Y85206	1550
R-FGC35858	375
R-FGC64169	50
R-FT198607	350
R-FGC35862	350
R-FGC35860	225
R-L165	4000
R-FGC29987	3600
R-Y370422	800
R-BY19719	3600
R-FT4354	950
R-Y591385	500
R-Y597764	500
R-Y94403	1800
R-FGC29992	3000
R-FGC29986	3000
R-Y201641	2400
R-FT195426	1400
R-FT195675	200
R-BY13623	3600
R-Y443114	3600
R-Y145556	2700
R-Y145551	225
R-Y145569	225
R-Y145569a	225
R-BY129	3200
R-Y5117	2900
R-BY3209	1300
R-BY210	450
R-Y5113	1700
R-FT50341	600
R-BY169026	425
R-Y5124	1100
R-Y17482	500
R-Y17560	375
R-Y5135	1100
R-Y5108	650
R-BY42886	375
R-FT267303	375
R-BY3269	600
R-A10683	600
R-A11118	600
R-CTS4188	4500
R-BY178203	3500
R-S14445	4500
R-Y31343	750
R-Y493419	4000
R-BY3254	3800
R-FGC64982	2100
R-BY40297	2100
R-BY3264	3800
R-Y331619	50
R-Y280817	3200
R-Y280948	425
R-BY225074	50
R-Z29704	3700
R-S18382	3200
R-BY27739	3100
R-BY3268	2800
R-FTC10475	500
R-Y26745	2800
R-BY103776	2600
R-FT364897	350
R-S16490	1500
R-FT100330	1500
R-S11121	3700
R-YP2517	3700
R-BY74994	3200
R-Y294818	3000
R-Y294861	1650
R-Y28596	3200
R-FT99895	2600
R-Y28950	2600
R-Y28949	2500
R-Y72727	2100
R-Y60581	1650
R-Y66446	500
R-Z29706	3700
R-FT50902	3100
R-F19495	2800
R-Y423997	2800
R-Z29709	3700
R-S11475	3600
R-BY100738	3500
R-FT156657	3600
R-FT37773	3100
R-Y57452	3200
R-Y54871	3000
R-Y49467	2900
R-Y49024	950
R-FT365602	200
R-PH4190	3100
R-Y88223	1250
R-PH5262	3100
R-BY27679	2800
R-BY27716	2600
R-BY35593	1800
R-Y315679	50
R-FT325191	1250
R-FTB51331	550
R-BY120208	125
R-Z292	4500
R-FGC39110	4200
R-Y44970	2400
R-FGC39119	2400
R-Y322943	2100
R-Y50718	2700
R-BY3194	1850
R-Y19152	3800
R-FT359594	3200
R-Y339449	3200
R-Y263972	0
R-BY3272	3100
R-Y19536	3100
R-BY60802	800
R-Y19537	3100
R-Y19149	475
R-Y19967	450
R-Y20216	225
R-A477	3800
R-Y60979	1250
R-Y319278	800
R-Y31300	2000
R-Y31296	400
R-Y31297	225
R-Y16881	3600
R-FT89072	200
R-Y17480	2500
R-Y26643	3600
R-Y27962	3500
R-Y68760	3200
R-Y36403	75
R-Y632489	125
R-Y140700	1000
R-Y140717	275
R-Z262	4500
R-FT9793	4400
R-BY32616	3600
R-Y303155	2700
R-BY32601	4400
R-BY32615	1200
R-FT153358	1200
R-BY32599	2700
R-Y83969	1250
R-Y92638	800
R-BY32598	1150
R-BY107044	500
R-BY183783	275
R-Z201	4200
R-Z200	3900
R-S26407	3100
R-FTB66756	2900
R-Y373200	400
R-Y102261	3400
R-Y87352	3200
R-Y96136	2200
R-MF65300	400
R-Y8421	3200
R-FT86051	3200
R-Y32854	2000
R-Y32853	400
R-Y8410	2500
R-Y8412	650
R-Z202	3400
R-BY3266	3000
R-Y138762	3000
R-Y322321	2500
R-Y457577	650
R-FTA81996	2600
R-Y327281	3000
R-MF128430	2800
R-BY3265	2700
R-FGC46150	1650
R-FT42395	3000
R-Y131375	700
R-Y36580	3000
R-Y110315	2700
R-Y36581	2700
R-Z205	3400
R-V2530	2700
R-V3540	1650
R-Y413360	2200
R-FT41685	3400
R-BY15235	3400
R-FT82386	3200
R-Y34472	700
R-Y60690	100
R-CTS606	3300
R-FT20025	3300
R-Y15065	1750
R-CTS4117	1600
R-Y246792	1000
R-Y246676	200
R-Y284844	3000
R-Z14655	2900
R-Y283611	2900
R-Y283780	2900
R-Y373406	1550
R-Y7733	3300
R-BY182527	2700
R-Y279941	1650
R-BY183080	2500
R-Y30888	3300
R-Y29954	700
R-FT79092	3300
R-Y83972	325
R-CTS3555	2800
R-Y7729	550
R-Z29713	2800
R-Y28570	1150
R-Y91711	2800
R-Y30608	1850
R-BY33836	750
R-Y84707	550
R-Y108630	325
R-Z206	3200
R-Y92022	2000
R-FT115084	50
R-FT139097	2500
R-Y247226	50
R-Y469594	350
R-BY36344	2600
R-BY194039	700
R-FT202203	350
R-Y279441	200
R-FT282471	50
R-Y297386	425
R-Z29719	3000
R-FTA32380	2800
R-CTS422	300
R-CTS4549	2300
R-Y56863	2300
R-CTS11799	1950
R-FT295319	1000
R-Y296490	650
R-FT111368	350
R-Y129211	1800
R-Y146077	1000
R-Y161842	950
R-Y245249	1000
R-Y253505	1000
R-Y245204	50
R-Y245182	50
R-Z208	3200
R-Y570387	1500
R-BY31387	3200
R-Y50797	3100
R-FT170279	2700
R-Y74968	3100
R-FT208868	3100
R-Y73696	1300
R-FTB13693	325
R-Y70492	550
R-PF2462	50
R-Z207	3200
R-CTS43	3200
R-Y15783	3000
R-Y365052	350
R-Y36383	2300
R-BY16148	475
R-CTS10783	2400
R-BY86549	2100
R-FT79118	1650
R-BY16164	1400
R-BY43149	125
R-FT77888	3000
R-Y249496	500
R-ZS922	3000
R-FGC35943	2500
R-Y219823	1050
R-FGC35930	125
R-FT78572	100
R-Y176821	100
R-CTS9762	3000
R-CTS11182	2500
R-FT412973	2500
R-Y272347	2500
R-CTS4299	2900
R-FT29775	2900
R-BY73885	2900
R-FGC45918	2200
R-FT174963	2200
R-CTS4863	2900
R-BY75410	2900
R-FGC19137	1800
R-L628	1350
R-Y299622	2900
R-Y406100	350
R-FT9997	2900
R-Y319087	2800
R-Y511932	2800
R-BY33784	1800
R-Y276631	1250
R-FTC25329	50
R-Y82609	400
R-BY12112	2800
R-FT62738	700
R-Y253661	2400
R-Y76135	1600
R-Y253558	200
R-Y557627	50
R-BY3258	2500
R-Y290159	2300
R-BY12123	1750
R-Y7916	1600
R-Y275226	650
R-BY78379	2000
R-FT50704	1850
R-Y529866	1350
R-Y535911	500
R-Y39929	2100
R-BY33762	900
R-BY33804	900
R-FGC11220	2800
R-FT17230	2800
R-BY70813	1100
R-BY40726	1700
R-BY107022	1700
R-FT21237	2300
R-FTA88787	2300
R-FTA87702	1300
R-Y185603	1750
R-FT20521	1100
R-FGC11245	2600
R-FGC37234	2200
R-FGC37220	1950
R-FGC11221	2100
R-FGC11225	500
R-FT8414	375
R-Z272	4500
R-DF17	3800
R-Y211717	3800
R-CTS13028	3700
R-Y14050	3400
R-S19399	2400
R-Y59659	3400
R-C150021	3000
R-Y45269	700
R-Y57361	550
R-FT44718	3700
R-FT234339	2400
R-FT233830	1950
R-A4658	3300
R-Y371575	1200
R-Y211607	3300
R-BY67985	2800
R-Y256844	200
R-BY1806	3300
R-BY2073	3300
R-FT357236	3300
R-FT294568	2900
R-Y211676	1950
R-Y3470	3700
R-Y64589	1100
R-Y134059	3300
R-FTA82614	2700
R-FTD84863	1850
R-Y134065	3000
R-S1302	2400
R-Y31431	2300
R-Y66972	2200
R-Y82434	300
R-PH92	3300
R-FT425869	3300
R-BY96355	2700
R-Y38511	1800
R-FGC14139	3700
R-FGC14126	3600
R-Y48060	3100
R-FGC14124	2900
R-M428	1200
R-BY34206	550
R-Y23193	250
R-Y64389	300
R-Z209	4400
R-Y322384	3200
R-BY76479	3200
R-Y322571	0
R-Y438462	1950
R-Y44999	3700
R-Y60592	2400
R-FTB50160	2400
R-BY107408	2900
R-Y282713	1400
R-Y399279	1400
R-BY27830	3000
R-PH1636	2300
R-Y275884	1200
R-Y11287	4400
R-Y292559	950
R-CTS9050	3600
R-Y263217	3000
R-Y296638	50
R-Y11215	2800
R-Y45373	2200
R-Y49315	1800
R-PH5341	3000
R-L566	3000
R-Y483493	2500
R-PH312	3000
R-Y9430	2900
R-Y9087	2200
R-BY97678	1850
R-FGC28368	500
R-FGC19339	50
R-Z419	3700
R-Y14105	3700
R-FGC43335	2400
R-FGC43326	1000
R-Y176124	800
R-Y79667	650
R-FGC22861	3700
R-FT2519	2100
R-Y542987	3700
R-BY32742	3000
R-Y386585	2100
R-Y495591	500
R-FT15769	50
R-A7066	3500
R-FTC67540	2600
R-BY32727	3200
R-BY38679	1750
R-BY32726	1000
R-BY32729	275
R-BY50830	3400
R-BY109025	3000
R-S19290	3400
R-Y282314	1600
R-Y285489	350
R-Y36372	3400
R-Y82559	3400
R-S16785	3400
R-Y16854	1250
R-Y275251	200
R-Y16856	650
R-BY13492	550
R-Y17146	375
R-S15337	3400
R-FTB47403	3400
R-FT21971	2200
R-Y546260	1350
R-FT382482	1850
R-FT381769	1350
R-FT383569	1200
R-FT16553	3400
R-FT151067	2400
R-C120523	2100
R-Y15978	50
R-FT66126	3300
R-BY33255	3300
R-FTA78988	2500
R-Y573994	2400
R-Y60489	2600
R-BY66357	1200
R-Y76774	2500
R-Y135014	100
R-FT56516	2900
R-Y622548	650
R-BY21030	2900
R-FT45824	2200
R-BY32583	2000
R-FT263638	2000
R-Y95343	1350
R-Y262654	50
R-Y82202	900
R-Y84987	850
R-Y81507	850
R-BY53774	550
R-Z295	4400
R-Y237795	3100
R-BY39809	2700
R-BY156776	2200
R-Y237801	2600
R-Y246868	3700
R-FT56546	350
R-FTB47499	325
R-FTA76106	275
R-Y69691	3000
R-BY62529	1950
R-FT115645	1800
R-Y107573	3400
R-Y299300	3100
R-Y298665	3100
R-FTF41096	2700
R-Y330279	2400
R-Y330318	2400
R-Y82281	700
R-S1221	3700
R-Y247401	3700
R-A8257	3700
R-A8256	3700
R-Y372332	2100
R-S1240	650
R-Y514447	375
R-Y524440	2100
R-FGC23196	3300
R-FGC23186	3300
R-Y153507	1700
R-Y290239	2600
R-Y289290	425
R-Y13211	1050
R-FGC23181	425
R-Y19134	500
R-FGC34899	3700
R-Y208574	3100
R-FGC34881	3700
R-Y187620	3700
R-FT181187	3500
R-Y65356	2400
R-Y76237	2400
R-Y85999	600
R-S16864	3700
R-S18894	2400
R-FT80716	275
R-BY94293	50
R-A5376	2400
R-A5377	2200
R-BY104322	2100
R-A5378	2000
R-BY36243	1000
R-FTA81472	200
R-A5000	3700
R-Y466332	3700
R-FGC39249	3300
R-FGC39244	3300
R-FGC39243	1950
R-FGC39261	1600
R-Y8715	3700
R-Y13213	3700
R-Y17458	75
R-FTA6358	3700
R-FT47001	2300
R-Y47309	850
R-Y46504	1700
R-Y45289	1400
R-Y283496	50
R-FT38363	3700
R-FGC69233	3700
R-FT38075	3700
R-FT264044	2400
R-FTB41768	2400
R-Y192807	3100
R-Y81615	1100
R-PH490	700
R-BY202600	50
R-Y96610	2500
R-Y109435	1550
R-BY81953	2500
R-BY109604	1900
R-FGC15710	3700
R-BY116067	3600
R-FT413336	3400
R-BY27767	3000
R-BY27785	2400
R-FT76387	2200
R-FTC18240	350
R-Y7765	3700
R-Y130563	200
R-Y130756	50
R-FGC29721	3700
R-CTS4183	3700
R-Y50935	3300
R-BY31939	650
R-Y50968	350
R-FGC29748	3100
R-FGC29724	275
R-FGC29751	50
R-Y10797	2900
R-Y10798	2900
R-FGC30421	1250
R-FGC15748	2400
R-FGC15749	1950
R-BY107379	50
R-FGC15733	1750
R-FGC15725	425
R-FGC15729	275
R-FT8333	125
R-Z270	4400
R-Z216	4400
R-Y275522	4200
R-Y447193	4200
R-BY113955	4000
R-Z297	4400
R-Z278	3100
R-FGC17334	2700
R-BY154934	250
R-Z29666	3100
R-CTS6768	700
R-Y178121	1150
R-FT123823	350
R-Y86753	2200
R-Y85324	1150
R-PH1171	2400
R-FT142182	2200
R-BY36232	2200
R-Y352634	1750
R-FTD7031	275
R-Y19147	1750
R-Y19146	375
R-Y19591	150
R-FT7574	3100
R-FT103389	2500
R-FTA31158	1950
R-FTB2692	1750
R-FT17839	3100
R-FT155875	2800
R-Y264461	2800
R-FT8304	3100
R-BY86974	2700
R-Y491918	550
R-Z697	3000
R-Y280735	2100
R-FT285492	3000
R-FT54330	2700
R-FT300249	1800
R-Z214	2800
R-Y248900	1800
R-Y248421	1800
R-BY105159	2000
R-BY73582	1300
R-Y414326	175
R-CTS7870	2800
R-CTS517	0
R-Y151131	2400
R-BY157765	1800
R-Y294180	700
R-FT299689	1500
R-Y27974	1800
R-Y275271	1800
R-Y275611	1650
R-Y27976	1800
R-PH3969	1600
R-Y71803	1450
R-Y60080	375
R-CTS8087	2700
R-Y36499	1650
R-FGC55187	2600
R-FT31723	1800
R-Y340495	1800
R-Y289460	950
R-FT325964	1850
R-Y126729	1850
R-Y211623	1600
R-Y277334	2600
R-FT23144	1600
R-Y392026	1350
R-CTS11473	2500
R-CTS6352	2500
R-FT459653	2100
R-FT64871	2000
R-Y88558	1800
R-FGC55199	1100
R-CTS9164	2700
R-M153	2600
R-FGC55782	2100
R-FT4934	500
R-FT6413	50
R-CTS2142	2000
R-Y325358	1100
R-Y23933	2000
R-Z29685	2000
R-CTS7359	1950
R-FT169952	950
R-Y451757	800
R-FT110634	1950
R-Y126728	1650
R-FT335787	1500
R-Y31334	1300
R-Y32051	1300
R-Y9072	1400
R-BY3189	1300
R-CTS9053	1150
R-A13063	1100
R-Y31312	500
R-Y144350	1000
R-Y144349	300
R-FGC35770	700
R-FGC35768	50
R-S461	4500
R-BY22760	900
R-BY33056	350
R-Y86814	350
R-Y89767	50
R-L21	4500
R-A5846	4100
R-BY11863	3900
R-FTB54744	3900
R-BY11868	1000
R-Y306019	275
R-Y16251	3400
R-Y16874	300
R-Y16341	300
R-Y18454	450
R-Y18815	250
R-Y42681	50
R-S552	4500
R-A7911	3200
R-FT12585	1600
R-A7905	2600
R-A7906	2200
R-FGC52350	1050
R-Y109636	375
R-A7904	1900
R-Y400814	350
R-A7908	550
R-DF63	4500
R-FT27394	500
R-Y177968	2100
R-FT41164	200
R-Y278410	2900
R-Y278010	500
R-BY28643	3600
R-FTA31906	3400
R-CTS6919	4500
R-A92	3800
R-FGC17166	3800
R-S3687	4500
R-BY42360	4400
R-Y43964	4500
R-Y10997	4500
R-Y249576	500
R-Y96622	4200
R-Y224702	3100
R-Y94967	4000
R-Y90647	3200
R-A7811	4300
R-BY20328	3600
R-BY20330	3600
R-Y82450	1350
R-Z16245	4500
R-BY20327	3200
R-F10381	4500
R-BY2596	3800
R-BY197207	2700
R-FT19191	50
R-Y21520	4500
R-FT72783	4500
R-FGC36423	3800
R-Y316131	2100
R-Y69941	50
R-FGC36421	3000
R-Y163732	1150
R-FT148958	2300
R-FT148754	550
R-FT148352	275
R-DF13	4100
R-BY205765	4100
R-BY206419	0
R-Y325774	4100
R-Y31142	4100
R-FT404207	4100
R-Y330266	800
R-BY145002	3900
R-FT162677	1400
R-BY23434	125
R-Y271512	50
R-BY76110	200
R-FGC24305	2700
R-Y126199	3700
R-BY55538	2600
R-Y352232	200
R-Y163683	800
R-BY169792	325
R-Y176317	2200
R-FTA27590	800
R-A9507	3800
R-BY24105	3800
R-BY23593	1100
R-CTS2139	1450
R-BY12357	3100
R-FGC33755	475
R-BY15941	1600
R-Y100130	1050
R-Y335842	950
R-Y376296	50
R-FGC59881	4100
R-Y263874	3300
R-BY23473	800
R-Y248521	350
R-S16264	4100
R-Y343678	800
R-FGC1967	1800
R-L679	550
R-FT123548	4100
R-BY3925	4100
R-Y305589	4100
R-A9508	3100
R-Y47619	800
R-BY4048	3500
R-BY19430	450
R-BY4051	3500
R-Y29038	250
R-BY23428	150
R-Y76355	150
R-FGC13783	4000
R-FGC13785	3300
R-Y347620	50
R-FGC13776	1600
R-FGC13771	550
R-FGC13773	275
R-BY39087	1100
R-Y146522	400
R-BY108243	125
R-Y30336	2600
R-Y30341	1950
R-BY63633	50
R-Y30338	650
R-FT71931	650
R-FGC92059	650
R-FT71904	275
R-Y15134	3300
R-FGC20638	2200
R-Y271989	200
R-BY22666	50
R-L371	1000
R-FGC66893	850
R-FGC73640	650
R-Y15072	350
R-Y15084	350
R-Y15149	350
R-FT225412	650
R-FT111230	50
R-Y14049	4100
R-FGC35999	4100
R-FT35277	2700
R-BY23382	4100
R-Y46693	3900
R-FT234978	3900
R-FTA95271	750
R-BY9003	3300
R-Y540678	3300
R-BY24287	2400
R-Y275698	800
R-BY23459	1900
R-Y112885	1750
R-FGC43861	4100
R-Y288205	1500
R-Y62830	4100
R-BY2868	3700
R-Y256926	1150
R-FT9623	1050
R-Y397527	800
R-BY40619	850
R-Y5305	3900
R-Y19142	3800
R-A9851	2700
R-A9850	800
R-Y46780	3400
R-Y46104	375
R-Y386631	3500
R-Y66184	2500
R-Y75165	1950
R-Z17901	3300
R-FGC14729	3300
R-Y18470	300
R-A7309	3100
R-Y36302	1550
R-A7302	1100
R-A11314	1100
R-A11313	125
R-FGC42672	4100
R-MC14	4100
R-FT415813	3900
R-Y16233	4100
R-Y16225	1050
R-BY248	900
R-BY2689	500
R-A5383	375
R-BY44152	275
R-A2070	1600
R-Y16760	1300
R-BY135243	1100
R-Y16765	800
R-A7298	800
R-A7300	500
R-FT25194	500
R-Y131094	350
R-CTS10201	4100
R-BY12521	550
R-CTS3386	3700
R-FT152349	3700
R-S19268	3700
R-FGC40134	1100
R-FGC13302	3200
R-Y101071	1150
R-S9793	3100
R-FGC13299	2100
R-FT16717	2100
R-Y262799	1800
R-BY176477	1650
R-FT14391	3200
R-FT44417	2400
R-Y638221	650
R-Y67137	1250
R-Y73557	1250
R-A9002	1250
R-Z17970	1300
R-FT71030	850
R-BY9000	1100
R-Y137322	225
R-FT253592	100
R-BY72119	1050
R-FT83366	300
R-FT366278	50
R-FT83434	250
R-FT437194	200
R-FT83474	125
R-S1026	4100
R-BY203913	3800
R-Y298681	4100
R-Y351421	3000
R-A1109	2700
R-Z16887	4100
R-BY4112	3900
R-Z16910	1150
R-Z16918	1150
R-FGC93169	1150
R-Z16903	3200
R-Y45640	500
R-BY2600	1050
R-BY2602	500
R-BY2666	450
R-S1011	4100
R-A1101	4100
R-A1100	3600
R-A1085	2700
R-A1105	4100
R-BY31364	4100
R-BY33516	125
R-Y108938	125
R-BY173541	4100
R-Y158599	3800
R-FT5949	3400
R-BY173557	325
R-Y158576	275
R-CTS1751	4100
R-BY54624	3500
R-FT287884	2800
R-BY20462	3900
R-Y309299	2900
R-Y309294	2800
R-Y86377	850
R-Y80086	3600
R-Y66798	2900
R-Y18513	4100
R-BY203122	50
R-Y38288	4100
R-BY30428	2600
R-BY30439	750
R-BY30431	475
R-Y128869	350
R-Y18435	900
R-Y18507	300
R-Y46685	50
R-Y53883	225
R-BY3923	4100
R-Y86251	3700
R-Y93218	3100
R-Y85218	3100
R-BY30586	1000
R-FTA79001	950
R-Y108485	900
R-FT481	850
R-BY152124	850
R-Y30767	4000
R-Y377420	50
R-FGC913	1000
R-BY60462	350
R-Y356979	275
R-FGC49773	4000
R-Y106522	2200
R-FGC49766	850
R-FGC49777	325
R-FGC49788	125
R-Z17969	3700
R-BY161172	275
R-Z17967	3600
R-BY2922	3600
R-BY609	3600
R-BY596	2900
R-Y49374	1950
R-BY595	1700
R-BY601	1500
R-FGC32861	550
R-Y32764	850
R-FGC35783	1250
R-Y46429	950
R-Y48868	50
R-S22219	900
R-FGC35787	900
R-BY11097	550
R-BY11843	550
R-S1051	4100
R-FGC9660	4100
R-Y129645	3000
R-FGC21458	2500
R-Y457427	950
R-BY10462	2400
R-FGC20613	1050
R-FGC67675	700
R-FT19154	50
R-Y23823	3000
R-BY23657	1000
R-FGC52285	350
R-FGC17938	4100
R-FGC29506	1850
R-FGC29516	1250
R-FGC29521	900
R-BY170473	750
R-FGC41194	1250
R-FGC41189	800
R-FGC46760	475
R-S1050	2500
R-FGC28635	1400
R-BY188833	650
R-FGC28625	850
R-S1042	1250
R-FT84200	350
R-S1043	1150
R-FGC17981	425
R-BY24822	650
R-BY202885	200
R-FGC89499	350
R-FGC89498	50
R-FGC46958	850
R-FT261092	600
R-FGC67615	375
R-FGC46949	850
R-BY145993	225
R-FGC46950	650
R-FTD12562	50
R-Y451318	50
R-Y603324	4100
R-FGC42321	4100
R-FGC43084	3700
R-Y573554	3000
R-Y125245	3200
R-Y125246	2400
R-A4604	4100
R-A4611	3700
R-FGC42351	3200
R-FGC42336	850
R-FGC46820	2100
R-FGC46823	300
R-FGC17906	3600
R-FGC19449	3600
R-FGC19428	1650
R-FGC19457	1650
R-FGC19436	1650
R-FGC19450	1550
R-FGC17907	2800
R-FGC17880	1550
R-FGC43114	900
R-FGC43116	650
R-FGC17885	600
R-FGC17897	600
R-Y87130	150
R-FGC17903	500
R-FGC5494	4100
R-FT88131	3100
R-FTA30152	1950
R-A7763	850
R-FTC38108	4100
R-Y170672	2100
R-FTB59947	650
R-BY173578	4100
R-Y283857	1750
R-Y283478	50
R-Y327265	950
R-FGC19921	1700
R-FGC19914	600
R-FGC19329	4100
R-FGC19335	800
R-Y290982	650
R-FT138643	4100
R-Y349072	1200
R-FT139139	1200
R-Y56226	50
R-Y11017	3900
R-Y9090	1450
R-A1148	1150
R-Y9093	1050
R-A1308	450
R-A6342	225
R-Y9097	4100
R-A7677	375
R-MF681920	4100
R-Y134642	4100
R-BY169161	4100
R-Y134686	4100
R-Y134659	3400
R-Y134643	225
R-Y9089	2000
R-Y174235	2000
R-BY71740	1250
R-C105451	200
R-FTA24426	50
R-Y23251	1500
R-Y23252	50
R-FGC69926	4100
R-BY7804	3500
R-BY11577	2200
R-Y26626	2000
R-BY53689	50
R-Y26620	1700
R-BY11594	175
R-Z16503	4100
R-A12817	225
R-FGC13517	4100
R-Z17655	3800
R-A1283	1800
R-Y131323	750
R-FGC69935	3800
R-Y17660	3100
R-BY24100	1250
R-Y17437	375
R-FT22457	3500
R-FGC61834	3400
R-Y361020	1800
R-Y84099	700
R-Y31855	1300
R-FGC61841	950
R-S7958	4100
R-Y136898	4100
R-Y19692	2900
R-Y136878	1400
R-A7607	1500
R-A7610	1100
R-A12603	125
R-FGC7448	4100
R-FT46393	4100
R-A12657	1650
R-A12659	1100
R-FGC5496	4100
R-S1088	4100
R-PH821	1500
R-FGC52725	950
R-Y22134	900
R-Y15071	4000
R-Y18844	3500
R-FGC43417	2800
R-Y146583	1500
R-Y34544	1950
R-A13160	1200
R-BY143262	500
R-Y353928	200
R-FGC43436	900
R-BY33497	600
R-Y286974	200
R-FGC43427	750
R-FGC43422	300
R-YFS444730	3100
R-BY33481	2400
R-BY160809	1100
R-FT123778	200
R-FTA7594	125
R-FGC5549	3900
R-FT65238	2700
R-FTD29675	1050
R-FT65463	2700
R-Y444181	800
R-FGC5499	3900
R-A12635	3500
R-FTD65708	3700
R-FTB63924	50
R-FGC5511	3700
R-FGC5517	2200
R-A12613	2200
R-A1495	1150
R-A1506	1150
R-FT69981	350
R-Y89738	1100
R-A1489	100
R-Z255	1700
R-A8450	1650
R-A13219	150
R-Y17109	1650
R-FGC33230	1150
R-BY170041	1200
R-Y307752	325
R-Y128630	1150
R-Y129507	375
R-Z16436	1150
R-BY109851	650
R-Z16444	950
R-BY17802	475
R-Y17108	800
R-A10634	650
R-Y17112	750
R-Y17989	50
R-Y16880	325
R-A557	1650
R-A10895	1500
R-Y11498	1500
R-A10889	150
R-BY38384	800
R-BY75965	425
R-Y139017	325
R-Y139067	150
R-FGC80001	1650
R-Z16434	1650
R-FGC80009	1650
R-PH1531	50
R-BY582	1300
R-Z17694	900
R-Z18136	450
R-FT10588	1650
R-BY17875	800
R-BY2851	1650
R-Y17449	1200
R-Y17448	800
R-Y17513	300
R-Y16467	1650
R-BY34976	1250
R-Y275331	50
R-A10318	1650
R-Y83886	1350
R-BY13571	1100
R-FT126951	1100
R-BY24690	450
R-BY17700	1500
R-BY24075	1300
R-Y82840	275
R-A10639	300
R-BY17734	50
R-Y226052	50
R-Y144612	50
R-Y551598	1650
R-A817	1650
R-Y335134	350
R-A1251	1400
R-A1247	200
R-Y64928	325
R-BY2680	800
R-BY17742	550
R-Y82542	350
R-FT38573	800
R-Y81786	100
R-FT69488	650
R-BY13557	325
R-BY17676	225
R-BY54491	50
R-BY78319	100
R-Y12458	1650
R-BY2573	1200
R-FGC89242	1650
R-Y62459	275
R-FT10498	1650
R-FT14321	1650
R-Z16431	1650
R-Y222074	700
R-A7945	650
R-Y13226	850
R-A1163	850
R-Y30411	700
R-A5411	650
R-Y22342	600
R-A1003	50
R-Y29939	275
R-FGC11134	3800
R-Y282403	1950
R-Y282417	500
R-BY30952	2400
R-FGC46646	1850
R-Y16007	2400
R-Y16012	2000
R-BY34871	3400
R-Y83315	600
R-BY144094	350
R-Y164207	350
R-A286	3500
R-FGC49409	2800
R-FGC18030	2200
R-Y75717	1400
R-Y23345	175
R-FGC11293	3700
R-Y551485	500
R-Y160093	2800
R-FGC11276	2000
R-FGC11271	1050
R-Y263858	350
R-Y297545	350
R-BY23383	700
R-BY157084	650
R-Y158720	375
R-A9871	3800
R-BY20951	2100
R-BY20958	550
R-FGC65820	300
R-Y23188	1850
R-FGC42851	1850
R-BY34901	1450
R-FT211828	950
R-FGC54808	1850
R-BY12234	1850
R-Y54500	0
R-FGC54816	1850
R-BY12552	1450
R-Y330283	50
R-FGC54819	1350
R-FGC54803	650
R-FTD28560	50
R-BY20936	1350
R-FT150135	1200
R-Y224360	50
R-Z3026	3500
R-BY60917	2400
R-L96	1500
R-Y536153	900
R-A7672	800
R-BY34884	350
R-A114	3500
R-BY125864	3400
R-Y185884	3400
R-CTS4466	2000
R-Z3023	2000
R-A12395	200
R-A212	2000
R-A7699	2000
R-A210	800
R-FGC84010	1800
R-A663	1150
R-A2292	1150
R-BY24324	225
R-Y34442	175
R-BY69735	100
R-A541	1800
R-A11843	1700
R-BY19775	1200
R-A2288	1200
R-A5313	1100
R-MF171814	200
R-FTA86631	275
R-A151	1400
R-FGC29768	1400
R-A12018	850
R-A7659	650
R-FT7592	1400
R-A195	1400
R-BY44161	750
R-A1338	1400
R-A1337	425
R-A88	1300
R-FT76192	1200
R-A89	700
R-A90	550
R-BY208692	125
R-A27511	50
R-Z16259	1300
R-A2220	850
R-A7755	700
R-Y21048	550
R-BY24169	50
R-Y55053	550
R-S1121	1800
R-Z16520	1150
R-BY132433	225
R-Y29013	50
R-Y6238	1600
R-A150	1350
R-FGC29280	1300
R-S1126	650
R-A542	375
R-Y47183	225
R-Y18975	1150
R-A807	800
R-FT344783	800
R-BY110673	800
R-FGC29068	1150
R-FGC29058	1150
R-FGC29060	850
R-A802	500
R-A159	1600
R-BY24005	1000
R-A18874	650
R-BY106322	650
R-Y154732	125
R-Z17981	1450
R-Z17982	1300
R-BY21825	1200
R-A664	1050
R-A6507	1400
R-FT98580	1350
R-BY23686	1400
R-A923	1100
R-BY21614	1100
R-Y81366	700
R-Y105390	700
R-S17760	100
R-BY119288	50
R-Y485696	4100
R-FGC13749	4000
R-FGC60558	3300
R-FGC60565	3000
R-FGC60548	1000
R-Z251	4100
R-Y7624	3600
R-BY2963	1100
R-Y153266	1500
R-Y44741	900
R-Y406656	900
R-A248	3500
R-FT105505	2900
R-A228	1650
R-A17482	1100
R-A959	1450
R-A968	1450
R-BY19356	1000
R-Y112126	1000
R-A961	650
R-A241	1350
R-CTS9686	1150
R-A237	1150
R-M6346	1150
R-FT20538	500
R-FT20361	500
R-A239	1100
R-A10118	475
R-A17283	225
R-S11556	4100
R-Y81606	3900
R-Y82327	1050
R-Z17662	3800
R-Y31914	700
R-S9294	4100
R-FTB4953	1300
R-A10557	1300
R-Y11273	4100
R-FGC21188	3200
R-Y363661	50
R-Y74871	750
R-FT72598	3000
R-FGC65746	225
R-Y15634	4100
R-Y22431	3800
R-Y23842	1600
R-Y31403	1050
R-Y64206	2500
R-Y60798	1550
R-Y11270	1650
R-FGC43000	1600
R-Y85669	700
R-Y11269	1100
R-A2158	850
R-Y15785	225
R-A11526	500
R-FGC11986	3700
R-FT309010	1250
R-FTC15968	800
R-Y62136	1150
R-A7079	500
R-BY145208	3700
R-FT124946	350
R-FGC11990	3700
R-A555	3100
R-Y342761	850
R-BY326	600
R-BY148743	350
R-FGC12414	3000
R-BY107437	1250
R-Y163703	50
R-Y30679	3700
R-BY9005	3300
R-Y5833	3900
R-CTS4157	3900
R-Y352850	650
R-MF43363	1850
R-FT49638	700
R-Y272622	500
R-A11676	3900
R-A11659	3900
R-A11648	1800
R-Y107087	2700
R-Y312936	1100
R-Y5803	3800
R-FT74121	3800
R-BY112307	1500
R-BY112589	600
R-BY95635	125
R-FTA3644	200
R-Y31737	1550
R-Y31754	600
R-Y31747	250
R-Y58158	50
R-Y31810	1650
R-FGC59277	1200
R-FGC59286	450
R-FT30871	1350
R-FT249591	200
R-A6078	3500
R-A6077	3400
R-Y19753	2900
R-Y19754	300
R-Y61956	950
R-FT144765	950
R-Y32361	3400
R-Y552919	100
R-Y616747	75
R-BY23397	1750
R-Y82235	425
R-Y86996	2500
R-Y105803	150
R-BY9603	3400
R-FT98630	3000
R-Y92045	3000
R-FGC59649	3400
R-Y261273	3400
R-BY3972	2800
R-BY60915	275
R-A9709	2700
R-ZP110	225
R-FTB87766	350
R-FGC59632	600
R-Y31623	600
R-Y94908	350
R-Y53445	200
R-Y5826	3400
R-Y61738	1500
R-BY12470	850
R-FT41868	2900
R-Y503227	3400
R-PH1047	2100
R-FT285843	2100
R-BY2937	3400
R-BY2932	900
R-FT169596	850
R-Y5823	3300
R-L555	700
R-PF4217	700
R-FGC34569	600
R-FT423962	600
R-FT11934	600
R-CTS2501	4100
R-BY215312	2400
R-BY23570	550
R-BY39033	3200
R-Y135434	1900
R-Y135423	1900
R-BY39036	1900
R-Y3515	950
R-FGC40253	200
R-Y5627	1200
R-Y5626	100
R-Y67526	500
R-FGC13023	4100
R-FT175414	1650
R-Y307848	800
R-FGC13014	1400
R-Y40654	425
R-BY114	2700
R-L563	1350
R-Y31305	850
R-Y88051	400
R-Y31307	450
R-A874	4100
R-A875	3500
R-A1787	3500
R-Y113280	2800
R-BY23505	2400
R-BY38359	550
R-BY123784	325
R-FT274254	150
R-FT273826	100
R-Y8426	4100
R-MC21	3000
R-FTB559	3000
R-BY39381	1850
R-FGC36627	900
R-Y55316	300
R-Y517825	4100
R-BY160	900
R-FT376544	800
R-Y86586	225
R-FGC36974	450
R-FGC36982	450
R-PF5064	225
R-Y5658	4100
R-BY42274	175
R-A40	1800
R-Y7728	1800
R-MC04	1250
R-MC13	375
R-MC27	225
R-MC00	700
R-Y5655	1300
R-Y5650	850
R-Y5649	550
R-Y12671	225
R-FGC5577	350
R-FT20095	350
R-BY3104	200
R-A2193	50
R-S775	3500
R-A600	3200
R-L744	650
R-A8341	375
R-Y14197	475
R-Y14198	275
R-FGC34909	650
R-BY93240	200
R-Y4954	550
R-A8324	50
R-Y15896	550
R-BY11982	300
R-S781	600
R-A749	600
R-A8323	550
R-A6293	50
R-A306	150
R-A5024	550
R-Y83162	300
R-A5025	300
R-FGC70765	350
R-Y11635	300
R-FT211732	275
R-Y50172	200
R-A922	300
R-Y14048	50
R-L1335	2700
R-BY20819	1300
R-S733	1750
R-Y5741	1000
R-FGC51750	850
R-FGC51749	500
R-Y5739	1000
R-Y22229	750
R-A1541	425
R-Y5740	800
R-Y12933	800
R-Y300179	1500
R-Y23191	1250
R-Y47014	1150
R-FGC32556	950
R-Y47763	550
R-FT143308	450
R-FT137829	400
R-FGC10125	1500
R-FGC10113	1500
R-Y214646	1150
R-Y214641	350
R-Y7359	1000
R-FTB13858	1000
R-FGC10124	800
R-FT66561	700
R-A5919	800
R-Y132210	400
R-Y132211	150
R-FGC10123	600
R-FGC10122	600
R-FGC10120	600
R-Y314357	350
R-Y302089	50
R-Z16325	1750
R-Y88539	550
R-FT184724	125
R-BY32766	350
R-S744	1650
R-FT134086	1650
R-A9354	950
R-Y15101	325
R-A9863	300
R-Y16858	1350
R-Y17075	1350
R-PF5236	1300
R-Z17616	1050
R-A1141	950
R-Y19135	50
R-Y23839	600
R-Y6668	1650
R-FGC32890	225
R-Y7845	1650
R-Y11899	950
R-A5908	650
R-A5911	375
R-A5307	650
R-Y37180	475
R-A5310	500
R-S691	1450
R-FT66392	1300
R-MF4907	650
R-Y47393	1050
R-FTA31574	200
R-A850	1450
R-BY11749	1450
R-Y22159	1450
R-Y106405	500
R-Y22337	1450
R-Y249206	1150
R-Y297770	50
R-Y22160	500
R-Z38412	750
R-CTS6370	500
R-S7361	1200
R-Y32811	375
R-Y29908	175
R-CTS5356	1200
R-Y354327	500
R-CTS6024	600
R-S695	1450
R-FT37734	375
R-Y575917	50
R-A6931	950
R-A9864	750
R-Y45397	375
R-BY144	850
R-S697	500
R-FGC9572	1100
R-A5291	650
R-FGC19633	1300
R-FT230097	1150
R-Y677226	50
R-FGC46882	1300
R-FGC32577	550
R-Y559452	250
R-S764	1600
R-BY189843	1600
R-FTA81912	650
R-L743	1600
R-A16699	1250
R-A6129	350
R-BY205916	275
R-FGC23764	450
R-FGC28985	1600
R-FGC28992	1600
R-FT86089	850
R-Z17614	475
R-FT28411	1050
R-Y419138	650
R-Y56678	700
R-Y618866	50
R-BY3144	1050
R-S3853	225
R-A13318	1500
R-A13315	1200
R-A14498	800
R-FT46080	650
R-BY22054	475
R-A18864	450
R-BY66002	50
R-FT133802	700
R-FT133742	650
R-FTB70469	275
R-Y16252	1000
R-A7372	600
R-A7367	225
R-BY23333	650
R-Z19118	600
R-Y11804	900
R-Y12535	700
R-A861	375
R-Z17611	1400
R-FGC17595	900
R-BY150	225
R-FGC17603	700
R-FGC17600	275
R-FGC64905	375
R-FGC18441	1100
R-Y493874	200
R-BY42371	550
R-BY42370	50
R-FGC18447	850
R-BY23354	800
R-BY132330	150
R-BY69236	450
R-FGC77507	750
R-FGC18451	600
R-FGC18442	550
R-FT20203	50
R-FGC45275	1600
R-BY19745	1450
R-Y94125	1100
R-BY80521	850
R-S756	1100
R-A6099	850
R-BY25532	225
R-Z16328	1100
R-Y31372	600
R-Y31370	600
R-Y89062	300
R-Y31371	600
R-FGC66912	1100
R-Y277662	50
R-BY23073	1100
R-A16013	1100
R-FGC45278	800
R-BY154	600
R-FGC50089	500
R-FGC45282	475
R-FGC50014	275
R-FGC17058	125
R-DF1	4000
R-FT158299	1500
R-BY11151	500
R-Y44961	50
R-FGC49374	1550
R-BY11147	550
R-DF1a	4000
R-FGC32080	500
R-Z23534	900
R-BY11524	500
R-FT75634	850
R-Y97532	700
R-Y87861	50
R-S6365	3800
R-L706.2	1650
R-FT302254	700
R-Z16407	1250
R-BY553	1200
R-FT372669	1200
R-Y284192	50
R-Z17909	1200
R-Y482201	350
R-BY2924	700
R-BY55195	300
R-FGC11802	3800
R-Y286774	1650
R-FGC32205	2800
R-BY25881	2300
R-FGC32200	1650
R-Y84960	800
R-FGC11792	3300
R-Y353782	1050
R-FGC11803	2000
R-BY2863	225
R-BY92814	1450
R-BY50660	2000
R-BY50579	2000
R-FT230181	1700
R-Y3553	3500
R-Z16379	1850
R-BY405	1100
R-BY408	1100
R-BY3150	1100
R-FGC32230	1850
R-FGC32228	1850
R-FGC32222	750
R-FT137231	550
R-BY184	1650
R-FT2794	50
R-BY182	1450
R-FT18700	1450
R-FT25118	550
R-Y3556	3500
R-CTS3087	1900
R-Y3555	1700
R-Y275480	650
R-Z17629	1450
R-Y226515	950
R-Z17626	1450
R-Z17627	750
R-FGC32363	1550
R-BY11280	1300
R-CTS10651	650
R-FGC75777	1500
R-Y298672	50
R-S8124	1350
R-A11236	1050
R-S5668	3800
R-BY75076	3800
R-BY100043	3300
R-FT167351	1050
R-FT169054	650
R-Z16357	3800
R-BY19970	600
R-BY169413	50
R-Z16351	1700
R-Z16854	700
R-BY13850	175
R-Z17911	1700
R-Y29969	1400
R-FGC82702	1400
R-A11138	1700
R-Y82274	550
R-Y445810	50
R-A11132	475
R-A11136	50
R-Y354187	50
R-Z16340	3600
R-FGC36286	3200
R-FGC34293	3200
R-BY633	2900
R-A20238	2200
R-FTC88865	800
R-Y83243	1100
R-Y90816	300
R-BY621	2000
R-BY54262	50
R-BY616	50
R-Y20987	650
R-BY49891	450
R-BY68548	50
R-Y20986	375
R-BY105431	300
R-Y36399	300
R-BY13832	500
R-BY11574	50
R-BY33269	300
R-FGC9780	3200
R-Y353390	200
R-FGC9782	1400
R-Z20655	1400
R-FGC9779	1400
R-FGC9804	1050
R-FGC9775	950
R-FGC9774	900
R-FGC9800	600
R-Z16339	550
R-FTC17460	200
R-FT304531	50
R-FGC32562	50
R-FT85453	300
R-FGC13499	3800
R-S7834	1450
R-FT3110	700
R-S7828	950
R-BY11186	450
R-FGC64750	3200
R-FGC13505	2600
R-S23634	600
R-Z17821	1300
R-Z18493	1200
R-S5979	3000
R-S5982	1850
R-ZS4581	1800
R-Z17817	1600
R-FT123657	1000
R-FTA30603	1600
R-FTB41027	1350
R-FGC30220	800
R-ZS4584	1550
R-BY99458	700
R-Y32809	550
R-CTS1809	275
R-ZS4578	550
R-Z17816	1800
R-A1069	1050
R-BY15302	950
R-BY193326	750
R-Z17815	700
R-A1067	600
R-FGC32004	1850
R-FT6052	800
R-BY11221	800
R-BY11238	800
R-BY2634	1400
R-FT82593	950
R-Y96827	50
R-FT407328	1850
R-Y31361	850
R-Y31364	850
R-Y106836	500
R-A3	1750
R-A8	1550
R-Y140404	1450
R-FGC32838	550
R-FGC32836	300
R-FGC32845	275
R-Y11640	750
R-FT87780	700
R-A16843	200
R-A16844	50
R-FT4900	700
R-FT149512	225
R-Y55488	225
R-FT197539	125
R-FT62226	50
R-Y11639	600
R-FGC35607	450
R-Y95564	225
R-Y126773	600
R-FT362841	200
R-FGC31823	275
R-FGC31825	225
R-FGC36391	175
R-FT80667	125
R-FGC32661	550
R-BY11229	125
R-FT83260	125
R-FGC21250	550
R-FT20946	125
R-FTA93223	550
R-FGC32659	400
R-FGC32658	375
R-FT97445	275
R-FT94494	275
R-Z253	4100
R-Y283362	1250
R-Y483860	4100
R-FT199713	3200
R-Y663080	175
R-Y132510	3000
R-Y132498	350
R-FGC73657	4100
R-BY23467	3000
R-FTA21146	4100
R-Y81835	850
R-Y23214	3800
R-Y13500	1950
R-FGC73659	1650
R-FGC17450	1350
R-A14170	50
R-Y13501	1500
R-BY13083	1500
R-Y13125	1150
R-FT291097	700
R-A10982	3300
R-A11001	550
R-A11011	350
R-A11007	300
R-Y72980	150
R-Y84345	50
R-Y153502	300
R-FGC3268	4100
R-FT37327	1800
R-BY39771	1800
R-BY43439	4100
R-BY4074	3800
R-L554	3700
R-ZS6694	1800
R-Y368978	1850
R-Y158760	100
R-FT78065	4100
R-FGC61771	1950
R-Y101278	350
R-FT31956	4100
R-Y198506	4100
R-FT74152	350
R-Y303715	50
R-BY204990	4100
R-Y305019	650
R-BY23575	2100
R-FT80041	950
R-Y87398	1400
R-FGC3220	4100
R-Y586258	500
R-FGC3222	1950
R-A2181	800
R-Y523060	1100
R-FTB91798	1100
R-Y132587	50
R-FGC3236	1450
R-BY158018	1450
R-BY158603	1450
R-FGC3251	1000
R-Y495052	3900
R-BY73400	950
R-FT367291	800
R-S844	1800
R-L1308	1250
R-FTA78885	350
R-BY92701	1150
R-FGC20566	375
R-S845	1400
R-Y14298	1400
R-Y641940	50
R-A17994	1400
R-Y183707	1400
R-AMM336	1400
R-Z17685	1400
R-FGC20561	1400
R-BY28646	1400
R-ZQ457	1400
R-FT230964	650
R-FGC20562	1250
R-BY12191	1100
R-Y57086	950
R-Z2534	4100
R-FT372801	2600
R-Y398337	1300
R-FGC41893	1750
R-FGC41899	1600
R-FTA10613	275
R-FGC8284	3500
R-BY4072	2400
R-BY54692	950
R-FGC8257	2600
R-BY13693	4000
R-Y179673	1250
R-Y631551	1100
R-Y134019	2800
R-Y134034	2800
R-Y279634	1200
R-Y220616	950
R-Y247080	50
R-A16	4100
R-BY20037	1250
R-Y152912	350
R-A276	4000
R-BY35036	2300
R-BY66878	175
R-FGC53827	3300
R-FGC53861	3300
R-FTA56729	3100
R-Y45670	200
R-A14	3800
R-A277	3600
R-BY13089	2800
R-Y91096	1900
R-Y96072	1500
R-BY187422	450
R-BY13097	3200
R-Y28583	2800
R-L643	1650
R-Y28579	950
R-Y28581	475
R-Z2195	3500
R-FT18268	550
R-FT15227	550
R-FT167670	200
R-Z2189	2800
R-BY279	2700
R-BY19647	2700
R-V4098	2200
R-Y187689	1800
R-FT192221	1350
R-FT281817	1050
R-DF73	2600
R-Y185053	2000
R-Z2188	2600
R-Z2203	2600
R-Z17259	2600
R-FT235917	1700
R-Z29749	2600
R-A4945	1750
R-PH4912	1500
R-FT351518	1500
R-FT351517	1100
R-FT7346	50
R-Y3127	3300
R-BY64560	275
R-Y3128	1750
R-L226	1500
R-DC70	1150
R-FGC5660	1400
R-DC9	1300
R-DC8	1100
R-DC135	1100
R-Y245840	50
R-DC134	750
R-Y12461	1300
R-Y12459	900
R-Y12934	900
R-Y22036	350
R-FGC79628	1400
R-FT56654	1250
R-DC26	1250
R-FT37203	900
R-Y307478	800
R-DC104	750
R-DC63	1400
R-DC127	650
R-DC29	1100
R-DC31	1100
R-DC30	850
R-DC189	850
R-Y642985	50
R-Y4010	1300
R-Y40477	225
R-Y14087	1300
R-DC53	1200
R-Y48957	800
R-DC40	1300
R-DC262	1200
R-FGC8004	1250
R-FGC5659	1250
R-DC45	400
R-FGC5619	200
R-DC709	1250
R-DC815	1250
R-MF629071	1150
R-DC782	1000
R-DC37	700
R-FTD2565	700
R-Y5609	850
R-DC13	850
R-Y6913	400
R-BY5212	400
R-Y126844	1250
R-DC274	800
R-DC41	650
R-DC921	150
R-DC269	900
R-DC270	325
R-FT77683	750
R-DC908	275
R-DC909	275
R-Z2185	4100
R-Y558633	3700
R-BY42467	850
R-A7031	2600
R-A7030	500
R-A287	3800
R-Y260479	650
R-BY12587	500
R-BY62794	3700
R-Y151141	500
R-FT128338	175
R-FTA29674	125
R-PH1704	800
R-FT130337	700
R-Z2186	4100
R-FGC48803	4100
R-Y292481	3600
R-Y315372	500
R-A2298	3000
R-BY2848	1950
R-FT303365	1200
R-BY2760	850
R-Z2183	4000
R-A6122	2700
R-Y443677	2700
R-BY64864	950
R-BY77606	2500
R-Y663689	1400
R-BY19824	800
R-Y84122	650
R-BY56050	3000
R-BY61152	950
R-Y160327	1850
R-Y256963	1950
R-Y256941	200
R-FGC17242	1150
R-BY17911	650
R-FGC17245	1050
R-FGC53695	3700
R-FT32305	3700
R-FT32658	1400
R-Y180536	50
R-Y645111	1500
R-A11736	3300
R-Y29970	650
R-FGC37015	300
R-A11737	225
R-BY2707	4000
R-Y585115	4000
R-Y155719	1300
R-BY154204	550
R-BY414	1600
R-Y270815	600
R-Y271121	600
R-BY2678	1100
R-BY4296	1100
R-Y255010	500
R-BY2684	900
R-Y91707	375
R-FGC23702	3300
R-Y165231	950
R-FGC35529	3300
R-BY14247	1650
R-BY102745	1650
R-BY149318	1500
R-FT380028	200
R-FT230137	4000
R-FT25222	1400
R-FT194739	550
R-FT196630	200
R-FTA52560	200
R-BY411	3400
R-BY14614	2000
R-BY20072	1250
R-Y90771	1000
R-Y37309	650
R-A18473	325
R-Y37307	125
R-A25365	3400
R-BY14539	700
R-BY3940	225
R-Y296848	1350
R-Y341713	1200
R-Y341826	800
R-Y179965	900
R-CTS9881	2300
R-BY3930	900
R-Y26614	900
R-Y49038	425
R-FT9552	450
R-BY160080	375
R-FT7959	275
R-FTA50806	375
R-FTA98884	50
R-Y264308	125
R-Y6064	1900
R-BY40372	900
R-CTS9251	1700
R-Z18126	700
R-CTS4296	1700
R-Y8603	1400
R-Y330170	200
R-M4884	200
R-BY50695	950
R-A2072	1300
R-A2076	600
R-A2073	225
R-A2075	125
R-Y192887	50
R-Y17690	1200
R-DF21	4100
R-Y15984	475
R-Y15986	450
R-BY205955	3300
R-Y367454	1200
R-Y367444	50
R-Y11789	1850
R-FT123100	950
R-Z29558	1850
R-Y11797	550
R-Y20358	1550
R-BY99030	2500
R-FT258227	500
R-FT272186	425
R-FT260823	475
R-FT260137	275
R-Z16532	4100
R-Y34280	175
R-Z16528	3400
R-BY75265	500
R-Y139845	375
R-Y139842	125
R-Z16529	2500
R-Z16534	2500
R-ZS4595	1100
R-A11018	800
R-ZS4606	900
R-ZS4598	850
R-FT63860	850
R-FT91281	500
R-Z16533	1600
R-FGC19889	1200
R-Y101563	800
R-Z16538	1600
R-Y83874	50
R-Z16523	1350
R-FGC18206	350
R-Y32871	50
R-Z16267	4100
R-BY23456	700
R-Y271025	700
R-Z3021	4100
R-FGC33378	1350
R-FGC33386	1350
R-FTB73936	1100
R-A50	1900
R-Y622632	800
R-Z16270	1500
R-Y351973	950
R-Z18010	1300
R-Z3006	1900
R-Y576657	1850
R-BY23503	700
R-Z3008	1700
R-BY3163	800
R-A14075	350
R-FT387295	350
R-Y23275	300
R-S953	1300
R-Y9053	150
R-A938	800
R-BY3249	350
R-A937	50
R-FT14355	1700
R-FT15034	1700
R-Z16273	800
R-BY93161	650
R-A77	650
R-FGC41930	1050
R-A21922	750
R-A21926	175
R-A23868	550
R-FTB88964	200
R-A24191	900
R-FGC41929	800
R-FGC41932	600
R-BY146910	425
R-BY178617	275
R-S3058	3900
R-FT98033	3700
R-BY2719	3300
R-Y36715	3300
R-BY23532	1600
R-BY23552	550
R-BY75560	2000
R-Y22972	1050
R-FT76179	950
R-BY103974	500
R-BY139464	750
R-FT102578	650
R-FGC51730	950
R-FT265144	800
R-Y163942	500
R-BY199295	350
R-BY204686	500
R-FT121398	350
R-FGC51733	475
R-FGC51718	350
R-FGC51717	50
R-S424	3000
R-Y2837	3000
R-S190	1650
R-FGC3212	800
R-S425	950
R-Y67231	375
R-Z39298	1250
R-Z36747	1650
R-Y16486	400
R-Y22187	125
R-Y16490	275
R-Y246946	1500
R-Y157274	1100
R-Y156345	150
R-Y12464	1350
R-Z29545	1150
R-Z29546	800
R-Z29552	500
R-FT75289	500
R-Z29556	400
R-A12201	400
R-Y24627	275
R-Z17998	1150
R-Y16002	1150
R-BY9402	1100
R-BY9399	800
R-FGC21907	1000
R-Y16004	750
R-Y16063	750
R-Y31390	750
R-Y16064	700
R-Y16003	350
R-Y17479	150
R-Z29953	950
R-BY4521	250
R-Y32940	950
R-Y220139	200
R-Z4685	750
R-Y32785	375
R-BY4015	375
R-Z30233	4100
R-BY9405	4100
R-Y71429	1800
R-BY13823	600
R-FTC40254	50
R-Y2890	4100
R-Z246	4100
R-DF25	4100
R-FGC84872	2800
R-Y41120	2300
R-Y173012	200
R-Y566953	4100
R-Y23187	3900
R-BY41282	3800
R-S6168	3600
R-FT137589	1800
R-FGC33178	2600
R-Y65123	50
R-S6185	1750
R-Y72847	1150
R-DF5	4100
R-Y64288	3600
R-FGC72907	1650
R-BY86606	1000
R-CTS5524	3200
R-L1446	750
R-Y7346	800
R-Y35187	3500
R-BY23524	3000
R-Y152697	275
R-Y32937	3500
R-FTB27241	75
R-S984	2900
R-Y60772	1100
R-Y74092	50
R-Y9367	3500
R-BY9595	3500
R-BY53750	3500
R-BY11436	750
R-BY11439	500
R-L658	1150
R-Y133844	500
R-Y9068	750
R-FGC15494	350
R-Y9061	550
R-Y9059	225
R-Y9067	50
R-L1403	2900
R-A5409	2300
R-YP1699	850
R-Y85627	225
R-BY3455	1000
R-L1402	1200
R-A682	800
R-FGC45390	600
R-FGC58674	50
R-A426	1000
R-Y473883	800
R-BY38372	1000
R-FT20402	50
R-A1344	950
R-A425	500
R-A12131	700
R-A7493	600
R-A7495	425
R-CTS3655	4100
R-Y87505	250
R-BY21632	600
R-BY49860	200
R-BY40699	50
R-Y12651	4100
R-Z16540	4100
R-Y553188	1200
R-Y622434	500
R-Y140014	1800
R-Y660783	275
R-V75	1300
R-Y229586	1800
R-Y67497	3100
R-Y63034	600
R-B123	2800
R-FT49790	500
R-Y422278	500
R-BY100219	2400
R-BY48359	1100
R-FT365612	275
R-L627	3400
R-FGC3911	1650
R-L626	275
R-BY3364	1550
R-BY3368	950
R-FT229475	650
R-FGC15791	950
R-FT88521	500
R-Y133164	275
R-Y133180	50
R-FT89535	275
R-FTB61008	50
R-S5488	3800
R-FT36010	3800
R-FT36567	1150
R-A6484	650
R-BY8997	150
R-BY11117	3500
R-Y15090	2100
R-BY63935	225
R-S20620	600
R-FGC11358	3800
R-Y142580	2900
R-Y142544	1300
R-FTG47903	1000
R-L1336	1700
R-C150733	650
R-A936	1450
R-Y174030	650
R-A933	1150
R-Y474257	600
R-A935	1050
R-S7200	3800
R-Z16299	1950
R-FGC34088	800
R-BY172922	350
R-FGC34086	350
R-BY11111	950
R-Z16314	800
R-A14025	550
R-Y85597	550
R-BY87417	550
R-FGC53208	2700
R-BY634	450
R-FGC33971	225
R-S7190	2400
R-BY56413	1400
R-S6000	1750
R-BY132933	800
R-FT29181	1350
R-FT31818	1250
R-BY11112	650
R-BY11114	375
R-BY11119	375
R-A11732	225
R-A14029	650
R-A14030	450
R-A14031	350
R-FT173909	50
R-Z16294	3600
R-Y232561	500
R-BY205877	125
R-Y131908	3500
R-BY19389	1900
R-BY19391	150
R-Y28681	3600
R-Y29953	1950
R-Y29948	225
R-FGC58900	3600
R-FGC58881	900
R-FGC58910	800
R-Y292494	2900
R-Y292444	900
R-FTC27789	325
R-FTC31167	200
R-Y264274	125
R-FGC47949	700
R-FT146986	500
R-FT145887	350
R-Y133668	400
R-Y24868	3600
R-Y136998	650
R-FGC55496	3300
R-FGC42958	425
R-FGC42972	275
R-FGC65708	425
R-Y190835	275
R-S19938	1250
R-BY133845	1000
R-FT345424	200
R-Y134091	750
R-BY197308	350
R-BY162988	200
R-Y134077	150
R-Y151229	200
R-Z16292	3000
R-A14023	3000
R-BY14548	1750
R-Y33000	350
R-Y17454	2500
R-Z16291	1750
R-V1640	1500
R-Y81177	1100
R-Y97894	950
R-Y132491	150
R-Z16284	1600
R-Y89852	50
R-BY224838	1150
R-FT294084	350
R-Y274860	200
R-BY3301	1050
R-Y31399	800
R-Y41038	50
R-FGC63582	150
R-FT14437	1600
R-BY20009	800
R-BY20010	800
R-FGC67696	50
R-Y429883	50
R-Y28633	1450
R-BY4006	1450
R-BY4005	1150
R-FGC61810	300
R-FGC65865	1150
R-DF49	4100
R-Y51202	950
R-Y504578	500
R-FTC18469	950
R-Y44291	1700
R-BY23924	3900
R-Y313615	50
R-Y446597	3900
R-Y89201	1300
R-BY39879	850
R-BY39881	600
R-FGC11175	3900
R-Y160235	1600
R-FT149663	3900
R-FTB75323	2700
R-ZP80	3500
R-BY19051	950
R-BY19056	800
R-BY19074	800
R-BY19071	375
R-BY38547	225
R-ZP21	3600
R-Z38984	2400
R-BY2079	3600
R-Y429687	1500
R-BY24322	3300
R-A10103	2600
R-BY137146	2600
R-ZP116	2100
R-BY23885	450
R-BY50045	275
R-BY82600	450
R-Y565424	3600
R-Y362649	3600
R-Y31316	3600
R-Y60394	1050
R-Y74330	750
R-FGC11203	3400
R-A12264	700
R-BY23497	325
R-BY24176	150
R-Y32784	1200
R-FGC11202	850
R-BY160706	850
R-FGC11164	850
R-Y34236	300
R-Z2980	4100
R-BY79134	4100
R-FGC9635	4000
R-FGC9615	4000
R-FGC9616	3900
R-BY205506	3400
R-ZP221	2800
R-FT74188	350
R-BY102381	1250
R-Y154303	350
R-BY121088	50
R-Z2976	4100
R-BY25948	1450
R-FT94077	3700
R-DF23	4100
R-Y24525	1350
R-Y24529	450
R-BY35099	3400
R-BY35100	2700
R-BY89790	1200
R-BY101938	1200
R-C105570	100
R-ZP149	3800
R-ZP171	2100
R-BY39864	1050
R-Y103496	1500
R-Y22142	3400
R-Y22135	1650
R-Y29932	800
R-Y30872	475
R-FGC65724	600
R-ZP112	3700
R-BY132053	3100
R-BY24027	1550
R-Y29872	2600
R-Y94317	1500
R-Y101447	1000
R-Y100969	1000
R-CTS9865	1500
R-Y31577	2800
R-Y146492	1650
R-A13152	500
R-Y31586	400
R-Y31585	200
R-Y64604	200
R-Z2961	4100
R-Z17591	1750
R-ZP75	4100
R-BY3436	2900
R-FGC30390	1300
R-Y36722	950
R-FGC30377	800
R-FGC30385	375
R-FT29361	200
R-ZP77	3800
R-Y439814	50
R-BY40744	3800
R-ZP68	2000
R-A8255	3200
R-FGC40095	850
R-FGC51330	600
R-BY39919	2300
R-BY39916	1150
R-BY39913	200
R-BY3437	750
R-Y251800	200
R-BY68268	500
R-BY74457	125
R-FTA27561	50
R-BY3440	350
R-BY23735	150
R-BY82177	50
R-Y160102	225
R-BY64381	50
R-S645	4100
R-FGC85601	3700
R-Z2965	4100
R-M222	2100
R-A7362	850
R-BY18041	850
R-Y30151	600
R-S568	2100
R-FTB33676	350
R-FGC440	1300
R-FGC458	550
R-A10857	2100
R-Y304457	1650
R-Y62520	950
R-Y76918	950
R-FT28008	350
R-Y2605	1900
R-Y573691	1800
R-Y281106	1550
R-Y280899	1350
R-FTB87283	50
R-Y3454	1800
R-FGC4096	1050
R-FGC29480	500
R-FGC5857	1300
R-Y483478	350
R-FGC5862	400
R-FGC5860	50
R-FGC85493	1800
R-FGC12948	1800
R-FGC12950	1800
R-A2182	1800
R-FTA81526	1050
R-BY177877	1800
R-FTB57435	350
R-FGC37855	1400
R-FT27424	375
R-A357	425
R-FGC42185	225
R-FT423755	225
R-FGC42184	150
R-A7410	50
R-A725	1650
R-A2299	1100
R-BY21224	375
R-A725a	1300
R-FGC40940	850
R-FGC40949	700
R-FGC37611	1300
R-S676	1000
R-BY189805	800
R-BY189889	150
R-A11360	1050
R-Y13280	175
R-Y22912	1050
R-A13231	1050
R-FGC42645	1250
R-FTD71483	50
R-FGC42641	600
R-FGC42646	200
R-FGC42650	50
R-A24463	125
R-Y2841	1800
R-BY42598	1500
R-BY191013	1200
R-Y500613	350
R-DF104	1800
R-FT14462	1600
R-FT103443	1500
R-BY33237	1500
R-BY122668	1500
R-Y360529	200
R-A10661	1150
R-A10663	175
R-DF109	1750
R-BY129440	1750
R-BY21184	1400
R-BY35731	375
R-Y266303	50
R-BY62757	200
R-FGC92959	950
R-FTC610	1650
R-Y324364	700
R-BY50870	1000
R-BY77865	50
R-BY93859	1750
R-BY154023	1750
R-Y412743	1750
R-Y134650	125
R-Y61966	1350
R-Y652401	125
R-FGC32794	600
R-FGC32795	225
R-FGC4133	800
R-FGC4125	700
R-Y187329	425
R-FT27858	1300
R-BY21182	500
R-BY128260	1150
R-FT31150	200
R-FT31742	200
R-ZS8379	1200
R-Y103352	1150
R-BY145571	700
R-Y23987	800
R-BY18040	375
R-A11427	650
R-Y15541	275
R-FGC23742	1450
R-A11905	1450
R-FGC58790	1000
R-FGC52024	500
R-Y146338	300
R-FGC46310	1450
R-FT315267	1100
R-A16160	650
R-FT207016	500
R-FGC46309	900
R-FGC64418	550
R-Y94073	1000
R-FT78901	350
R-FT78992	350
R-A1206	1200
R-FGC23097	900
R-Y293682	900
R-FGC23739	1050
R-FT382865	1050
R-FGC23738	150
R-BY11687	750
R-A28395	500
R-BY182748	50
R-PF1614	550
R-FT35292	150
R-FT43311	125
R-Y30761	425
R-Y77098	200
R-Y3645	1400
R-BY11694	1200
R-FGC62830	500
R-BY11698	900
R-A823	1300
R-A8683	700
R-FT103155	500
R-A11697	150
R-A984	1300
R-A11242	1150
R-A11245	950
R-A11246	375
R-A982	1250
R-FTC22065	1250
R-Y331936	50
R-Y32762	600
R-FGC35906	850
R-BY137822	375
R-FT9740	200
R-FGC35910	850
R-FT84190	600
R-Y83529	600
R-A5608	350
R-A5606	50
R-Y3646	1400
R-Y146184	700
R-Y3644	1400
R-BY184899	125
R-FGC36288	750
R-FTB58729	200
R-A24131	125
R-FGC33468	175
R-A1774	1400
R-A1775	1200
R-BY18130	175
R-FT74122	700
R-Y226032	1200
R-A22790	800
R-BY18173	800
R-A22792	850
R-A23675	750
R-A23962	700
R-A23671	550
R-A23673	275
R-S588	1550
R-Y620020	500
R-BY13681	50
R-BY35717	1550
R-S7049	950
R-A5386	600
R-FGC16740	1300
R-BY62083	800
R-FT27558	1550
R-Y255017	800
R-Y352864	950
R-Y158593	900
R-Y465730	350
R-Y81784	50
R-A9884	800
R-A9885	800
R-Y128532	600
R-FGC30690	1500
R-FGC30697	1350
R-A10530	1150
R-FGC19831	1550
R-FGC57924	1450
R-FGC19833	1450
R-FGC19832	1450
R-FT394403	1450
R-FGC19838	1050
R-BY164458	500
R-FGC78682	1050
R-Y9391	950
R-FGC7929	950
R-FGC4109	950
R-FT135247	50
R-FGC23592	1000
R-Y12192	600
R-FGC23597	150
R-Y26632	150
R-A12547	50
R-A13149	50
R-S604	1450
R-Y37492	1400
R-FGC57769	1400
R-FGC57762	1250
R-S590	1150
R-Y519803	650
R-FT169286	650
R-S595	800
R-BY19782	450
R-FT206485	425
R-FT208101	200
R-S7814	1550
R-YFS538056	1500
R-BY205	1300
R-BY199	700
R-BY77979	550
R-BY4142	1300
R-BY4140	1300
R-BY4141	300
R-A694	1550
R-FGC33939	1550
R-FTA75716	1150
R-Y434239	900
R-Y491904	650
R-Y492360	50
R-BY13139	950
R-FGC75642	550
R-FGC59192	850
R-BY20537	800
R-BY18239	550
R-Y7159	800
R-A18726	1650
R-BY125828	50
R-BY184592	750
R-Y160038	50
R-A10528	1650
R-A10526	1100
R-Y23074	1000
R-A11215	350
R-Y24520	600
R-Y24815	450
R-BY198	1350
R-BY196325	275
R-FGC40507	750
R-Y66755	500
R-A15865	1350
R-Y36587	1150
R-A15876	500
R-A15877	425
R-A17850	375
R-A259	1600
R-Y166841	1550
R-FT385118	1550
R-BY198518	125
R-Y31295	1150
R-Y31294	900
R-A21774	900
R-BY21221	900
R-BY18179	600
R-A260	1400
R-V86	1100
R-Y160211	150
R-A5902	1000
R-FGC55184	1000
R-FGC55181	650
R-FGC59200	850
R-FGC5939	1400
R-FT185820	950
R-BY20816	500
R-Y511031	1400
R-A6925	1400
R-BY18157	950
R-BY20594	800
R-BY20593	600
R-BY53903	350
R-BY124815	200
R-Y178955	1400
R-A11846	1250
R-A884	900
R-BY21240	500
R-Y131834	50
R-Y54272	350
R-Y561662	1200
R-FGC42414	800
R-BY18180	50
R-A10525	1200
R-A21296	800
R-BY18162	750
R-A20221	750
R-FGC65253	750
R-Y327346	550
R-FT15936	550
R-DF85	1750
R-FGC35551	350
R-Y564372	50
R-FGC57907	800
R-BY35718	1350
R-BY35720	1050
R-BY112602	800
R-Y154616	500
R-FT35553	1550
R-FGC71318	1500
R-Y7081	50
R-Y13167	400
R-Y13565	275
R-S673	1550
R-BY25894	1550
R-FTC22053	1350
R-Y34170	1200
R-Y34171	800
R-Y104964	150
R-FGC32830	1200
R-FT47343	1000
R-FGC32835	1000
R-BY230928	600
R-FT360077	125
R-FGC49729	550
R-BY168456	200
R-FGC49728	500
R-Y135730	300
R-S668	1550
R-FTC5478	500
R-BY18350	400
R-FT141127	1100
R-Y136497	1550
R-BY25887	950
R-BY18346	800
R-DF97	1550
R-BY21179	1200
R-S666	1200
R-BY18256	1050
R-BY21261	950
R-FGC58598	750
R-FGC58597	750
R-FGC68708	350
R-FT77538	275
R-FGC68707	125
R-BY21203	700
R-BY171180	375
R-BY170025	250
R-FGC19851	1550
R-FGC19846	1550
R-FGC19848	1550
R-FGC42106	700
R-BY23098	350
R-Y37420	700
R-FT7322	1200
R-FT94093	200
R-FGC65264	1200
R-FT11368	200
R-Z29319	1550
R-FGC41507	750
R-BY35771	1100
R-BY35772	200
R-BY21154	1000
R-Y128090	1000
R-BY21159	600
R-BY38581	225
R-BY471	1200
R-FGC49695	900
R-A11231	700
R-FGC51957	125
R-A11103	750
R-YP1404	600
R-A11100	150
R-A1332	800
R-Y103560	225
R-A12202	800
R-Y539797	300
R-Y539792	300
R-BY18260	50
R-Y137170	200
R-Y618217	800
R-Y40505	50
R-A12202a	700
R-FGC51812	300
R-BY18290	50
R-FGC52372	500
R-Y109837	350
R-Y16739	400
R-A20983	225
R-A24487	175
R-BY18291	125
R-S1194	4800
R-A8039	4800
R-BY48129	4800
R-A8040	4800
R-Y247861	4000
R-BY12548	3500
R-Y419854	2100
R-A8043	4800
R-BY11764	3400
R-BY55837	50
R-Y87436	500
R-Y112358	500
R-BY205166	300
R-Y87436a	150
R-S1200	4800
R-Y132791	450
R-FGC41234	4700
R-FGC30867	4200
R-Y308320	1900
R-Y36365	4500
R-Y45583	1950
R-Y46936	1800
R-Y89980	1350
R-S17624	3400
R-Y64294	550
R-MF93513	550
R-S11481	2100
R-Y81958	125
R-S21770	1900
R-BY39495	1500
R-Y44833	1100
R-A8487	1550
R-S15806	500
R-FTA8880	500
R-FGC69356	1900
R-Y439379	1200
R-BY68262	275
R-Y137281	125
R-S14328	4800
R-Y82021	2800
R-Y257886	2800
R-Y85282	2500
R-Y283516	2500
R-Y99182	1800
R-Y86732	4700
R-BY38492	3300
R-ZS5789	4200
R-Y87663	2300
R-Y28597	3000
R-Y76311	2500
R-Y275329	200
R-S10242	2100
R-BY25608	800
R-YP1080	650
R-Y196519	3500
R-S22763	3500
R-FGC63488	1150
R-FTA40360	175
R-BY148920	1100
R-BY64252	50
R-Y16483	2400
R-Y436019	425
R-Y16741	2300
R-Y16744	2100
R-Y41201	1550
R-Y46261	1400
R-S1196	4800
R-S6868	4800
R-FGC23892	3800
R-FGC23887	3100
R-BY195505	2300
R-Y104648	550
R-Y23043	3800
R-FGC85416	3800
R-Y315277	350
R-S6849	1900
R-Y23037	1600
R-CTS7141	4800
R-CTS7354	4800
R-Y290809	2400
R-Y290790	1050
R-Y330047	500
R-A8509	3000
R-A8515	2900
R-Y365045	2100
R-Y60161	850
R-Y125239	2500
R-Y142640	2500
R-Y142604	1300
R-Y343082	4400
R-BY11821	4200
R-BY38452	2200
R-BY38456	1800
R-BY38460	1050
R-Y343199	350
R-FGC41382	850
R-BY56679	2500
R-BY61710	275
R-S1199	4200
R-FTA36479	3300
R-Y44717	250
R-S24014	3600
R-Y83152	2900
R-Y348164	2900
R-A8506	2300
R-A8465	2200
R-Y66575	200
R-Y351800	1750
R-BY11796	300
R-FGC71677	4200
R-FGC71702	4000
R-FT123394	3400
R-Y31336	3400
R-Y22442	2800
R-BY94742	650
R-Y23200	1100
R-Y34201	300
R-Y68228	300
R-U106	4600
R-FT64780	4300
R-ZS1682	1500
R-A10127	2100
R-BY77305	2100
R-A10125	500
R-Y138836	4200
R-Y138831	3800
R-BY202507	3000
R-Y348021	2600
R-Y348084	500
R-S19589	4200
R-FGC57398	3000
R-BY57996	2100
R-Y288547	800
R-FGC57405	2500
R-S15284	3200
R-Y413603	200
R-S18208	2400
R-BY60542	2100
R-FT200177	1250
R-FT14661	1900
R-FT25669	800
R-Y3443	2800
R-Y3449	1850
R-MF13282	1750
R-FGC399	1350
R-PH148	800
R-FT36489	500
R-A279	1200
R-Y184718	1100
R-Y3445	850
R-Y11145	2800
R-PH2376	1700
R-Y20963	1700
R-FGC32320	1700
R-Y324104	350
R-S16185	3900
R-FGC12021	3900
R-Y472509	1200
R-FGC12018	3300
R-FGC12053	3300
R-S25007	3100
R-FGC31905	3000
R-FGC53757	1950
R-FGC53747	1200
R-Y89499	450
R-S16361	1300
R-Y431040	1300
R-A20432	1100
R-Y196624	350
R-Y465914	350
R-FT248930	1300
R-Y75300	900
R-Y162022	900
R-Y70010	650
R-S18632	4600
R-S15391	4600
R-BY19952	4300
R-S16818	3000
R-Y15798	4000
R-BY56923	1900
R-BY57955	1900
R-BY105990	1300
R-FT100452	3900
R-FTA37606	3800
R-FTA29917	3300
R-Y245050	1600
R-FT443050	3800
R-FT97079	2500
R-Y504602	550
R-S26229	2200
R-FT201791	1950
R-Y356745	300
R-S10182	700
R-FGC35813	2600
R-Y15791	850
R-Y19747	1250
R-Y252352	1250
R-Y251898	350
R-Y20103	600
R-Y66888	275
R-Z19	3800
R-S15309	2600
R-S8402	1650
R-BY100599	1150
R-BY66624	225
R-S7047	3800
R-Y146117	1300
R-Y20989	2100
R-BY185214	1100
R-Y21470	2100
R-BY18074	2100
R-A6924	3100
R-FT67197	1350
R-Y239710	275
R-Y45423	2400
R-FT76741	2300
R-A6917	2300
R-Y55050	1850
R-FGC5817	3700
R-Y640246	2000
R-FGC5799	3500
R-Y291823	2200
R-FGC5826	3500
R-FGC5809	1900
R-FGC5844	1800
R-FGC5831	1550
R-FGC5810	350
R-Y141037	850
R-ZP147	1150
R-DF95	2700
R-BY73202	350
R-Y530050	2700
R-S3525	2500
R-FT299945	650
R-FT14555	1500
R-FT16650	1500
R-Y172153	125
R-ZP85	2700
R-HU525	1550
R-Y15995	2200
R-A19371	2200
R-A19361	50
R-Y269684	2000
R-BY41998	1450
R-Y15996	800
R-ZP187	450
R-ZP124	950
R-A2279	275
R-A7373	300
R-S19726	3300
R-BY71208	2200
R-S11601	3000
R-FGC35835	2100
R-FTB54400	1500
R-ZP144	2100
R-Y129064	1900
R-Y363683	250
R-Y112538	1900
R-BY71612	1150
R-Y100873	700
R-FT84836	550
R-FTA18226	375
R-A25847	700
R-A25843	700
R-Y86344	700
R-BY12164	550
R-FT146431	550
R-Y614336	2100
R-FGC35829	1650
R-Y150315	1600
R-FT424364	2100
R-Y137421	1400
R-Y137404	1050
R-FGC54210	700
R-FGC54216	375
R-FGC63623	150
R-FGC67635	50
R-FT21439	50
R-FGC54223	375
R-FGC62345	275
R-FGC62342	50
R-FGC79182	3500
R-FGC72105	3400
R-FGC72112	2400
R-FT7397	1650
R-ZP87	3400
R-FT6586	3400
R-FT3761	0
R-BY18864	3400
R-FT287755	3000
R-FT288677	2700
R-FTA85250	1650
R-Y420629	50
R-BY18990	3200
R-BY18996	1550
R-Y31457	1400
R-BY13822	600
R-FT60052	3400
R-S17948	1500
R-FT111242	1200
R-Y129708	1000
R-Y366863	1050
R-FT124142	1500
R-Y125046	3400
R-Y133217	2200
R-Y133150	1650
R-FTA79028	900
R-Y416193	50
R-Y45730	1250
R-FTC44622	50
R-Z372	3400
R-L257	3000
R-Y18550	1400
R-BY127169	700
R-Y19139	1000
R-A11759	275
R-Z8185	3000
R-B314	2700
R-Y373512	2700
R-S23346	3000
R-FT103483	3000
R-FTC12192	1950
R-FTA37604	3000
R-BY40758	850
R-BY106791	350
R-Y18499	2700
R-Y420218	1650
R-Y51075	2700
R-Y413876	2700
R-Y53375	1200
R-Y489701	2900
R-Z378	2700
R-BY33041	2400
R-BY33052	1350
R-FT41651	1350
R-BY33045	500
R-Z375	2100
R-A15147	1250
R-A15146	1050
R-Y27977	1850
R-Y491202	1850
R-FT61322	1850
R-M1690	1800
R-Y26648	1500
R-Y127719	1150
R-Y67939	350
R-Z8191	2100
R-Y305506	500
R-PH1049	800
R-S27264	800
R-FGC45254	2000
R-A11482	1250
R-A11481	1250
R-S6358	1050
R-FGC14798	1050
R-S5443	1050
R-S5750	1050
R-Y38140	3400
R-FTA35070	2800
R-Y433834	550
R-FGC13391	3400
R-Y252844	400
R-S4037	2500
R-CTS8878	2500
R-Y29971	950
R-FT272260	950
R-Y104162	50
R-ZP91	3200
R-Y482898	3200
R-FT20270	1200
R-Y98441	2700
R-FT136292	2000
R-FTD16314	1750
R-ZP159	2500
R-Y368049	1100
R-FTE31157	1100
R-ZP161	1800
R-FT103645	1650
R-Y128395	1900
R-BY56861	650
R-BY41788	3200
R-ZP139	3000
R-FT209682	3000
R-Y363654	50
R-Y290508	3000
R-BY153969	2200
R-BY100838	1350
R-ZP137	2400
R-Y19513	2100
R-Y55204	1300
R-Y23235	50
R-BY84754	2100
R-Y217323	1950
R-Y248272	1100
R-Y88813	1950
R-Y431079	1950
R-BY121244	2000
R-FT148019	2000
R-FT47755	1950
R-FTA84812	1800
R-BY126803	1700
R-S3207	3400
R-S5673	2100
R-Y15100	2100
R-Y20211	325
R-Y276089	1250
R-A683	1250
R-Y164595	1250
R-BY104107	850
R-Y15474	900
R-Y42934	900
R-FGC36325	2100
R-BY27327	1250
R-Y81516	300
R-Y325503	650
R-FTC19429	125
R-Y325511	425
R-CTS5533	3400
R-S6982	2600
R-FT25359	2000
R-FTA3804	2000
R-BY19581	2400
R-FT11376	2100
R-FT204978	550
R-ZP283	1000
R-Y43130	1000
R-BY174139	350
R-Y41169	900
R-CTS2158	2400
R-Y20021	2100
R-BY27836	200
R-FT26198	2100
R-S3201	1750
R-BY41849	1500
R-Y179107	1200
R-Y62246	1150
R-FTA23743	800
R-BY139024	650
R-Y237922	50
R-A14189	2100
R-Y37694	2100
R-BY21447	500
R-BY27323	150
R-BY17442	1750
R-BY21405	800
R-BY41941	450
R-Y84886	350
R-BY16535	1400
R-FTA56765	275
R-Y7255	1400
R-Y145959	1250
R-Y85987	375
R-BY17437	800
R-BY38520	200
R-ZP266	1700
R-BY41583	1700
R-Y134435	900
R-Y134423	900
R-BY16537	1700
R-BY16538	1550
R-BY17430	1150
R-BY17431	1150
R-Y36875	1650
R-BY25585	1100
R-Y36461	300
R-Y102033	150
R-Y112558	125
R-Y134219	150
R-Y477958	4600
R-A12137	4100
R-BY74364	1250
R-BY11506	3100
R-BY50725	2900
R-BY50728	1800
R-FT368669	1850
R-FT368590	350
R-FGC69075	2600
R-FGC69069	1350
R-Y142527	1350
R-Y183579	800
R-FT3893	800
R-FT65031	200
R-FGC3861	4100
R-FGC71184	2900
R-FGC71179	2900
R-BY45042	2600
R-BY45043	2600
R-BY198412	150
R-FGC14875	1500
R-FGC21340	1150
R-A563	850
R-FGC83372	850
R-FGC43720	50
R-FT30022	1150
R-FGC91491	1150
R-Y275380	650
R-Z8053	4100
R-Y332998	2700
R-BY66889	1350
R-Y2404	3400
R-FGC17465	2200
R-Y340824	1800
R-BY127454	1350
R-FGC17464	2200
R-FGC17467	900
R-S1859	3000
R-Y265350	650
R-Y265307	500
R-Y11836	2700
R-FT112771	2700
R-Y452313	2700
R-FGC3883	2100
R-Y11837	50
R-S263	4600
R-Y177023	4600
R-BY20776	2500
R-BY20774	1050
R-S264	4500
R-BY20377	3300
R-FT41641	3300
R-BY33328	3200
R-BY33335	1150
R-FT40620	800
R-BY30261	2300
R-Y152120	1600
R-BY36026	1350
R-BY133714	1100
R-Y222029	3800
R-Y29890	2000
R-Y29891	700
R-Y3965	3800
R-A30787	2800
R-S3995	3800
R-BY20122	3800
R-BY20548	1200
R-Y307536	50
R-A10646	3800
R-Y263814	3800
R-Y251415	2200
R-Y333802	500
R-Y333483	500
R-Y22217	750
R-Y18100	4000
R-Y20981	3100
R-Y526150	3100
R-FTA16837	2800
R-FTA16856	950
R-Z4942	3100
R-Y302437	2000
R-FGC60499	2600
R-FGC60496	2300
R-FGC39806	2900
R-Y63851	1500
R-A7172	2700
R-FGC39818	2000
R-A16289	3900
R-A16278	3900
R-FGC66753	3900
R-BY36054	2100
R-Y245114	1850
R-FT143758	1500
R-FT143940	1500
R-FGC66737	3800
R-FTC4246	650
R-Y319166	3800
R-FT195081	3800
R-Y33793	1500
R-Y189353	1350
R-BY17932	3400
R-BY17919	2800
R-Y158651	1500
R-BY17916	150
R-S5520	4200
R-FGC30838	4200
R-Y19738	3800
R-FTA20645	3000
R-Y288154	2500
R-S18767	1750
R-Y286856	1100
R-S5556	3800
R-S5560	3800
R-A7250	3800
R-Y291455	0
R-BY33305	3800
R-S5512	3800
R-BY20574	3300
R-Y349074	1400
R-Y175172	100
R-Y19778	3200
R-Y19736	1800
R-A9845	1450
R-Y32805	225
R-Y112568	2100
R-BY33291	1550
R-Y130755	1550
R-Y254650	800
R-Y93579	700
R-FGC11662	3200
R-BY16554	3200
R-Y268432	2700
R-BY16559	2700
R-BY16556	2700
R-FGC11543	0
R-FTA63236	2000
R-FGC11671	2600
R-FGC11672	1450
R-FGC11665	1150
R-FGC11696	750
R-FT119142	500
R-FTB11847	700
R-FGC75661	750
R-FTA50649	50
R-FGC75656	750
R-BY8585	500
R-A5396	600
R-BY20144	600
R-A5406	100
R-FGC11686	475
R-FGC11685	350
R-FGC11677	50
R-FGC14326	700
R-FT347598	700
R-FT345802	200
R-F190	700
R-A5397	125
R-FT161967	475
R-BY189214	125
R-S497	4500
R-Z304	4000
R-Y24832	3800
R-Y24836	3100
R-Y65747	2500
R-Y64481	2400
R-Y71210	2400
R-BY78876	1200
R-FT117777	1100
R-BY60613	550
R-FT62440	125
R-Y28640	2900
R-BY20135	2800
R-FT77663	2100
R-Y62066	2100
R-BY25569	1900
R-BY19410	2000
R-FT15453	2000
R-BY19407	900
R-Y81485	600
R-A10971	3100
R-BY18855	2800
R-BY3239	2600
R-BY18857	2300
R-Y96399	1500
R-Y633680	1500
R-BY18859	2600
R-Y185320	500
R-Y283917	2400
R-BY18860	1900
R-Y209750	850
R-FT29925	125
R-Y498434	3900
R-DF98	3900
R-Y296826	50
R-FGC51023	3400
R-FGC51005	3400
R-FGC48881	3400
R-BY68791	950
R-Y152023	1900
R-Y502149	3700
R-S10346	2800
R-MF621647	2700
R-Y264610	950
R-FGC13343	3700
R-FGC13352	3700
R-FGC13346	850
R-BY18956	1900
R-BY18966	1300
R-S18823	3600
R-FGC20588	3400
R-BY16426	2700
R-Y290377	200
R-FGC20600	2900
R-Y92730	1250
R-BY35138	300
R-FGC20580	2900
R-FT99059	2500
R-BY131564	2100
R-BY66984	650
R-Y332460	2500
R-BY35140	2600
R-FGC20583	150
R-S22069	3600
R-S18821	3500
R-Y360640	3500
R-Y17734	3000
R-Y438307	350
R-Y17440	2300
R-Y17442	1150
R-FT83857	1150
R-Y567118	350
R-A6535	650
R-A10592	350
R-A10616	450
R-Y450977	450
R-A10619	300
R-S22116	2800
R-S18043	2600
R-FTA2774	2500
R-Y356064	2400
R-S23139	2600
R-FT22607	2100
R-BY57145	950
R-FT450075	2600
R-FT162229	2600
R-FT391651	1100
R-FT2350	3300
R-A14198	3000
R-Y423995	3000
R-FGC15238	3200
R-FT234101	3200
R-BY41863	3200
R-FGC35898	1950
R-BY17538	1250
R-S1911	3700
R-FGC13445	3500
R-Y105823	3500
R-FGC13454	1200
R-Y64293	2800
R-FT19066	2800
R-FT14927	1950
R-FT79338	1100
R-S19923	2800
R-BY195104	1950
R-FT67116	200
R-S17136	2800
R-FGC51261	2800
R-FGC51264	2500
R-S9984	1900
R-S10044	300
R-CTS10465	3700
R-BY650	3700
R-FT127720	2700
R-A7195	650
R-FT88147	350
R-FTA22416	3700
R-Y375257	50
R-FTD22570	50
R-S4004	3200
R-BY152305	1700
R-FGC14823	2900
R-FGC14814	2700
R-FT46604	1650
R-Y32803	2600
R-Y365370	500
R-BY87755	2500
R-FTA9485	200
R-FTA10338	50
R-DF96	3800
R-BY35145	3200
R-Y346705	2200
R-FGC23197	3500
R-FGC23202	2400
R-FGC23205	2200
R-FGC23203	350
R-S1782	3200
R-S11515	3000
R-FGC8410	2800
R-BY20273	2800
R-FT123030	2800
R-FT196400	2600
R-Y186968	1700
R-FGC8395	2100
R-Y290859	2100
R-FGC13167	1100
R-FGC8372	2100
R-BY37458	1900
R-FGC8369	1600
R-FGC8373	950
R-BY35163	1600
R-FGC74470	1700
R-FT84801	1500
R-Y150020	1450
R-Y450998	1450
R-FGC62072	1700
R-BY128969	1050
R-FT5054	200
R-BY12505	1600
R-BY1744	350
R-BY178598	1100
R-BY41561	475
R-L1	3000
R-BY40260	1250
R-S1819	2700
R-A11475	2400
R-FGC52391	2400
R-A12240	1750
R-A11479	1550
R-FT73913	1550
R-S1812	2500
R-A7108	2300
R-BY36074	2200
R-FGC79874	2500
R-A226	1950
R-FGC20708	700
R-A9875	225
R-Y272920	650
R-FGC30575	2200
R-Z4	2400
R-FGC21155	2000
R-Y66429	2000
R-A411	2300
R-FT273850	1250
R-FT369990	950
R-A412	1450
R-A11474	1200
R-Y168721	1450
R-FGC51610	1000
R-Y128247	300
R-FGC13326	3800
R-Y128031	850
R-Y129823	650
R-FGC50047	3700
R-FGC50035	3200
R-FT253538	2200
R-FGC46041	3400
R-FGC34165	2600
R-FGC34175	2600
R-Y313606	2200
R-Y61666	750
R-FGC79603	3100
R-BY40716	2100
R-BY40817	1950
R-A7208	2900
R-Y200129	2600
R-BY20283	475
R-Y96934	400
R-Y94610	325
R-FT127733	250
R-Y160885	125
R-Y126433	275
R-Y197296	200
R-FT69567	275
R-Y184344	50
R-S22047	3800
R-FGC46344	3200
R-FGC14152	2300
R-FGC68946	2000
R-FGC13611	2900
R-FGC13603	2800
R-FTJ48727	2800
R-A1231	2300
R-FT283939	2300
R-Y472568	2300
R-FGC13612	1550
R-Y236794	125
R-FGC13608	1550
R-FGC15218	1550
R-BY41628	450
R-BY35150	700
R-BY35149	475
R-BY79205	125
R-FT37131	650
R-BY162379	500
R-BY163049	50
R-Y108036	500
R-FT131189	125
R-Y83059	100
R-FGC28730	3300
R-Y13174	3100
R-Y57143	3100
R-Y13169	1150
R-Y13833	550
R-Y13832	550
R-S25234	3300
R-S16265	3300
R-FGC39522	2400
R-Y83536	2200
R-FGC12364	3100
R-A8615	2500
R-A8614	1500
R-A8617	3100
R-A8618	3000
R-S10582	1500
R-Y378359	1200
R-S16857	1050
R-S18307	650
R-Y83782	200
R-FGC13324	2600
R-A14205	2200
R-Y99068	1400
R-Y177925	2200
R-FGC13316	2000
R-A8551	1600
R-A8553	1500
R-A10673	50
R-Y255139	1150
R-Y580251	1100
R-Z27559	2000
R-BY110301	1150
R-Y161993	1000
R-P89.2	275
R-FGC13322	275
R-FGC13318	200
R-S499	4600
R-FGC13959	4600
R-S9891	3600
R-S18148	2400
R-FGC13951	2100
R-FGC13944	1400
R-BY18110	2800
R-A7219	1850
R-FT141347	1250
R-BY133391	1700
R-FT333761	1500
R-FT369725	1700
R-Y427135	1400
R-BY55385	400
R-FGC20699	4100
R-A14215	1550
R-A14208	600
R-BY41350	500
R-FGC61521	375
R-FGC23826	2100
R-FTB39580	200
R-Y96503	1150
R-Y18876	1450
R-BY70323	1000
R-Y18884	1100
R-Y18887	1050
R-Y19116	700
R-Y46344	1050
R-Y56540	350
R-FGC8512	4300
R-BY3251	3700
R-BY73672	2100
R-BY19000	2300
R-BY19004	1500
R-L259	4300
R-Z358	3800
R-Z360	3400
R-BY19015	2800
R-FT36045	1650
R-Y337541	1650
R-Z153	3400
R-FGC49663	2600
R-FGC49654	900
R-BY127343	2600
R-Y167394	2000
R-FT14140	1150
R-Y126152	3000
R-Z154	2200
R-Z356	2100
R-BY19022	2100
R-PF6587	600
R-FT12510	275
R-FT13569	50
R-Z152	950
R-Y31452	1600
R-BY64941	450
R-BY129368	50
R-Y31448	550
R-Y144516	425
R-Y504944	500
R-FT74550	350
R-Y111952	225
R-Y108556	175
R-S1684	3400
R-FGC51543	1450
R-FGC51538	650
R-FGC19573	2000
R-FGC19587	2000
R-FGC19586	1400
R-FT52495	1850
R-Y370409	350
R-BY182498	1500
R-Y437035	1500
R-Y87229	750
R-Y88858	2300
R-Y9825	1400
R-Y225576	650
R-BY72144	350
R-Y128065	150
R-U198	3400
R-BY94320	1050
R-Y37240	300
R-Z37884	1700
R-Y351659	275
R-Y50202	800
R-S16994	2900
R-Y22419	2300
R-Y22415	2200
R-BY166647	1850
R-Y22180	1850
R-JFS0032	1500
R-FGC30516	3400
R-JFS0009	2900
R-FGC43819	2700
R-FT162720	50
R-JFS0008	2200
R-Y180498	350
R-BY54956	1450
R-DF94	3100
R-FT1454	2200
R-BY40243	350
R-Y91654	1350
R-S9787	3100
R-Y285272	2100
R-Y328284	1800
R-Y23815	125
R-S4078	3100
R-JFS0123	2800
R-Y131041	2100
R-MF757297	2100
R-S4060	2600
R-BY1351	2100
R-BY2951	425
R-Y29898	300
R-S4076	1600
R-FT6532	1600
R-Y505630	1500
R-FT105479	475
R-Y281003	650
R-FGC37140	1300
R-Y240788	650
R-FT100499	1200
R-Y104424	1100
R-BY60744	1150
R-S15627	3400
R-JFS0087	3100
R-JFS0090	3000
R-Y372257	950
R-FTA13307	800
R-BY45138	2700
R-Y14067	2800
R-JFS0117	1550
R-Y14064	1750
R-Y14063	100
R-Y62822	2100
R-Y61294	950
R-Y60147	950
R-DF89	2800
R-FGC12770	2800
R-Y88963	700
R-JFS0169	2800
R-FT103492	2800
R-FTA31197	2800
R-JFS0168	1200
R-Y5976	2300
R-FGC12307	1900
R-FGC58724	1500
R-FT257124	1350
R-Y150877	475
R-FGC48449	1550
R-JFS0026	1550
R-FGC48448	1550
R-FGC48445	1550
R-JFS2002	425
R-JFS0016	50
R-BY28765	1400
R-FTC91102	950
R-Y578303	1400
R-FT133071	1250
R-FGC76387	50
R-YP1207	1400
R-JFS0286	1400
R-BY66039	1400
R-FT160441	125
R-FT80728	850
R-Y28669	550
R-FT80295	275
R-Y125992	125
R-Y28807	200
R-L48	4600
R-A10552	2900
R-S21809	2000
R-FT84082	1450
R-BY145944	900
R-BY17955	2000
R-BY17953	2000
R-FT367835	2000
R-Y286745	50
R-A6703	3900
R-FGC52185	3600
R-FT4744	2700
R-BY169960	1650
R-Y19279	3800
R-Y19118	950
R-Y49759	475
R-CTS3104	4100
R-BY18067	2700
R-BY18076	2400
R-Y37725	1700
R-Y87025	1200
R-S5940	3800
R-BY18061	2100
R-BY18065	1950
R-Y311637	650
R-BY18087	3100
R-Y85376	650
R-BY77460	650
R-FT54702	125
R-FT171760	2800
R-BY16324	475
R-Y538328	300
R-S5918	2600
R-FGC17276	2600
R-BY41812	1200
R-FGC17275	2600
R-FGC17279	800
R-S18256	1850
R-Y467670	1650
R-Y47563	1800
R-Y59719	1550
R-Y46752	50
R-Y37962	3800
R-BY1719	1700
R-BY1282	950
R-BY41635	1600
R-BY41610	1200
R-BY12508	2700
R-FT28566	2700
R-Y168759	500
R-BY12507	2400
R-Y39082	375
R-BY227213	2200
R-Y10968	3800
R-FTA54130	3400
R-S10271	2200
R-Y368329	1650
R-S24982	1500
R-Y368437	650
R-L200	3400
R-A11431	3000
R-BY41873	2200
R-BY41626	900
R-ACT920	3000
R-BY15306	1850
R-BY15308	950
R-FT23938	650
R-FT8553	1200
R-Y510460	650
R-Y632237	100
R-Y514535	50
R-Y31330	2300
R-Y32232	1550
R-Y31332	700
R-Y68561	700
R-Y593195	200
R-BY17152	275
R-BY97166	50
R-Y10969	2900
R-A762	2500
R-A764	550
R-A5353	300
R-A1234	275
R-A5345	200
R-FT164569	2500
R-Y17450	2500
R-A5317	750
R-A5322	375
R-A5326	350
R-Y86041	500
R-Y131395	50
R-A6706	3800
R-S19342	3100
R-BY133523	3100
R-Y23102	2500
R-BY70212	2500
R-Y432720	2500
R-BY39517	2400
R-Y22517	2100
R-BY39518	2100
R-BY202623	2100
R-Y81427	1100
R-Y36974	1550
R-MF223654	1400
R-Y84710	800
R-Y82995	50
R-BY12202	1900
R-Y245758	1150
R-Y346505	1100
R-FGC60982	3500
R-Y165307	1550
R-FT58809	800
R-Y30775	3500
R-Y29866	2200
R-FGC60975	2200
R-Y30779	950
R-Y59617	700
R-FGC60976	750
R-FGC60974	750
R-BY54755	275
R-FT127451	500
R-BY109860	650
R-FT157516	350
R-FGC60992	425
R-FGC60996	425
R-FGC60970	425
R-BY105178	250
R-FGC60995	425
R-FGC60981	425
R-FT107246	350
R-Y143399	275
R-L47	3900
R-L44	3600
R-Y153610	750
R-Y2731	3500
R-BY13042	2600
R-BY92422	1500
R-L163	3500
R-FGC56349	2200
R-BY225974	2100
R-FT238274	650
R-BY229846	650
R-FGC56360	1850
R-FGC56359	700
R-BY148311	400
R-FGC56358	550
R-FGC56375	550
R-BY193829	550
R-FGC6202	3500
R-A6707	2000
R-Y44994	1100
R-FGC6212	3000
R-FGC6210	2900
R-FGC6221	1900
R-Y17243	1550
R-BY20401	950
R-FT100599	950
R-FT114987	900
R-FGC6211	1550
R-FGC6200	750
R-SK540	475
R-A26014	50
R-Y190746	150
R-Y23482	1750
R-FT397354	1200
R-Y90955	850
R-BY18854	1750
R-Y23215	650
R-BY35821	400
R-Y62897	275
R-L46	3200
R-FT61677	2500
R-BY35828	2300
R-Y349231	1950
R-Y191876	1950
R-FT65456	1950
R-BY35822	1650
R-BY35823	1650
R-FT334316	1100
R-L45	2300
R-FT209949	1550
R-FT229376	1550
R-Y136085	2100
R-BY193574	1100
R-Y136062	2100
R-Y136072	50
R-PH4931	2000
R-BY41882	1300
R-S1923	700
R-Y226530	650
R-CTS1863	2000
R-BY16526	950
R-BY62948	900
R-L477	1950
R-BY16534	1750
R-FT283927	1550
R-A14298	1750
R-BY62942	1650
R-BY112948	650
R-FT19324	50
R-FGC10248	1950
R-FGC30627	1950
R-FGC30621	375
R-Y145579	225
R-BY220619	1950
R-Y129587	1900
R-Y128408	1150
R-FGC10249	1700
R-FGC10247	1650
R-FGC54229	1700
R-Z160	3800
R-Y522544	350
R-Z159	3700
R-BY57225	3700
R-Y312351	0
R-Y46067	475
R-Y209415	175
R-S8368	3000
R-S18883	1900
R-Y252685	700
R-FGC15450	1700
R-FTA24810	400
R-Y32817	1300
R-Y94761	850
R-Y97669	175
R-Z4714	3000
R-Y137011	2400
R-Y137013	2400
R-Y137018	2400
R-BY35817	2400
R-Y265181	2400
R-FT83369	200
R-FTA78616	2400
R-Y503851	3000
R-CTS6353	2300
R-FT78251	2200
R-Y63269	2200
R-Y62084	1850
R-FT264333	2300
R-FT264475	2300
R-FTA85935	1500
R-FGC36050	350
R-Y545284	200
R-Z33619	1750
R-BY163521	500
R-FGC68556	1400
R-FGC68537	400
R-Y32883	2300
R-Y32890	1550
R-FT106563	425
R-Y32882	1350
R-Y142726	900
R-Y32885	750
R-Y32889	750
R-Y37278	150
R-FGC15335	2400
R-BY9034	1950
R-FT59213	500
R-BY137994	1800
R-FGC15332	2400
R-FT73894	1700
R-BY122843	1700
R-A9870	1700
R-Y113382	1350
R-BY16748	650
R-FGC46325	1700
R-FGC46335	1550
R-Y303326	1100
R-A1142	2400
R-FGC30244	2400
R-FGC69331	1750
R-Y353658	200
R-FGC15333	1750
R-FGC43451	1450
R-Y219744	1050
R-FGC43445	500
R-S6924	3700
R-S3249	3000
R-S6915	2400
R-PH2129	1000
R-Y603326	1000
R-S6926	1700
R-Y24068	1450
R-Y23828	375
R-Y32341	225
R-FGC33324	1950
R-BY3313	500
R-FT6746	1350
R-Y367929	350
R-Y6452	2500
R-Y19760	1100
R-Y61836	800
R-Y61844	300
R-Y63220	2400
R-BY161348	2200
R-FGC51455	1250
R-Y6462	2400
R-Y46662	2000
R-BY87656	2100
R-Y6451	1850
R-Y237604	1750
R-A6093	1200
R-BY60604	1100
R-Y459213	350
R-FGC17310	650
R-FT178522	1700
R-Y286711	950
R-Y6453	1250
R-Y185767	200
R-Y43791	1250
R-FTF29868	900
R-Y42837	1250
R-Y247069	950
R-FTG35594	350
R-FT169992	1000
R-Y42261	900
R-Y2924	3000
R-FTB31626	3000
R-BY67181	2500
R-BY117350	2100
R-Y336127	2100
R-S20039	1650
R-S9742	900
R-Y13229	3000
R-FT5627	125
R-A688	2300
R-CTS13009	1750
R-FT92364	1700
R-BY93140	1200
R-Y22129	900
R-Y22512	375
R-A6715	2200
R-BY3311	2100
R-BY16601	1550
R-FGC43057	2100
R-Y79138	450
R-FGC46245	2100
R-Y608808	200
R-BY109788	400
R-BY135865	250
R-BY121933	150
R-Y3264	3000
R-Y3465	2600
R-BY16584	2100
R-FGC52090	2100
R-FGC52085	1650
R-Y3265	1950
R-Y3462	1850
R-Y101927	750
R-BY157409	450
R-Y3464	1700
R-Y5051	1700
R-Y5053	1450
R-FT51822	750
R-A534	275
R-FGC8564	1450
R-FGC8591	1350
R-FGC8566	850
R-FGC8571	550
R-FGC8597	450
R-Y104753	650
R-A689	850
R-Y99541	600
R-Y98469	500
R-FGC41958	600
R-FT42365	475
R-FT93558	600
R-BY77536	500
R-Y502852	600
R-Y32786	125
R-Y67461	50
R-FT109522	50
R-FGC61403	600
R-FGC61409	600
R-FT163102	275
R-BY54161	500
R-Y153421	350
R-Z9	4600
R-FT38266	4600
R-S22294	2300
R-BY19915	1600
R-BY19930	1200
R-Z331	4100
R-Y19416	4000
R-BY41658	2300
R-Y44574	2200
R-Y39236	1700
R-FGC12346	4000
R-FGC12320	1500
R-Y495520	1350
R-FGC49706	3400
R-A6911	3400
R-A10233	2800
R-BY14665	2600
R-BY14671	2400
R-BY14679	1550
R-BY14663	1400
R-A10236	2700
R-FGC52158	2700
R-FGC52137	2100
R-FGC52155	1500
R-FGC52156	1500
R-Z330	3400
R-Z326	3400
R-BY3325	2400
R-FT354521	2400
R-CTS12135	3400
R-S7780	3000
R-BY105897	3400
R-BY169515	1050
R-BY4305	2400
R-FGC21329	3400
R-FGC21320	3400
R-BY176959	3400
R-Y215938	1950
R-FT414159	1800
R-FT147099	3000
R-A5011	2000
R-PH2647	1150
R-PH4276	950
R-A5002	1800
R-A5002a	1800
R-Y305281	1800
R-Y305305	1800
R-Y61063	1050
R-FT77046	2000
R-FT115956	350
R-BY20709	2000
R-Y249339	3400
R-FGC43633	3400
R-FTD72516	2200
R-FGC43643	3000
R-FT13613	1650
R-FGC43646	3000
R-BY175130	1550
R-Y156398	300
R-FGC43640	1650
R-Y140583	550
R-FGC72845	3400
R-A5587	1500
R-FTA78401	850
R-Y463551	600
R-S3565	2700
R-Y276990	1800
R-A5873	2700
R-A5869	2300
R-Y308322	1200
R-Y308404	50
R-CTS7411	2300
R-BY125166	2300
R-BY76943	2000
R-Y353789	2000
R-Y36373	1400
R-Y105242	1300
R-Y95862	1150
R-Y110866	600
R-FGC34935	3200
R-Y548241	3200
R-FGC34926	3100
R-Y349706	1950
R-Y133617	2300
R-FGC65971	1800
R-TY22801	1000
R-Y417430	550
R-Y419680	200
R-FGC34929	1900
R-BY61284	750
R-BY111784	250
R-Y20264	1900
R-Y580546	1000
R-S27466	1900
R-FGC532	3200
R-Y263719	3100
R-BY36021	3000
R-C116002	2800
R-BY36020	1500
R-Z325	2800
R-S1734	2800
R-Y208569	50
R-Y301158	2700
R-BY20696	1500
R-Y9133	2000
R-Y9121	1350
R-BY41723	2800
R-Y315411	1350
R-Y315342	1350
R-S22676	2400
R-BY148405	1500
R-Y154294	2400
R-Y154261	1500
R-Y228215	1150
R-FT7559	2800
R-Y302821	2200
R-Y302225	2200
R-FT7160	2600
R-S10817	2600
R-FGC19972	850
R-FGC19973	225
R-S1748	2100
R-S1732	2000
R-S1736	400
R-Y145078	2000
R-Y145065	1800
R-Y9083	2800
R-Z81	2800
R-Z80	2800
R-Z82	2800
R-FGC23165	2200
R-FT116833	1500
R-BY3730	1900
R-PH2310	1500
R-PH1822	500
R-Y132003	1450
R-A17384	200
R-Y483721	50
R-Z5054	2400
R-FT78151	2200
R-A2262	800
R-A17377	1800
R-Y183542	350
R-FGC538	1650
R-FGC554	1200
R-L188	325
R-FGC41021	325
R-Y6669	2800
R-FT73970	1950
R-Y316994	1250
R-FT445210	1050
R-Y316930	275
R-S21728	2800
R-BY5715	2300
R-BY5720	2200
R-S10649	2200
R-FT170866	2100
R-Y246643	1600
R-FT28989	1000
R-Y350570	2800
R-BY25544	1750
R-Y350130	650
R-A656	2500
R-Y260481	50
R-FT38599	2400
R-Y67920	2400
R-BY153784	2000
R-Y189068	1950
R-Y418540	1200
R-FT215731	1100
R-BY20443	1950
R-FT73508	1600
R-FT68139	950
R-BY20675	1600
R-Y76476	1200
R-FGC18850	2600
R-FGC18847	1750
R-BY3326	500
R-A14350	225
R-FGC18846	1700
R-FGC18857	1700
R-FGC18854	1700
R-FGC18849	650
R-Y21406	2100
R-Y358408	1100
R-Y21408	1900
R-Y20959	600
R-BY164465	1550
R-Y139328	900
R-Y139319	350
R-Y98727	2500
R-S15972	2100
R-S22494	50
R-Y101199	1100
R-BY36004	2500
R-BY36010	800
R-BY36014	650
R-C137676	50
R-FT265838	2500
R-FT265988	1550
R-Y547847	950
R-FT267000	475
R-FT386025	50
R-Z30	3900
R-FGC61383	2900
R-Z13700	2200
R-FGC61384	50
R-Z349	3900
R-BY18746	2800
R-Y61665	1550
R-Z345	3900
R-FT9791	2800
R-Y33210	2200
R-FGC51511	2200
R-FGC51512	1850
R-FGC51529	1850
R-FGC51505	1200
R-FGC51524	1200
R-FGC51508	375
R-Z2	3900
R-FTB74840	3200
R-Y350848	2300
R-Y221705	3200
R-S16218	2800
R-FT456891	2700
R-Y151501	400
R-Y146154	1250
R-Y146156	250
R-BY18931	1500
R-FT438773	1500
R-FTA80620	50
R-S22165	3100
R-S25502	1850
R-FGC67722	850
R-Y23825	200
R-Y17999	3100
R-FGC84304	500
R-BY16547	3100
R-FGC70051	3000
R-FGC70035	3000
R-BY40178	700
R-FGC31495	3900
R-Y7374	3400
R-FGC23408	3400
R-Y7378	3200
R-Y191469	3000
R-Y86946	1250
R-Y7404	3000
R-Y191365	1600
R-FGC48614	3000
R-PAGES00105	1950
R-Y272513	1950
R-Y359827	50
R-FGC68428	1400
R-Y7369	3000
R-Y7414	2900
R-BY145955	1800
R-FTA87961	1650
R-S20654	2900
R-Y7377	2900
R-Y7406	2100
R-Y7370	150
R-S25738	2200
R-FGC48624	1900
R-FGC48630	200
R-BY50716	1300
R-BY72309	1250
R-BY113940	950
R-BY65234	200
R-FGC31500	3900
R-FGC19760	2100
R-F2655	50
R-S20054	1050
R-FT128301	1000
R-Y62299	50
R-A1140	600
R-YP4158	200
R-S9342	3600
R-PF5143	3600
R-BY115473	750
R-FT82565	3600
R-PH3240	3000
R-Y182993	200
R-Y20215	3000
R-PH765	2400
R-Y22364	2400
R-Y30654	2400
R-Y29940	200
R-Y29941	100
R-FGC51269	1750
R-PH1842	850
R-Y263069	50
R-BY131622	1750
R-Y506443	3500
R-Y434041	250
R-Y434502	125
R-FTE78548	50
R-FGC15465	3500
R-S10127	2800
R-FT242821	1350
R-S15823	2200
R-FTB53086	2200
R-FT138784	2200
R-Y31378	2400
R-Y31374	1400
R-A14358	200
R-S10957	3100
R-FT37849	3100
R-Y20548	2300
R-FGC41774	275
R-Y300676	1850
R-BY101959	1850
R-FT72806	2300
R-FT199961	1650
R-Y283551	2100
R-Y22156	1700
R-Y22154	275
R-Y68445	50
R-Z7	3700
R-BY159821	2200
R-BY158727	1600
R-Y78575	2700
R-Y269614	2700
R-Y99768	2600
R-Y93686	1850
R-Y342361	1850
R-PAGE20	150
R-FGC902	3700
R-FT60109	3700
R-Y318330	3500
R-FTA55206	3500
R-S5945	3700
R-FGC17344	2000
R-FGC17347	1850
R-FGC17350	1550
R-Y28576	2000
R-YFS2081413	1300
R-FGC51332	300
R-Y3159	3700
R-BY3323	500
R-Y605016	3700
R-Y189525	1100
R-Y189610	50
R-Y264455	1200
R-Y464594	650
R-BY35879	2700
R-BY125235	1950
R-Y187945	1550
R-A8151	2000
R-A9455	1750
R-A9452	1350
R-Y23391	125
R-A9451	900
R-A10298	600
R-A10297	275
R-CTS5108	200
R-CTS4099	3700
R-A294	3700
R-Y11303	2600
R-Y301968	2400
R-Y100655	50
R-Y10790	2600
R-Y104590	2600
R-Y111707	2000
R-Y11310	1650
R-Y10793	600
R-Y251891	3700
R-BY64550	3700
R-BY135795	1350
R-FT124389	3700
R-A295	2500
R-FGC69554	2500
R-FGC35562	2200
R-FT212173	1200
R-Y22119	1400
R-Y68370	1300
R-Y538024	3200
R-CTS11019	1650
R-CTS6365	1350
R-PH3083	1500
R-Y86034	1350
R-Y82672	1050
R-FGC17429	1800
R-Y60521	950
R-FGC17427	800
R-BY102466	500
R-FTB90596	125
R-FTB90410	125
R-FGC906	3200
R-FGC54652	2400
R-Y130596	600
R-FGC54630	2100
R-FGC54632	375
R-FGC919	2200
R-BY17979	650
R-FGC934	1950
R-FT133645	1950
R-Y356737	600
R-A6895	200
R-FGC926	1450
R-BY150186	1450
R-FGC921	1350
R-Y431053	50
R-FGC905	200
R-FGC932	50
R-Z8	2900
R-S10024	2900
R-FT171231	2800
R-BY70305	2200
R-FT171115	1800
R-S11610	2500
R-S20422	1800
R-Z8174	2900
R-FGC5264	2200
R-BY20805	1800
R-BY20804	1750
R-BY35940	800
R-BY202927	650
R-BY41820	1750
R-BY69961	550
R-Z338	2500
R-BY41790	1950
R-FGC17519	2200
R-Y568216	2200
R-FT115845	1800
R-Y341326	250
R-Y337395	125
R-FGC1954	2500
R-FGC1981	2200
R-FGC45151	2100
R-S12035	1950
R-FGC35289	1800
R-S9565	1800
R-FGC35303	1800
R-FGC47382	425
R-Y133673	50
R-Z339	2500
R-Z11	2400
R-FGC54698	1500
R-Z341	2300
R-S15358	2300
R-BY102245	2300
R-Y180605	125
R-S1774	1700
R-S16701	1250
R-Y19921	1000
R-Y19922	450
R-Y29888	300
R-Y22158	350
R-Y20600	325
R-BY13132	1650
R-Y589977	50
R-Y131075	900
R-BY53614	150
R-BY174977	150
R-FGC70940	1650
R-FGC11053	1650
R-FT4837	800
R-PF889	1250
R-A21269	900
R-Y30304	450
R-Y106492	200
R-Z12	2200
R-A5616	1600
R-MF655518	1600
R-A10942	1350
R-A10937	300
R-FT31978	1600
R-Y140980	700
R-BY14512	850
R-Z8175	2200
R-BY94661	2100
R-CTS10742	1300
R-Y215936	50
R-A574	1150
R-BY56983	275
R-Y3001	2200
R-FTB35540	50
R-FGC29366	2200
R-Y282520	50
R-BY88285	1900
R-FT60593	1900
R-BY111430	1750
R-S18890	2100
R-FT76998	425
R-FT19225	200
R-Y20380	125
R-FGC12058	2100
R-FGC12059	2100
R-Y29889	1650
R-Y88778	300
R-A687	1600
R-A20848	325
R-Y134174	175
R-Y160113	150
R-BY192389	150
R-Z1	2900
R-Z344	2700
R-A298	2400
R-A5898	2000
R-A5893	1100
R-FT160661	1500
R-FT160922	1050
R-FTB37482	225
R-Y12853	900
R-Y12854	400
R-BY21627	225
R-FGC29424	400
R-FGC17233	400
R-FGC29410	125
R-Z6	2700
R-S18951	2300
R-FGC17230	1900
R-Y277530	150
R-BY178338	1100
R-Y581921	50
R-CTS1944	800
R-A6904	1900
R-FTB5681	1350
R-BY13881	1900
R-BY113660	1250
R-BY77893	300
R-Y2999	2600
R-S10415	1800
R-Y130615	50
R-Y154249	1650
R-Y429161	1050
R-Z346	2900
R-DF101	2600
R-S12477	1150
R-Y139969	700
R-Y72508	1150
R-S1726	2600
R-FT104312	2600
R-FT182504	1200
R-FTB9681	2100
R-DF102	2100
R-Y311135	50
R-A6906	1700
R-Y20374	1050
R-Y20367	125
R-S5245	1900
R-FGC12993	1900
R-Y290788	500
R-FGC12998	1250
R-FGC12983	700
R-Y8604	1900
R-FGC51225	1150
R-FGC51229	125
R-Y99121	1900
R-Y32857	1900
R-BY13963	1250
R-Y32953	400
R-S5627	1200
R-Y220887	200
R-S5246	950
R-Y128491	500
R-Y128847	450
R-Y131159	50
R-FGC15254	475
R-FGC35613	225
R-FGC35614	50
R-FGC15256	425
R-Z343	2900
R-FGC36939	2900
R-BY11848	2900
R-CTS1747	1200
R-BY13790	1950
R-FGC64939	1200
R-FGC64938	1050
R-FGC64949	225
R-FGC72332	75
R-FGC11784	1450
R-FGC42243	1450
R-FGC48917	1200
R-FTB12212	1450
R-FGC11773	1400
R-Y129942	1300
R-S6881	1150
R-A22119	225
R-Y21526	950
R-A11379	950
R-FT16384	950
R-BY11974	375
R-Y638079	900
R-A11376	900
R-FGC60425	900
R-A19705	750
R-FT104900	500
R-FGC75110	750
R-A19322	450
R-FGC76295	750
R-FGC76299	650
R-FGC76293	200
R-BY77831	750
R-FT356010	50
R-BY41899	600
R-BY35976	450
R-BY16170	600
R-Y132594	150
R-Y31366	600
R-Y237914	50
R-Y36416	500
R-Y110402	300
R-Y82769	425
R-S3933	2900
R-FT153218	550
R-FT153734	500
R-FT258258	350
R-FGC17039	2400
R-FGC17040	2000
R-Y538575	600
R-Y538126	500
R-BY175599	50
R-FGC57024	1200
R-FGC57021	1200
R-FT3665	950
R-S20321	2700
R-S15950	2200
R-FTC50045	600
R-S16496	1100
R-Y92870	2200
R-BY199167	1850
R-FTB29229	1850
R-Y351676	375
R-BY74459	125
R-BY25300	1450
R-BY141862	950
R-BY120352	325
R-Y178817	50
R-Y94269	350
R-BY25309	250
R-S3331	2400
R-BY105611	1250
R-S3334	2100
R-FGC4152	1650
R-FGC4139	1650
R-FGC7934	1600
R-YFS065855	50
R-Y341515	50
R-Y10821	2000
R-Y23208	350
R-Y15632	1550
R-Y15631	475
R-Y15633	325
R-BY121	1450
R-BY120	1250
R-Y376494	350
R-Y215377	5500
R-Y189664	550
R-Z2118	5100
R-BY11296	5100
R-BY73204	5100
R-FT167451	4400
R-Y382149	800
R-Z4416	2400
R-Y37595	1200
R-Y37612	250
R-Z2116	5100
R-Y5149	4400
R-Y155755	2600
R-Y563196	3100
R-Y562897	2500
R-Y5141	2500
R-PH840	2200
R-Y37283	1200
R-Y110671	750
R-Y40983	600
R-BY121408	450
R-BY172908	600
R-FT110036	500
R-Y215758	350
R-S1161	5100
R-BY161326	3100
R-PH3735	2700
R-Y275423	3800
R-ACT5059	1350
R-BY61900	4000
R-CTS116	3800
R-Y283567	3500
R-Y5617	225
R-CTS6718	5100
R-FT61217	4400
R-FT209063	2600
R-Y439146	50
R-FGC48821	4900
R-BY38964	2800
R-FT53479	950
R-BY38958	2800
R-BY38968	2800
R-Y247104	50
R-FGC12521	4900
R-FGC24139	4900
R-BY157588	550
R-FGC24138	4900
R-FGC12522	1050
R-FGC24158	4900
R-BY12018	600
R-FGC24132	3200
R-FGC24117	2200
R-Y199681	1700
R-A5922	4900
R-BY42298	4400
R-Y281033	1350
R-FT40327	3600
R-BY48364	3500
R-PF7592	4300
R-FT121455	200
R-CTS11659	4300
R-Y112059	2300
R-Y16632	4300
R-Y16631	4300
R-Y16630	3100
R-BY12063	950
R-Y23199	1250
R-Y31848	1050
R-A626	4100
R-FGC43553	3300
R-Y348385	4000
R-Y21243	3800
R-PF7590	2400
R-Y301226	3000
R-Z2103	5900
R-FT130482	5300
R-FT130338	3300
R-M12149	5300
R-PF331	4900
R-Y202619	4900
R-FTA43647	4900
R-Y202615	2000
R-Y101296	1250
R-Y109170	800
R-BY34192	800
R-Y101401	350
R-FTB4951	125
R-Y98269	250
R-BY34203	500
R-Y140148	125
R-BY180865	50
R-FGC35095	4900
R-FGC77771	4300
R-FGC35051	200
R-BY72268	1750
R-Y86978	1350
R-FTD59567	1300
R-FTD59536	1200
R-FTD59814	800
R-BY3719	4900
R-SK2092	2000
R-Y85080	500
R-B8	3900
R-FT181095	4100
R-FT183758	4000
R-Y159756	3900
R-FTA59777	3400
R-Y4362	4800
R-Y4364	4800
R-BY41455	4800
R-BY3294	4800
R-Y58371	2900
R-Y48409	1800
R-Y47446	1800
R-FT194157	4800
R-Y424694	4800
R-Y219137	1350
R-Y219162	1100
R-Y64508	4600
R-Y66733	3900
R-Y60300	1600
R-FT209833	4600
R-FT351682	4100
R-Y184048	900
R-Y184084	750
R-Y84551	4000
R-Y99503	3500
R-Y168257	3500
R-Y347400	200
R-FT17020	3500
R-Y168245	900
R-FT69603	700
R-FT307174	3500
R-FT388189	2900
R-Y88931	2300
R-Y217667	2300
R-FTD84600	2100
R-Y97258	1950
R-BY99893	1150
R-Y4366	4300
R-Y36437	3400
R-Y301341	950
R-FTB73492	3100
R-FTB57809	2200
R-Y36434	750
R-Y36430	375
R-Y87318	375
R-BY13830	4300
R-Y83105	4300
R-Y450382	4300
R-Y90837	4300
R-Y215728	3200
R-FGC62957	4100
R-BY41401	4000
R-Y361427	4000
R-Y88647	3700
R-BY38702	3700
R-BY38698	3300
R-BY38691	1650
R-Y19860	3800
R-FGC62948	3500
R-Y91727	2700
R-Y19847	1650
R-Y19847a	1650
R-Y143993	350
R-Y19853	1350
R-Y19869	1200
R-BY206558	350
R-Y19852	750
R-Y24543	650
R-Y24734	600
R-Y77595	500
R-Y24543a	325
R-A13358	700
R-Y31293	350
R-Y100501	150
R-M12135	4800
R-M12140	950
R-FT259902	650
R-FT258879	350
R-Y294936	3600
R-Y475311	1500
R-Y294422	950
R-MF265358	3500
R-FT237503	3500
R-FTF2601	3000
R-Y30217	3000
R-Y95483	2800
R-Y98819	2200
R-Y265850	1300
R-FT249502	2000
R-FT247438	2000
R-FTD85974	2000
R-Y232446	1800
R-Y162058	700
R-Y109789	2200
R-Y96616	1950
R-FTF24595	700
R-Y181586	4800
R-FTB52652	4800
R-Y91901	4100
R-Y359452	3200
R-Y277529	2100
R-Y484990	1100
R-FT140850	2800
R-BY60669	950
R-BY134293	200
R-BY143161	50
R-Y86971	4100
R-Y81705	4100
R-Y256977	2600
R-FT368159	3700
R-Y648462	3700
R-Y92006	3600
R-Y99612	3500
R-Y81672	1050
R-Y128770	3200
R-Y128347	300
R-Y351518	3000
R-FT368694	1800
R-BY67650	3000
R-Y452026	3000
R-Y471327	2700
R-BY69533	1200
R-BY13762	4200
R-Y85496	4200
R-Y215883	3700
R-Y215857	1450
R-BY187628	2200
R-FGCLR458	100
R-Y236209	1000
R-Y640006	700
R-FT191312	3300
R-FT137181	1600
R-FT191413	1600
R-Y186323	550
R-FT193042	125
R-FT191908	50
R-Y31308	2300
R-Y106670	2200
R-Y81763	1700
R-FTA56822	1450
R-Y88751	1200
R-Y82789	3300
R-Y88263	3200
R-Y99470	2600
R-Y88588	2100
R-FT161980	1600
R-FTB22356	750
R-Y286139	125
R-FT163872	1100
R-FT225319	900
R-Y258183	1050
R-FTA72575	1050
R-FTA62970	350
R-Y35893	4200
R-FT292600	3400
R-FT388241	650
R-Y81320	2400
R-FT91732	4200
R-Y102733	3100
R-Y153824	1450
R-Y84277	1450
R-Y36307	1250
R-BY61281	650
R-BY128793	125
R-Y36311	1100
R-Y83496	50
R-Y108104	650
R-FT106656	650
R-BY65776	600
R-Y207158	200
R-Y96365	250
R-Y163631	200
R-Y13369	5200
R-Y581889	3700
R-L584	5200
R-FT384434	4500
R-FTB73981	4100
R-A12317	2900
R-FT88727	2900
R-Y223300	2200
R-Y258229	3700
R-Y320066	1400
R-FTD15324	3600
R-FTD15982	3300
R-FT145519	5200
R-FTF3482	2000
R-FTA62508	5200
R-FT145898	4200
R-FT147093	4100
R-Y18781	5200
R-Y283624	5200
R-PH4150	5200
R-A12327	3700
R-Y154836	500
R-FTA56553	2200
R-Y11912	3700
R-Y361172	950
R-BY9602	3700
R-Y141878	3600
R-Y360885	2800
R-Y61233	1750
R-FTC2713	1600
R-Y258241	1750
R-Y61690	1550
R-FTF62475	600
R-Y438881	1350
R-Y439065	200
R-PH2731	5200
R-BY169242	3100
R-Y5900	2200
R-BY170410	1600
R-PH655	3000
R-Y419999	3000
R-Y162941	800
R-Y526132	1750
R-Y503553	425
R-Y527084	200
R-PH1732	2700
R-FTD80019	1550
R-PH3425	1700
R-BY201525	1100
R-PH3610	1050
R-FT423394	425
R-BY198067	425
R-Y163493	750
R-Y256780	750
R-Y163271	350
R-BY129034	800
R-BY131668	800
R-FTA62482	800
R-FTA63602	650
R-Y182162	5200
R-Y155503	650
R-FTA62553	2500
R-Y18441	1750
R-Y18787	150
R-Y96361	2600
R-FTA70149	1800
R-FT20222	2000
R-Y82989	150
R-F1114	5200
R-MF38360	4700
R-Y166565	3800
R-BY135679	2800
R-Y572952	275
R-BY35053	1950
R-Y166544	1550
R-FT149610	1800
R-FT410763	1750
R-FT149901	1450
R-FT149117	1200
R-Y513082	1350
R-Y513077	550
R-Y513079	350
R-FT153532	1950
R-FTD84238	650
R-FTD83986	200
R-Y183887	1900
R-Y225017	1900
R-FT405338	1900
R-FT404423	1900
R-FT404451	1900
R-FT409028	1650
R-FGC14590	4700
R-Y176399	3600
R-FTB53556	2800
R-FT16073	475
R-FT25606	275
R-Y44770	3700
R-Y464238	3700
R-FTA63660	3700
R-Y54569	3000
R-Y224818	2600
R-L943	3800
R-Y345092	1900
R-Y345087	1150
R-Y526655	1150
R-L944	2300
R-FT93710	2300
R-Y267309	1650
R-Y266314	800
R-FGC36766	1000
R-FGC36746	200
R-Y18687	4500
R-FTA32595	4100
R-FTH5381	500
R-A12329	4500
R-FT407647	4300
R-Y46634	2700
R-Y48537	4500
R-Y296640	1350
R-Y296715	950
R-Z29813	4400
R-Y446529	4400
R-FTE99378	3700
R-Y280623	2300
R-Y283378	1100
R-Y596397	100
R-BY103576	3600
R-BY4672	3200
R-Y229937	375
R-BY127002	3400
R-BY124371	3400
R-FTD83033	2200
R-BY209477	3400
R-FT192875	2400
R-FTD88581	2400
R-FGC59259	1100
R-FT194446	950
R-FTA70761	4700
R-Y70805	4400
R-Y62648	1300
R-Y478400	1300
R-Y70885	1000
R-Y67979	1000
R-C131649	4100
R-FTB17076	600
R-Y163938	1700
R-BY148722	350
R-Y19434	4300
R-FGC14617	4200
R-Y16852	3800
R-Y23999	3700
R-Y23838	3600
R-FT187298	2900
R-FTA81101	1300
R-Y37273	1050
R-Y520591	2600
R-Y11410	3200
R-FGC14608	1500
R-Y21867	1050
R-Y49084	900
R-FGC14600	450
R-FT247695	125
R-BY172789	250
R-Y21258	275
R-A12332	4200
R-Y31693	4000
R-Y601251	950
R-Y31286	3600
R-FTA1310	200
R-Y31697	3200
R-Y31283	50
R-Y376697	2600
R-Y376698	1500
R-A12337	3000
R-Y330755	2200
R-Y330749	800
R-FTD15126	1150
R-Y461626	800
R-A12347	2700
R-Y60929	2400
R-FT206105	1800
R-FT31418	3900
R-Y358208	375
R-Y155609	3500
R-Y155654	3500
R-FT30249	2400
R-Y168708	50
R-Y262706	50
R-FT452247	50
R-Y420482	2900
R-FTG7993	2500
R-Y504842	3900
R-FTA26980	3900
R-FT358846	3600
R-FTH94832	2500
R-Y502001	3900
R-Y555136	100
R-FTA59273	3600
R-FGC75224	600
R-FT239123	500
R-Y108165	225
R-FTA13692	3600
R-FTA9453	950
R-Y269218	325
R-Y159888	3500
R-Y172802	600
R-FT59174	275
R-BY184752	3300
R-BY185348	3300
R-Y159849	1350
R-Y268467	2900
R-FTA69411	2100
R-Y620948	1450
R-Z2106	5300
R-BY173857	5300
R-BY153959	5300
R-Y212083	3100
R-Y275121	50
R-Y503415	5300
R-BY44400	5100
R-BY44399	4200
R-Y283534	375
R-FT11257	2800
R-FTB59054	4200
R-BY49496	3900
R-Y100087	4800
R-Y531784	3900
R-Y343303	2200
R-FT349745	4800
R-Y341045	4000
R-FTG15721	2900
R-FT91192	4800
R-Y516350	1950
R-BY186583	3600
R-BY187800	750
R-Y211400	275
R-BY87712	700
R-Y225794	50
R-CTS8966	5300
R-FTA62509	4900
R-ACT885	4900
R-FTJ27394	4900
R-Y139564	125
R-CTS2437	5300
R-CTS347	4400
R-FT242432	4300
R-FT242085	3700
R-FT160616	4400
R-Y37188	3400
R-Y107553	275
R-Y182198	200
R-Y88121	600
R-Y18961	5300
R-BY3295	5300
R-Y643455	5300
R-Y81147	700
R-BY156884	1750
R-Y352028	1450
R-FTC61218	1100
R-PH4902	5300
R-ZQ621	5300
R-FT120921	5300
R-Y152370	4200
R-FT121280	3600
R-FT272306	4000
R-FT236337	3900
R-Y247565	3000
R-FT236200	3400
R-Y152291	3600
R-Y612682	1200
R-BY159899	3000
R-C122701	3000
R-Y152328	3000
R-FGC48354	3900
R-BY39488	3500
R-BY111011	3400
R-BY125315	2900
R-BY197776	2900
R-Y163260	350
R-Y172238	700
R-BY110014	350
R-Y37919	2900
R-Y21345	50
R-Y84075	1650
R-Y84964	2100
R-Y84871	2100
R-Y103123	2100
R-Y612715	2100
R-BY3296	3800
R-Y100145	2700
R-FGC48350	3800
R-BY38715	3400
R-Y258275	2700
R-BY38711	2600
R-FT52092	2600
R-Y71438	400
R-FTE48855	275
R-Y496955	400
R-Y500700	125
R-FGC48356	250
R-FGC48382	150
R-Z2108	5300
R-BY185688	5100
R-Y163296	3400
R-BY94089	4900
R-Y272183	2700
R-Y269040	800
R-BY86517	3500
R-A16656	4200
R-Y444160	600
R-FTA80379	600
R-SK2087	3300
R-BY210703	3300
R-FT323128	3300
R-FT289343	3300
R-Y209123	1000
R-Y14415	5200
R-Y14416	5200
R-Y35099	3000
R-Y395897	2200
R-Y106146	3000
R-Y84821	700
R-Y14420	5200
R-BY127891	5200
R-Y14512	4600
R-Y14422	4500
R-FT156653	800
R-Y14515	4500
R-Y14414	3800
R-Y16158	3400
R-Y16005	2700
R-Y51268	2400
R-BY144387	2300
R-Y20971	2500
R-Y22199	200
R-Y22198	1300
R-Y36400	375
R-Y34195	400
R-KMS67	5300
R-S3161	5300
R-Y141788	3900
R-Y162756	1350
R-Y141930	1550
R-Y141906	50
R-Y128674	3000
R-Y312983	1100
R-Y128034	450
R-Y191123	200
R-Y87909	4400
R-FTA62507	4100
R-Y81298	900
R-Y182282	4400
R-Y182248	2700
R-Y182283	2700
R-Y258207	500
R-Y125253	4800
R-Y20993	4800
R-BY159318	2600
R-FT34547	1000
R-Y23099	4700
R-KMS89	4300
R-Y184884	2500
R-Y290727	200
R-KMS60	650
R-FTG1788	350
R-KMS90	550
R-Y630160	50
R-Y21707	4200
R-Y125250	3300
R-Y378974	1600
R-A12360	3600
R-FTG15015	3600
R-A12361	2400
R-FTA26657	600
R-FTA26761	275
R-FTA97404	2000
R-Y77957	1850
R-Y65059	650
R-Y68005	500
R-Z2110	5300
R-Y39302	5300
R-A16512	3100
R-Y342213	3100
R-Y271139	1950
R-PH317	4600
R-Y43865	3800
R-PH2309	3100
R-S19901	5200
R-S10547	4500
R-S15689	3700
R-BY147638	3000
R-FT2792	200
R-Y157951	50
R-CTS699	5100
R-Z29827	5100
R-Y36455	5100
R-CTS7070	700
R-Y86387	4600
R-Y310709	3400
R-Y92152	4600
R-Y82999	1400
R-FGC24408	5300
R-FT10149	4300
R-BY135071	3600
R-FT9973	3900
R-FT8823	3800
R-FTF88311	2700
R-Y88944	4400
R-Y89488	3100
R-FTA16327	3700
R-Y423329	3700
R-Z42318	125
R-FGC24396	3900
R-FTC87101	3900
R-Y463718	2700
R-Y269700	3900
R-FT274689	3800
R-FTD56303	1500
R-FTD56819	550
R-Y269643	475
R-Y270004	450
R-Y269696	425
R-FGC24444	3300
R-FGC24383	3300
R-FT296480	3000
R-BY102041	2800
R-BY71770	1050
R-Y336086	200
R-Y445999	2400
R-CTS7556	5100
R-FGC29296	4600
R-FGC29330	3800
R-Y20612	3800
R-Y20604	3400
R-BY40211	1300
R-FT200149	1150
R-Y20344	3000
R-Y20607	1800
R-Y82698	750
R-FT105891	350
R-BY3298	1200
R-FTC47495	425
R-Y20345	1150
R-Y29085	950
R-Y76055	800
R-Y64850	50
R-Y5592	4600
R-Y64803	3000
R-CTS1450	4600
R-BY251	4100
R-BY250	3800
R-Y71299	3800
R-BY196952	3800
R-Y15982	3000
R-Y72256	1950
R-FT65361	3000
R-Y79604	3000
R-BY118955	50
R-Y81100	3000
R-Y181996	3000
R-Y128804	150
R-FT90656	50
R-Y16145	2700
R-FTA9997	425
R-Y16143	2400
R-Y181461	2400
R-FT75144	2400
R-FT125282	2400
R-FT125027	2400
R-FT124920	800
R-FT268183	2000
R-FT274299	1950
R-FT274342	125
R-Y17988	2000
R-Y18851	1100
R-Y18455	900
R-Y18850	550
R-FT204949	200
R-Y28634	450
R-Y72113	50
R-FT344845	550
R-Y66586	200
R-Y52416	400
R-Y50661	150
R-Y23386	275
R-Y103253	125
R-Y23387	125
R-BY84880	125
R-Y153579	50
R-Y19137	950
R-BY189199	275
R-BY188967	50
R-Y19423	425
R-BY211375	350
R-FGC90435	350
R-Y19425	350
R-Y19426	275
R-Y23517	300
R-FGC90997	275
R-FGC90430	250
R-Y19469	3700
R-Y439571	950
R-Y330791	2100
R-Y29925	3600
R-Y29917	1100
R-FGC41537	3300
R-Y104180	1200
R-Y142600	1050
R-Y93531	650
R-Y84935	350
R-Y209555	3300
R-Y209965	3300
R-FTA63603	2600
R-Y550395	225
R-Y488865	3700
R-FT34428	3700
R-Y232609	950
R-Y32822	1250
R-Y32826	750
R-Y305501	1350
R-Y415899	500
R-FTD58424	275
R-FTD60269	50
R-Y19752	3400
R-Y19975	3200
R-Y19972	2700
R-Y49322	2700
R-Y45565	325
R-Y37249	1400
R-BY25536	50
R-Y157231	900
R-Y589081	100
R-Y23493	3600
R-FT75596	3100
R-Y28788	2900
R-Y28786	2900
R-Y28635	450
R-BY20232	250
R-FT363176	50
R-BY107363	125
R-BY20217	3100
R-FT407478	100
R-Y170300	2900
R-Y163172	1600
R-Y314410	350
R-BY192456	1100
R-Y170188	50
R-FT18705	2600
R-Y82612	850
R-Y132099	900
R-BY108231	700
R-FT70123	700
R-BY157419	600
R-BY133898	325
R-BY132028	200
R-FT127308	50
R-Y132110	850
R-Y132125	700
R-BY58038	700
R-Y132100	400
R-Y132090	275
R-Y132129	50
R-Y18959	4600
R-BY99751	4600
R-Y223170	2100
R-FT61900	4600
R-Y189372	3200
R-FGC43622	4600
R-BY38990	3700
R-FTE23559	2800
R-Y5587	4600
R-Y336916	50
R-Y5586	4600
R-Y255725	4600
R-Y22219	1850
R-Y647955	1300
R-BY62273	1700
R-Y63930	800
R-Y255736	125
R-BY71456	2700
R-FT404917	2400
R-FT226354	700
R-FT227338	375
R-Y14300	2300
R-Y225811	1750
R-Y225810	1350
R-FT257687	950
R-Y225812	950
R-Y38317	2200
R-Y314363	2200
R-FT105058	1800
R-FT361901	1100
R-Y417253	2100
R-FT32766	1450
R-BY117747	800
R-Y383645	850
R-V2986	1800
R-Y560879	1500
R-FT411900	1800
R-FGC43625	1800
R-FT56773	1550
R-Y381444	1000
R-Y559824	800
R-FT32868	1800
R-Y417540	1800
R-FGC72794	1800
R-Y14306	1150
R-FT19722	800
R-Y52075	325
R-CTS3873	50
R-Y47264	50
R-FT174699	1800
R-FT251266	1250
R-FT174609	850
R-FT174119	50
R-MF7663	1550
R-Y351735	1550
R-Y351736	1450
R-Y416641	200
R-MF43134	1350
R-Y10789	3200
R-Y30192	2200
R-Y32843	1050
R-Y23373	3000
R-Y79836	3000
R-Y422184	800
R-Z2705	1500
R-Y476553	900
R-MF243249	400
R-Y476646	650
R-BY147912	1500
R-BY105603	1500
R-Y194699	1100
R-Y177774	1000
R-Y194621	1000
R-Y182782	1500
R-Y182789	1500
R-BY61976	1500
R-Y154961	950
R-Y264762	950
R-Y182777	1500
R-BY38894	1400
R-Y177765	900
R-Y177769	750
R-Y177687	550
R-Y230493	350
R-A24000	900
R-A24008	500
R-A23998	425
R-FT98325	400
R-Y177550	125
R-Y632923	50
R-BY218801	1400
R-Y153719	850
R-Y153706	600
R-FT62850	1000
R-FT140430	850
R-FT135454	650
R-BY199059	1100
R-BY198296	950
R-BY200954	600
R-FT49932	850
R-Y100058	650
R-FT48939	550
R-FT307035	125
R-FT49714	550
R-FT51725	550
R-FTB27263	200
R-Y125049	1400
R-Y32147	1400
R-Y126039	1200
R-Y571764	1050
R-FT427692	1200
R-Y635945	800
R-FTA68431	1200
R-Y54809	500
R-FTA91934	1150
R-FTA91341	600
R-MF5057	900
R-FT386623	650
R-Y366396	650
R-Y366518	650
R-Y82919	950
R-Y99776	850
R-BY53973	550
R-FT13121	450
R-FT166340	1400
R-Y217583	275
R-Y334574	1000
R-Y334559	650
R-Y159864	1350
R-BY184723	1350
R-Y159850	425
R-Y207622	650
R-Y264746	900
R-Y407556	900
R-Y265207	350
R-Y229732	1350
R-Y229537	425
R-YFC1331844	350
R-Y251742	350
R-Y37280	1400
R-Y229531	425
R-Y84206	100
R-Y105989	1250
R-Y252896	950
R-Y83258	950
R-Y104972	700
R-Y87891	600
R-FT357646	200
R-Y84624	150
R-Y133365	950
R-BY206237	275
R-Y164618	200
R-Z15952	950
R-Y586487	950
R-Y260698	425
R-Y113006	850
R-FT248250	550
R-FT247875	400
R-Y230345	275
R-Y92698	50
R-Y63957	850
R-Y75417	700
R-FT396974	600
R-FT367738	425
R-FT396065	350
R-FT199449	400
R-Y126994	325
R-FT198647	100
R-Y133378	900
R-Y267570	800
R-Y133384	800
R-FTA65611	800
R-Y617860	650
R-Y133343	375
R-FGC72707	350
R-PF7562	5400
R-Y36978	3500
R-Y500888	550
R-Y90546	3500
R-Y81357	650
R-FGC31929	3800
R-Y184906	2100
R-Y54306	1200
R-Y312115	350
R-FGC73148	2400
R-Y154359	1800
R-FGC73174	2400
R-Y314794	2400
R-FGC73135	1100
R-FGC73172	950
R-BY95094	425
R-BY110244	350
R-BY81614	300
R-PF7563	4600
R-BY74609	3100
R-Y335903	4600
R-Y335776	2700
R-BY12673	3800
R-BY17663	2800
R-BY39417	2200
R-BY39406	2000
R-Y268421	350
R-Y572491	500
R-Y95829	2700
R-Y155185	500
R-FT186752	1950
R-FGC57101	950
R-FT187822	350
R-Y259360	1150
R-FTA68032	700
R-FTA67209	500
R-Y259543	850
R-FTA69347	850
R-Y83965	1450
R-Y168201	1250
R-Y261540	800
R-Y87445	800
R-Y264224	850
R-FT25059	1250
R-FT177657	950
R-FT21873	550
R-TY29036	550
R-FT21372	450
R-Y31335	4500
R-BY16680	4500
R-BY174788	4200
R-Y577620	125
R-Y112728	4500
R-BY73185	1250
R-FT43020	3700
R-Y140899	3100
R-Y187856	50
R-FT44409	1500
R-A11720	1500
R-BY47525	1300
R-Y457355	550
R-Y583765	550
R-BY86967	1100
R-Y157570	700
R-S24649	550
R-BY202390	500
R-A15807	1450
R-Y137484	350
R-BY16692	700
R-FT249899	550
R-Y412626	425
R-Y507525	50
R-Y645101	650
R-FGC74842	950
R-Y132251	50
R-A15808	275
R-FT228654	650
R-Y153219	500
R-BY151995	500
R-Z29758	4400
R-FT231916	4400
R-FTE69249	4400
R-Y611417	375
R-Y32042	4000
R-V3286	4000
R-GG669	3800
R-GG600	1050
R-FTD12628	650
R-FGC42003	3000
R-Y108912	1550
R-Y224598	275
R-Y31465	1500
R-Y472552	50
R-BY55016	3500
R-PH2558	3000
R-FT136341	3000
R-Y283607	1500
R-Y77456	2500
R-FT61494	3400
R-Y172945	1950
R-FGC14376	1250
R-Y201111	175
R-Y185408	1250
R-Y482051	1250
R-Y185955	550
R-PF7566	3600
R-Y227216	1000
R-Y227626	600
R-FGC40202	1300
R-FGC40206	350
R-FGC40219	350
R-FGC40210	200
R-FGC40218	50
R-YFC1143945	1300
R-Y264383	1300
R-Y187625	1050
R-Y187405	1000
R-Y195579	1200
R-FGC34275	950
R-Y145535	1000
R-Y254754	350
R-Y145536	950
R-Y43022	275
R-Y145541	800
R-Y126865	425
R-Y145542	550
R-Y145539	50
R-Y13200	8400
R-FTA35755	8400
R-Y240021	8400
R-Y13202	8400
R-Y13204	8400
R-BY15590	4600
R-Y204087	4600
R-BY149726	4600
R-BY100846	4300
R-FT214880	4300
R-Y296356	4200
R-Y225901	3200
R-Y232534	2600
R-Y294147	950
R-M478	7900
R-Y14054	7900
R-L1432	6400
R-Y14051	1550
R-FT215163	1550
R-Y134928	1350
R-Y53944	1300
R-FT233931	1100
R-Y134972	500
R-Y387301	650
R-BY38549	1300
R-FT166557	1000
R-FT51305	1300
R-Y163498	450
R-Y125857	1050
R-Y243903	1050
R-BY17659	800
R-BY17660	550
R-BY17661	650
R-Y50565	225
R-Y20750	5500
R-Y91288	2000
R-Y111732	1600
R-Y180658	1250
R-Y586300	850
R-Y20753	2500
R-Y20748	2300
R-FT289648	1100
R-FT292014	850
R-FT289278	850
R-FT289389	325
R-FT289939	275
R-FT291495	50
R-Y20756	2300
R-Y191046	1700
R-Y191055	800
R-FT81021	500
R-Y20747	1750
R-Y20774	1200
R-Y20770	1150
R-FT180608	1050
R-Y260375	650
R-Y22196	1050
R-Y22195	950
R-V1636	6600
R-V1274	6600
R-BY202076	5100
R-Y222315	1100
R-CTS6460	6500
R-Y159844	3000
R-BY15391	6500
R-CTS8495	6000
R-Y127002	4000
R-Y234306	1950
R-BY59759	800
R-BY90731	650
R-BY136823	300
R-PF4354	550
R-Y106006	4500
R-Y98084	3100
R-Y170862	375
R-Y86197	2600
R-FT38882	2600
R-Y113264	2600
R-Y135345	4300
R-Y238347	1150
R-Y261937	950
R-Y183240	3900
R-Y188067	3300
R-Y230673	3900
R-FT78473	2800
R-BY202451	650
R-FT152943	125
R-BY202798	125
R-FT402480	50
R-V2219	15000
R-Y244169	10600
R-FTA35718	10600
R-Y244183	10200
R-FTA35720	10100
R-V88	14100
R-Y127541	12700
R-PF6287	11500
R-BY17643	2600
R-PF6362	11000
R-M18	5800
R-PF6316	3900
R-Y457944	2800
R-PF6363	2800
R-Y7777	9700
R-Y81399	700
R-Y8451	7500
R-V35	2000
R-Y8447	7500
R-Y204176	4600
R-Y204180	4400
R-Y204243	3300
R-Y436793	350
R-Y8452	7500
R-Y8452a	7500
R-V4746	7100
R-FGC21038	6400
R-Y169124	6400
R-Y169027	350
R-Y464646	2300
R-ALK461	2300
R-FGC21040	6000
R-BY121652	5500
R-FTA41050	500
R-FGC20973	4000
R-Y236093	3300
R-FGC21024	4000
R-FGC20980	2600
R-FGC21016	1500
R-Y34349	1300
R-FGC21047	700
R-FT59910	700
R-YFS2163560	50
R-FT60112	700
R-Y328500	50
R-FGC21060	600
R-FT253392	600
R-FTA17204	4000
R-FT137320	3200
R-A32087	2800
R-FT135967	350
R-FT138800	325
R-FT139710	275
R-Y138819	700
R-Y57629	3600
R-FT53780	3600
R-FT53043	650
R-V1919	400
R-FT424967	125
R-Y51416	200
R-FT141046	125
R-FTB20497	50
R-FGC85135	125
R-Y609211	50
R-Y7771	5500
R-Y8437	5500
R-V3181	4700
R-V3378.2	4700
R-Y151506	950
R-Y151509	450
R-Y18873	4700
R-Y18458	3900
R-Y514922	3900
R-Y18865	3700
R-SK2072	375
R-Y18459	1950
R-Y188828	800
R-FT57612	5500
R-Y640729	50
R-Y190019	5400
R-Y63208	4300
R-FT173885	200
R-Y80574	4300
R-BY17649	125
R-Y161258	4300
R-V4730	3000
R-Y204187	425
R-FTH47380	50
R-FT58497	5400
R-FT162017	5100
R-FTB45464	4100
R-FT225315	5000
R-Y159505	2900
R-FT161979	950
R-BY159325	950
R-FT382454	475
R-FT219774	700
R-Y220378	275
R-FT162104	750
R-Z29270	550
R-MF661826	750
R-FTA79649	475
R-Y412425	225
R-FT219266	5000
R-V4420	4900
R-Y110257	4600
R-FT368823	3900
R-Y85615	3700
R-V7262	3700
R-Y194374	1300
R-Y83078	2100
R-Y202677	2100
R-Y99640	600
R-Y21722	4900
R-Y81514	4500
R-Y82825	2400
R-FT172010	2100
R-FT172023	1300
R-V69	4400
R-Y161242	4400
R-Y161479	50
R-Y161243	650
R-FGC39694	2800
R-FGC39691	300
R-Y106035	50
R-Y24712	200
R-PH491	7300
R-Y241048	7300
R-PH2675	7300
R-Y258456	2300
R-FTB369	1800
R-Y301610	1800
R-Y259386	1850
R-FTA70303	1850
R-PH2274	7300
R-Y84148	6400
R-Y104891	5500
R-M335	3200
R-Y84684	1550
R-BY99844	1300
R-PH200	5500
R-Y81807	3800
R-FT185950	3200
R-FT452135	3200
R-FT189104	3200
R-FT313798	2600
R-FTD16668	2600
R-FTA65546	3800
R-Y322210	3800
R-Y104457	3200
R-FTD20079	3100
R-F2250	3200
R-Y95245	2900
R-Y93512	2400
R-FTA62902	400
R-FTG40986	125
R-PH1578	4600
R-Y221198	1750
R-Y221555	1750
R-Y32792	3500
R-Y207376	1750
R-Y32791	325
R-FT14436	325
R-Y71899	200
R2	16300
R-FGC50227	7900
R-FGC50302	7900
R-Y250610	475
R-FTA7962	125
R-FGC50368	4500
R-FGC50278	4200
R-Y136220	3900
R-FGC50339	4200
R-Y256967	950
R-FGC50324	4200
R-FGC51856	4100
R-Y34199	3500
R-FGC50245	1950
R-FGC50306	1950
R-Y3399	12200
R-Y583676	6800
R-Y3403	11100
R-Y106645	7500
R-FGC65158	5600
R-Y326706	4900
R-Y210959	4300
R-Y82803	4800
R-FGC65155	3600
R-FGC65173	3600
R-FTC33013	2200
R-Y662252	425
R-FTH90292	1600
R-Y3370	10000
R-Y8727	9900
R-FGC13203	9900
R-Y86258	8900
R-Y249436	500
R-Y81233	3800
R-Y82186	3800
R-Y101424	7600
R-Y267968	3100
R-FTC36801	650
R-Y200657	3400
R-Y62014	350
R-FT353768	350
R-FGC61453	6500
R-FGC61414	3700
R-FGC61422	3000
R-BY198365	4900
R-FTA33333	275
R-BY199955	3900
R-ZS8072	3300
R-BY17662	1600
R-BY135140	1100
R-FT180470	225
R-Y304100	50
R-FGC13220	8900
R-FGC13188	8900
R-Y81582	3100
R-Y84992	1950
R-FGC49589	5300
R-Y37197	400
R-Y97621	200
R-FT178470	400
R-F1092	6900
R-Y134235	5200
R-Y134234	550
R-F2791	6600
R-F1758	6600
R-Y44757	4800
R-Y45453	2300
R-FGC13184	1600
R-FGC61989	500
R-Y133901	275
R-Y172784	500
R-FT1713	1600
R-Y158660	400
R-Y245559	1100
R-Y277285	125
R-FT232145	1600
R-Y245493	800
R-FT231919	1600
R-FT232466	1600
R-Y244873	1600
R-FGC13201	1500
R-FGC13211	1500
R-Y558091	650
R-Y40328	500
R-BY14642	500
R-Y106847	225
R-FGC13235	500
R-Y12100	9800
R-Y23623	9800
R-Y23213	5400
R-FGC46645	5300
R-BY14309	7800
R-Y557298	3900
R-Y127102	5200
R-BY14286	500
R-BY14306	500
R-V1946	9100
R-FT205381	8300
R-Y23778	3200
R-Y195549	2300
R-FT204445	3200
R-FT204221	2900
R-FT205527	2900
R-FTA24119	1750
R-Y244357	200
R-Y8763	8900
R-Y130994	6300
R-Y130677	5500
R-Y161275	1700
R-FGC64354	5800
R-FGC64366	4600
R-Y153090	950
R-Y3321	3100
R-Y3334	2000
R-L1069	275
R-Y26738	50
R-FGC12662	50
R-FGC14366	50
R-A21200	275
R-Y146243	225
R-Y8766	8900
R-Y168289	4600
R-FGC17621	8200
R-Y239250	3100
R-Y5080	6000
R-C109010	5000
R-Y13185	5700
R-Y224797	3600
R-Y447289	50
R-Y224889	3200
R-Y224849	1050
R-Y236716	275
R-M2091	3400
R-Y13543	3100
R-FGC17631	450
R-Y13546	400
R-Y13546a	400
R-FGC57535	450
R-FGC57541	275
R-FGC53258	50
R-FGC86361	450
R-FT52824	125
R-Y163168	125
R-FGC86363	275
R-FGC86365	50
R-V3714	8300
R-Z29156	7400
R-Y26630	7200
R-Y65211	6200
R-Y301168	50
R-Y28643	7200
R-Y28642	6100
R-Y65273	5700
R-Y170624	5700
R-FT103563	5400
R-Y227008	1350
R-FT105093	3600
R-Y269314	3500
R-FT104363	2700
R-FT129930	5200
R-Y263637	5100
R-Y317474	3700
R-Y1378	6900
R-FGC52936	700
R-Y1377	6900
R-FGC49447	600
R-FGC46597	200
R-Y1376	6000
R-FGC49531	4200
R-Y37207	650
R-FGC68133	300
R-Z29271	6000
R-FT65981	5300
R-Y233704	5300
R-Y273849	1300
R-FTB25850	5300
R-MF117955	4900
R-FT290812	4200
R-Y1383	5000
R-Y154920	3600
R-M127	50
R-Z6135	3600
R-Y154917	1950
R-Y555693	800
R-Y495743	1950
R-Y155742	850
R-FT302409	1500
R-L295	8100
R-Y1281	8100
R-Y233346	8100
R-Y233285	50
R-Y1280	6700
R-Y1282	6700
R-Y87280	6000
R-Y50756	425
R-Y58228	125
R-SK2155	6200
R-Y28600	3600
R-Y436154	2500
R-Y62620	2500
R-C131333	1300
R-Y1331	6200
R-Y538643	6200
R-BY61031	3500
R-Y61371	3800
R-BY220184	3000
R-Y60140	1100
R-FTB34881	425
R-Y20020	6100
R-BY62929	6000
R-Y273905	6000
R-BY53951	6000
R-Y68469	3800
R-Y334428	800
R-Y61627	425
R-Y26641	6200
R-Y26635	6200
R-FT304564	2800
R-Y34210	6200
R-Y61230	3000
R-Y253905	1900
R-Y1288	6200
R-V1037	3500
R-M3349	3500
R-Y28589	0
R-YP5340	0
R-Y1290	5900
R-FT314931	5900
R-Y243069	2900
R-C121955	2900
R-Y1296	5300
R-Y1300	3100
R-FTA11956	3100
R-Y345005	3100
R-Y298992	3100
R-Y297578	1200
R-Y227225	2800
R-FT310549	3100
R-Y238650	3000
R-Y632548	50
R-Y1329	2900
R-Y1328	2900
R-Y2174	0
R-Y1334	7100
R-L723	5300
R-L725	1700
R-Y1357	3000
R-Z29222	2900
R-Z29198	2900
R-Y196672	650
R-Y63077	50
R-FT143014	2900
R-Y200711	500
R-FT329168	2500
R-Y215904	425
R-SK2162	1450
R-FT319592	1000
R-Y1340	6600
R-Y1371	6600
R-Z29234	6500
R-FT129578	6500
R-FGC56225	5200
R-FGC56230	5200
R-FGC56274	2700
R-Y36376	3300
R-C143166	3300
R-Y352078	3100
R-Y346468	2100
R-Y1342	6300
R-L294	5800
R-Y35095	5500
R-Y171695	5200
R-FT333560	4500
R-Y1349	5600
R-FT310581	4200
R-Y239216	3800
R-Y238461	1700
R-Y238473	200
R-V2947	5600
R-Y457607	3300
R-FT306152	5000
R-FT304681	4300
R-Y135618	5500
R-Y4665	475
R-FGC18190	50
R-Y17473	2300
R-FT330480	2300
R-Y44726	550
R-Y52518	1950
R-Y51775	1850
R-Y547311	950
R-FTC17070	650
R-BY118072	500
K2c	45400
K2d	45400
K-M2308	45400
K-M2335	41500
K-Y28299	41500
K-Y243122	0
K-Y128612	0
K-Y28300	0
K-Y28343	0
K-Y28301	0
NO	36800
N	22000
N-Y6503	12800
N-Y147969	9900
N-P189.2	8200
N-Y6467	4700
N-Y111068	4700
N-FT352925	3400
N-Y101945	3500
N-Y6516	4400
N-Y7310	750
N-BY35494	425
N-FT182494	750
N-Y254546	650
N-Y334541	750
N-Y640797	75
N-FT213937	700
N-FGC28435	650
N-FT420663	650
N-FT286752	400
N-Y89317	650
N-FT193452	425
N-Y510986	600
N-FGC28483	400
N-FGC28496	400
N-FT242552	350
N-Y81537	275
N-Y100971	50
N-FT244538	400
N-FTA63635	350
N-Z4762	17800
N-F2905	15600
N-Z4784	13100
N-Y321751	3800
N-Y24397	11200
N-Y23789	6700
N-Y60861	2800
N-Y66284	1700
N-Y66136	900
N-Y139167	6500
N-Y139087	1200
N-MF28233	6400
N-Y671226	950
N-Y6374	13100
N-CTS7324	12800
N-CTS142	3500
N-PH231	6800
N-PH571	6800
N-Y636891	4500
N-L727	12700
N-L732	8000
N-F839	3600
N-Y170994	3300
N-Y48012	2500
N-F18335	3600
N-F16160	2100
N-Y137601	2800
N-Y170511	1250
N-Y15972	5500
N-F21018	2000
N-Y62279	1300
N-L733	2900
N-Y154812	2600
N-Y16106	2600
N-Y15965	450
N-CTS12473	7500
N-M1845	6000
N-MF14237	5100
N-Y157112	3400
N-Y454820	3400
N-Y156969	3100
N-Y157010	2100
N-Y156980	650
N-M1928	6000
N-Y208160	1600
N-MF169084	1150
N-Y125475	6000
N-Y193396	6000
N-Y50236	3100
N-Y61520	4700
N-Y62914	2700
N-Y62618	1250
N-Y63516	2300
N-Y65822	1900
N-Y275861	50
N-MF170234	1550
N-Y61202	800
N-M1793	6000
N-CTS4714	5700
N-SK1508	2800
N-F2407	5600
N-Y24191	4800
N-S2643	2900
N-FGC51814	125
N-Y24193	4700
N-Y24190	4700
N-Y72712	4100
N-Y67308	4000
N-M1877	5400
N-F1486	5300
N-Y170869	3700
N-Y478311	2300
N-M1788	5200
N-MF66775	5200
N-MF234042	5200
N-MF57796	2400
N-M1812	4600
N-F1260	3600
N-Y61571	2900
N-F846	2400
N-Y62067	1550
N-Y62132	200
N-Y213744	1150
N-M1823	4400
N-F3303	3300
N-M1811	3200
N-M1813	1600
N-MF176698	3000
N-Y24355	2300
N-Y61250	175
N-Y65390	2300
N-Y64234	1400
N-L729	15600
N-F1360	14100
N-Y3048	14100
N-L666	9600
N-FGC10812	9500
N-Y3037	8600
N-F1101	7700
N-Y154848	475
N-ACT4620	300
N-ACT3233	50
N-F1154	4200
N-Y23741	4100
N-Z19795	3800
N-F710	3800
N-Y23738	2600
N-CTS1350	3400
N-F1998	3400
N-MF41795	3400
N-MF1633	2200
N-Y155075	2100
N-Y71703	2400
N-Y173843	2100
N-Y174089	200
N-Y61463	2200
N-P43	4400
N-Y3195	4300
N-Y23785	3000
N-Y24382	3000
N-BY32515	2700
N-Y132502	950
N-Y132497	400
N-B226	1550
N-Y64530	900
N-FT256675	700
N-Y69859	800
N-BY159816	375
N-Y67014	750
N-Y3185	2600
N-FGC10853	1450
N-VL97	2600
N-Y43825	1750
N-BY176777	1750
N-Y39001	125
N-BY207444	1550
N-Y339570	950
N-BY205705	900
N-FTD60337	200
N-BY207455	425
N-FGC38830	2600
N-Y89655	2000
N-FT341191	1950
N-Y30121	1900
N-Y72378	800
N-Z35051	2600
N-L665	1150
N-A18693	75
N-Z35049	1850
N-FT228527	275
N-FT6251	850
N-FTG69961	400
N-FGC38827	1700
N-Y182305	1550
N-Y172991	125
N-Y275223	250
N-Y275222	125
N-FGC96191	50
N-VL67	4400
N-VL63	3000
N-B175	2300
N-FT411793	1000
N-FT411795	600
N-VL64	3000
N-Z35097	3000
N-Y135813	1200
N-Y135847	375
N-VL73	2300
N-Y257655	1850
N-Y257652	1850
N-Y257651	50
N-VL77	1900
N-FT411787	1400
N-FT260591	200
N-Y258978	1500
N-Y259250	950
N-BY173686	1850
N-BY173690	350
N-Y76525	1700
N-Y255795	250
N-Y37153	1650
N-BY29131	1550
N-FT224794	500
N-BY30476	750
N-Y233574	1550
N-Y136502	1900
N-Y257669	125
N-FTA64424	1900
N-FGC24080	1150
N-Y260364	1150
N-Y260366	1150
N-VL83	1900
N-VL85	1850
N-Y46059	1850
N-Y50067	1450
N-Y597131	1200
N-FT350270	1450
N-FT348526	950
N-FT345565	450
N-FTH1438	275
N-FT345342	50
N-Z1956	15600
N-Y149447	13800
N-Y204354	3500
N-Y557534	3200
N-Y204441	3100
N-MF187555	2800
N-F1139	7200
N-Y149516	7200
N-Y162921	4600
N-MF48013	3500
N-MF89088	3300
N-Y162973	4600
N-MF614183	3400
N-Y271236	3100
N-Y270912	2700
N-Y162899	1600
N-Y162897	500
N-TAT	11800
N-Y23747	6600
N-Y23749	1900
N-Y125664	5300
N-Y236920	3000
N-MF16376	4600
N-MF38607	4600
N-Y170518	350
N-F22150	4500
N-F19130	500
N-MF15288	3000
N-MF55680	4500
N-MF48201	3400
N-F21121	4500
N-F1419	10600
N-Y24317	10600
N-B187	950
N-L708	7900
N-Z4863	7400
N-Y9023	7200
N-Y9022	4000
N-B181	2300
N-Z35178	1850
N-Z35190	1800
N-Z35191	275
N-Y182297	1800
N-B229	1650
N-Y182299	1300
N-Y23788	2300
N-Y62604	2000
N-BY32567	2200
N-BY32564	1300
N-FTA80439	1050
N-Y38829	750
N-FTD48442	275
N-Y41414	550
N-Y544206	225
N-Y23181	3400
N-Y487649	1000
N-Y513091	650
N-Y143277	2400
N-Y143276	1500
N-Y143288	1400
N-Y148997	1850
N-Y147661	750
N-FTJ59381	500
N-Y148172	500
N-Y147875	50
N-Y23472	2800
N-BY196489	1650
N-Y23183	2800
N-FTA47080	2600
N-Y269489	1250
N-FTH5881	550
N-BY9737	800
N-Y359969	425
N-FTA10678	425
N-BY10361	2600
N-Y304804	1250
N-FTB59838	700
N-Y39435	1200
N-Y478410	850
N-Y75017	650
N-Y39282	425
N-A39198	275
N-BY29117	2600
N-Y164241	1400
N-Y75886	2600
N-Y60502	2600
N-FTC22154	1850
N-Y632930	1150
N-Y367311	1850
N-Y562532	1150
N-Y367188	700
N-M2126	6400
N-CTS1678	6100
N-M2019	4900
N-Y10755	3800
N-M2058	3800
N-Y303259	3100
N-Y303207	2800
N-FTG82257	2600
N-A9408	3800
N-Y70200	3100
N-Y60223	2800
N-PH1612	2300
N-A9407	1850
N-PH1896	1600
N-F19724	1050
N-A9416	1400
N-FT183868	650
N-M2016	2400
N-M1993	2000
N-FT411801	250
N-M2038	1300
N-M1932	650
N-M1935	550
N-M1991	1250
N-Y25011	1250
N-M1988	600
N-FT329110	350
N-FT411814	425
N-Y40892	200
N-M1977	600
N-M1976	600
N-Z1979	5100
N-CTS6967	5100
N-L1026	4600
N-Y6058	4600
N-Y16323	4600
N-B202	2500
N-F4205	2500
N-Y16221	2500
N-Y16220	2300
N-Y147876	1850
N-Y16313	2200
N-Y231714	2000
N-F22331	2200
N-Y59141	2200
N-Y63966	1750
N-Y65550	950
N-FT53236	50
N-Y226011	2000
N-FT411776	1950
N-Z35327	1600
N-Z35331	1200
N-B199	375
N-FT411781	1000
N-Y16312	2000
N-Y16320	1300
N-Y16321	900
N-BY56220	750
N-Y46598	475
N-CTS10760	4200
N-Y28528	3100
N-Y28526	3100
N-Y28536	1800
N-Y46746	800
N-Y143397	175
N-Y32732	1300
N-Y192174	50
N-Y63074	1150
N-Y32731	1000
N-Y642750	50
N-VL29	3900
N-CTS9976	3900
N-BY6010	2400
N-Y86774	50
N-CTS3451	2200
N-FT322580	2200
N-Y304281	1750
N-Y304270	1750
N-FTC30583	1050
N-Y203006	1600
N-Y3667	1700
N-BY33087	1000
N-BY33088	1000
N-Y616826	850
N-CTS657	1700
N-MF62570	125
N-A16648	1500
N-PH1816	1200
N-PH3568	1200
N-A16647	950
N-Y83639	50
N-Y101044	650
N-BY6024	1000
N-BY6029	475
N-BY29149	1700
N-BY106249	700
N-BY70437	800
N-Y45925	1200
N-Y26750	1150
N-A16653	1000
N-BY182121	750
N-Y26751	350
N-Y62210	350
N-L1022	3900
N-Y5000	3200
N-Y19098	1250
N-A12258	550
N-BY117178	800
N-BY175620	350
N-BY50891	700
N-Y5004	3000
N-Y7300	2700
N-A17632	2700
N-Y128024	225
N-BY63936	50
N-A16017	2200
N-A16526	1500
N-Y95406	1200
N-Y93472	1100
N-FT216144	225
N-Y7297	1450
N-A16671	800
N-A12519	1150
N-A16014	800
N-Y15813	1900
N-Y49008	950
N-Y45079	650
N-Y46886	1550
N-Y53698	700
N-FGC86704	500
N-Y170297	50
N-Y15812	1600
N-A14187	1600
N-Y24617	1500
N-FTG63121	850
N-Y85063	1450
N-Y103757	950
N-BY13835	800
N-A19398	800
N-Y23576	1250
N-BY5999	1200
N-Y15615	1200
N-A17838	800
N-Y92177	450
N-BY121328	225
N-FT88941	1200
N-BY100801	950
N-BY76561	800
N-Y23179	750
N-BY6002	700
N-BY32528	225
N-BY32535	500
N-Y5005	2200
N-Y22106	1500
N-MF128466	1500
N-Y47789	550
N-Y79341	1050
N-BY157454	125
N-A29076	125
N-Y62026	750
N-Y68366	450
N-Y10756	1900
N-A13658	1300
N-A13656	1300
N-A16669	425
N-PH2196	1650
N-Y143547	1200
N-CTS11122	1100
N-A17277	1000
N-FGC42870	1000
N-Y56761	1000
N-FT201406	1000
N-BY32572	550
N-Y112098	450
N-PH547	1550
N-Z35246	1450
N-Y22092	900
N-Y20620	1050
N-BY5997	650
N-FT415705	350
N-Y63155	50
N-Y20621	800
N-BY126976	550
N-BY22023	650
N-Y24594	600
N-Y5003	2000
N-BY22001	1650
N-BY92676	1350
N-Y182373	650
N-Y132182	2000
N-Y140941	1800
N-BY133715	50
N-BY6007	1600
N-Y68456	1600
N-FGC49901	1050
N-FT407964	600
N-Y53167	650
N-Y18420	1650
N-Y133736	50
N-Y22100	300
N-Y24502	1450
N-BY98597	1450
N-BY199919	750
N-BY29133	950
N-Y24500	550
N-Y24501	375
N-Y20917	1600
N-Y98870	1250
N-FT105198	1600
N-Y53412	375
N-A14746	1000
N-BY33093	950
N-Y93222	750
N-Z35267	2000
N-Y16267	1000
N-FT166831	2000
N-BY33065	1100
N-Y45494	275
N-BY29047	2000
N-A14175	1550
N-Y46206	650
N-Y6599	1800
N-Y15159	1800
N-Y15161	1800
N-Y15060	475
N-A12192	1550
N-Y32729	1550
N-A19376	1100
N-FT40224	1000
N-FTB10244	350
N-Y616469	350
N-BY29010	1850
N-Y24000	1850
N-A17082	1850
N-BY44634	1100
N-Y143558	1250
N-Y143573	650
N-Y24001	1200
N-Y68757	50
N-A13141	550
N-A14292	450
N-A13146	325
N-Y16503	1650
N-Y183100	1650
N-Y97351	1650
N-BY32530	1000
N-Y18914	550
N-Y19355	275
N-Y21734	1000
N-Y86055	700
N-A665	700
N-Y132753	550
N-FT12063	425
N-BY700	950
N-Y351640	375
N-Y49787	650
N-FT237248	425
N-Y59919	275
N-Z4908	3100
N-Y304511	850
N-Y56680	3000
N-BY33096	2500
N-MF232833	1800
N-Y228386	1200
N-Y228394	800
N-Y46443	2500
N-BY33095	1550
N-FT163410	1750
N-L550	2900
N-BY34738	2500
N-Y131198	2100
N-Y441941	350
N-Y424669	700
N-Y9454	2700
N-Y356496	800
N-CTS6438	1900
N-Y21263	2900
N-Y20911	1800
N-Y31237	700
N-Y20914	1800
N-BY135728	1800
N-BY74842	950
N-FGC14542	2900
N-Y64154	1800
N-BY149019	2900
N-BY29005	2600
N-BY21938	1950
N-Y301955	1800
N-Y320687	1400
N-BY21933	1100
N-Y54861	1000
N-Y17113	1500
N-FGC14538	800
N-Y17416	1500
N-Y129608	1050
N-Y17415	425
N-Y50994	350
N-S9378	2800
N-BY158994	1000
N-S18447	1700
N-Y90125	1650
N-S21746	1300
N-S18364	1250
N-BY157311	475
N-Y36282	2100
N-Y141707	1650
N-BY21957	1750
N-BY121927	1450
N-BY21942	1550
N-A9856	1550
N-A18233	1150
N-BY173713	750
N-Y520547	2600
N-Y7795	2300
N-Y29766	1050
N-FT30162	1750
N-Y128566	650
N-BY29002	1950
N-Y20918	1950
N-Y40886	1950
N-FT107952	1200
N-Y39249	1200
N-Y75181	550
N-FT255290	2300
N-Y28771	2000
N-Y61225	1650
N-Y30126	2000
N-Y101212	1950
N-Y29764	1150
N-Y30123	1150
N-Y4341	2600
N-BY21874	1800
N-Y4338	2600
N-Y4339	1950
N-Y496060	1650
N-Y312375	1100
N-Y19111	1200
N-Y57577	125
N-Y22774	950
N-Y12104	1650
N-Y12103	1650
N-Y43445	1650
N-A12167	1650
N-BY30478	1200
N-Y5611	1650
N-Y21546	1300
N-Y21549	1250
N-Y21547	150
N-F1983	1400
N-BY88300	1250
N-Y31253	1300
N-Y10932	1250
N-Y85136	700
N-Y10931	900
N-FTC16729	550
N-VL15	900
N-VL11	900
N-Y59140	750
N-VL14	550
N-VL12	700
N-Y29761	375
N-FTE187	700
N-VL12a	700
N-L1025	2600
N-BY30389	800
N-Y319764	900
N-Y60725	1400
N-Y64023	800
N-Y13982	2100
N-Y31236	1700
N-A11940	2600
N-A11939	2600
N-BY21883	1450
N-FGC52491	1150
N-BY70566	900
N-Y140872	1900
N-Y319940	50
N-Y140874	1400
N-Y151160	1200
N-BY76283	425
N-Y140870	1050
N-SK427	650
N-Y143436	2200
N-Y317411	950
N-Y143451	600
N-Y143426	275
N-BY40769	50
N-BY2748	2200
N-FT49988	2200
N-L551	1750
N-Y46313	175
N-Y78548	1400
N-Y379822	1250
N-Y86578	150
N-Y15251	1250
N-Y48874	600
N-Y14152	1400
N-BY21911	1100
N-FT52046	950
N-A14875	1100
N-Y72767	650
N-Y62942	650
N-Y13979	1350
N-Y643981	425
N-Y24075	1350
N-Y13978	650
N-Y13977	375
N-Y13977a	150
N-Y43377	325
N-Y40071	125
N-Y4706	2500
N-FT110861	350
N-FT111620	50
N-A705	375
N-BY125252	2500
N-Y139030	600
N-BY21893	600
N-CTS1804	1350
N-FT116342	2500
N-FT157953	2400
N-Y183040	1100
N-Y4707	1400
N-Y34059	1400
N-Y140055	600
N-Y34058	700
N-Y57017	50
N-Y4708	1100
N-BY129890	700
N-Z37902	550
N-Y5745	900
N-Y5744	900
N-Y5743	375
N-Y4705	600
N-Y18419	400
N-Y21046	100
N-Y499495	2600
N-Y5580	2500
N-Y93996	2100
N-Y84620	1700
N-Y106309	1400
N-Y93008	900
N-Y112523	50
N-BY158	2200
N-A17972	1650
N-FTD32758	1650
N-BY60431	1650
N-BY135532	1300
N-FT130130	1800
N-L1027	1150
N-CTS5511	750
N-Y40538	500
N-BY137589	750
N-BY127009	100
N-Y59499	1150
N-Y45853	800
N-Y48388	650
N-Y178782	125
N-L591	1900
N-Y5577	1900
N-FT226265	1800
N-Y341728	1500
N-Y5582	1550
N-Y38912	1050
N-BY32561	1550
N-Y40148	1450
N-Y323132	75
N-Y38762	600
N-Y24023	1450
N-Y24022	1200
N-Z16975	2200
N-VL69	2000
N-FT68126	1500
N-VL70	1650
N-BY220861	1300
N-VL68	1500
N-Y31234	1050
N-C112714	650
N-Z16976	2200
N-Z16977	1950
N-Y13475	1300
N-BY72938	1650
N-BY152643	1400
N-FTA15545	1300
N-BY146108	1150
N-BY82849	700
N-Y38823	1000
N-Y218228	225
N-Y6129	1650
N-FGC13370	1000
N-FTB54211	500
N-FTC10809	500
N-Y15974	1200
N-Y250653	500
N-Y46116	1100
N-Y134492	1700
N-Y134511	1700
N-FT108065	1300
N-Y134528	1700
N-BY210809	200
N-FT120769	1700
N-S16273	125
N-Y280517	425
N-FTA93608	50
N-FGC68079	1700
N-Y19113	1350
N-BY30414	1150
N-BY54675	475
N-Y21578	1700
N-M6921	1650
N-Y63577	1150
N-Y306354	1150
N-Y43502	1650
N-FTA745	1400
N-FGC68078	1550
N-Y219605	1150
N-FGC68089	1150
N-Z16981	2600
N-Y60012	2400
N-A2358	2600
N-Y34038	2200
N-FT377360	1250
N-Y57594	2100
N-BY63874	1300
N-Z16980	2100
N-FTA45615	2000
N-FTA46561	1700
N-CTS8173	2100
N-BY32524	1150
N-FGC39882	50
N-Y15922	2100
N-BY14141	2000
N-Y52780	1350
N-Y59187	850
N-Y53748	700
N-Y152992	1250
N-Z35230	1800
N-Z35235	1600
N-Y332524	1100
N-Y16847	1400
N-A7071	900
N-Y22327	1150
N-Y22098	50
N-Y91783	1200
N-Y100741	1200
N-Y133825	700
N-Y11882	1750
N-Y24601	1250
N-ZS11617	300
N-FT21731	1750
N-Y94659	1750
N-BY197950	200
N-BY201406	50
N-BY170710	650
N-Y162271	550
N-FTB31901	500
N-BY169437	350
N-Y32725	1450
N-FT96305	1250
N-Y33333	325
N-Y41269	150
N-BY32543	225
N-Y110542	50
N-FT4042	1850
N-BY21926	1700
N-Y79374	1650
N-Y301633	50
N-A11470	1650
N-Y452351	900
N-Y397960	1650
N-BY202983	1600
N-Y31231	1300
N-FTE38475	175
N-FTE39141	50
N-FT109465	1650
N-Y31226	300
N-FTB45774	900
N-Y651504	150
N-BY40639	1600
N-FT67138	75
N-BY92634	1200
N-Y366225	125
N-BY142872	1550
N-FT378629	1200
N-FTB96144	700
N-Y6075	1950
N-FT164841	1250
N-Y510617	650
N-Y46627	1750
N-FGC76160	350
N-FGC92008	1950
N-BY91859	750
N-FTB41275	800
N-Y6077	1950
N-Y28545	1100
N-Y28546	50
N-Y351694	1550
N-Y351662	850
N-FT51773	1800
N-Y6076	1800
N-Y20341	1450
N-Y20416	1450
N-Y20340	700
N-Y17696	1750
N-FTA20546	1500
N-FTC13321	350
N-Y643447	1350
N-FTA26074	1750
N-Y94931	1650
N-Y92602	1650
N-Y17697	1750
N-Y322968	650
N-Y17420	1050
N-Y17418	75
N-Z1936	4500
N-FT153217	1200
N-CTS1223	4100
N-Y13852	4000
N-Y597072	1100
N-Y597501	275
N-Y13850	4000
N-Y24361	2300
N-Y319099	1450
N-FT247100	1250
N-Y364320	550
N-Y24378	2300
N-Y24374	1800
N-FTD37776	50
N-Y24360	750
N-Y24362	225
N-Y24376	200
N-BY51877	1800
N-Y321199	275
N-FT179291	700
N-FT180371	475
N-FT179505	475
N-Y49419	1400
N-FTE1608	350
N-Y49121	1100
N-BY69898	200
N-L1034	4000
N-Y28538	3400
N-L1032	2900
N-Y62045	2900
N-L1442	2400
N-FT12605	2100
N-FT12659	1700
N-Y319816	50
N-FT164840	1550
N-F17885	1450
N-FT180377	1400
N-Y23732	800
N-Y23733	275
N-Y77298	550
N-Y24222	2100
N-Y65329	1750
N-BY93901	1000
N-FTB76047	1300
N-FTB76077	1300
N-FTB76284	1300
N-Y62987	1700
N-Y136647	1200
N-Z1934	4100
N-Y159520	2900
N-Y191472	650
N-BY184755	2900
N-BY184891	2000
N-Y18421	3500
N-FT45101	2100
N-Y18585	3500
N-Y19110	3200
N-Y180247	2000
N-FT52835	1950
N-Y6074	350
N-Y186964	1150
N-BY205798	1150
N-Y19108	3000
N-FTH30069	1900
N-FT166596	3000
N-FT169021	3000
N-Y660603	350
N-Y183400	1200
N-Y583992	100
N-Y19453	2100
N-Y87206	1750
N-Y19451	1350
N-BY120217	1350
N-FTA83965	1100
N-Y426063	500
N-YP5254	1250
N-YP5255	1250
N-Z1928	3400
N-SK1485	3400
N-FT269439	1300
N-Y198609	1300
N-Y297692	350
N-YP6091	3400
N-Y81323	1950
N-YP6094	2900
N-Y129131	2700
N-A25107	2200
N-A25112	900
N-Y178073	850
N-YP6092	1700
N-B195	1500
N-YP6095	1250
N-Y62142	1000
N-Z1925	2700
N-Y62904	1200
N-Y30127	2000
N-Y29767	1450
N-Y58491	1000
N-Y29768	450
N-Z1926	2700
N-Y20920	1650
N-Y21699	1650
N-Z1927	2400
N-Y22108	1600
N-Y84749	650
N-Y92366	300
N-Y23028	1600
N-BY32556	50
N-Y23031	1450
N-Y22111	1050
N-Y22109	900
N-FT102827	700
N-Y111725	550
N-CTS5057	800
N-FT160557	50
N-Z1933	2200
N-CTS4329	2100
N-Y22091	1700
N-PH2767	1350
N-Y47623	650
N-Y106419	325
N-Y31247	1550
N-Y31249	1050
N-Y90283	750
N-Y31244	450
N-BY83311	350
N-YP6269	1350
N-Y151660	700
N-BY149208	275
N-CTS8565	1950
N-BY18114	850
N-BY30394	1300
N-Y30513	1900
N-PH1553	1350
N-Y29759	900
N-Y29758	550
N-CTS1152	1700
N-Y20910	900
N-Y91676	600
N-BY194138	100
N-FGC65190	400
N-FT451270	1550
N-Y18663	750
N-Y18414	375
N-Y28547	950
N-Y60878	600
N-Y69291	650
N-BY22141	800
N-Y37156	800
N-BY22145	450
N-FT5834	1250
N-Y84751	50
N-Y161866	1700
N-BY190112	800
N-BY191547	50
N-Y19097	1550
N-BY177918	1550
N-BY198705	375
N-Y26710	550
N-Y19097a	1550
N-BY30403	425
N-BY123228	125
N-Y23784	1550
N-Y26355	550
N-Y26356	125
N-Y22104	800
N-BY30459	800
N-BY19333	450
N-FT47399	800
N-Y66878	800
N-CTS3223	1650
N-BY549	1650
N-Y29752	950
N-Y30369	950
N-Y29751	500
N-YP1138	1000
N-Y31254	1000
N-Y38876	475
N-Y43632	650
N-Y39646	50
N-Z5892	1200
N-Y262373	1200
N-Y126484	750
N-BY28928	1150
N-Y18766	700
N-FT10472	125
N-YP4074	650
N-CTS49	600
N-Y4373	1000
N-FT21808	1000
N-Y111531	800
N-Y4374	700
N-BY104873	700
N-BY117526	350
N-Y41197	700
N-Y50451	600
N-FT101865	350
N-Y18627	375
N-Y18418	225
N-Y32735	450
N-Y32944	300
N-BY29023	225
N-FT14480	700
N-CTS10435	700
N-Y129871	650
N-FTB32253	650
N-BY30460	250
N-BY30462	50
N-FT47265	125
N-Z5894	1650
N-FTA18019	1650
N-Y88043	1300
N-BY77179	1300
N-Y69793	550
N-PH2665	125
N-FT95281	50
N-BY2738	1600
N-Y34044	1450
N-Y34045	1250
N-Y34050	1100
N-Y34041	500
N-Y84753	375
N-Y15616	900
N-Y22885	750
N-Y67849	375
N-BY22107	550
N-Y43781	50
N-BY209851	750
N-BY32568	750
N-FTB2500	500
N-Y35902	550
N-Z5893	1600
N-Y17798	1300
N-Y22261	1300
N-BY30475	1300
N-BY32549	700
N-Y17799	900
N-BY34741	500
N-BY34740	500
N-Y23180	900
N-BY147413	650
N-Y62783	50
N-Y20916	500
N-FGC64962	50
N-FGC82216	200
N-BY199448	500
N-BY76570	250
N-Y109798	450
N-Y170254	200
N-Y68540	350
N-Y133690	1600
N-Y23804	550
N-Y34057	450
N-Y30718	350
N-Y112498	350
N-Y136343	50
N-Y174041	1000
N-BY132619	650
N-Y18240	950
N-Y52521	750
N-BY29115	950
N-Y22335	350
N-BY22129	325
N-Y87331	225
N-Y99997	950
N-BY143621	950
N-Y82567	350
N-CTS4642	1450
N-BY22118	550
N-BY22123	300
N-Y13506	1100
N-Y13973	1100
N-BY30408	800
N-Y17721	650
N-Y17720	500
N-Y52170	375
N-Y101604	200
N-Y23184	1000
N-Y309144	50
N-BY25141	950
N-BY33083	225
N-Y29762	800
N-Y70241	350
N-Y36834	700
N-FT189801	550
N-Y151359	50
N-Y36286	650
N-Y36833	650
N-Y36285	650
N-Y99542	350
N-Y133700	600
N-Y133669	200
N-Z19819	1600
N-YP1141	1250
N-FT221627	650
N-YP1142	1250
N-Y36293	400
N-BY55824	600
N-Y59034	500
N-FT20393	125
N-FTA8559	450
N-Y188600	375
N-BY70686	275
N-YP1143	1250
N-FT110050	1150
N-Z34986	1100
N-FT23692	425
N-FT100820	425
N-Z34987	850
N-BY30483	1100
N-BY22114	800
N-BY57181	800
N-BY106434	600
N-VL62	1900
N-BY167784	1900
N-BY167088	1900
N-BY166187	50
N-VL60	1300
N-Y63781	1300
N-FT68246	1300
N-Y139389	1000
N-BY126891	1450
N-Y574725	50
N-BY67836	1150
N-BY122619	850
N-VL72	1550
N-Y191851	1350
N-BY30470	1400
N-Y177130	650
N-Y20915	1250
N-Y31240	175
N-Z1939	1450
N-Y7308	1300
N-Y132561	850
N-Y132565	850
N-FT198740	600
N-Y132562	225
N-Y152012	450
N-Y232578	125
N-Y152010	450
N-Y152013	450
N-FGC35051	125
N-Y300148	50
N-Z2445	1300
N-Z35031	950
N-Y77866	275
N-Y64462	200
N-Y19510	950
N-Y21458	950
N-FGC46795	950
N-FGC46798	200
N-ZS7911	650
N-Y21459	400
N-BY28931	1100
N-Y125841	750
N-M6733	700
N-BY36561	225
N-Y11631	1100
N-Y40380	700
N-Y30923	850
N-Y31251	850
N-Y107493	475
N-Y83670	750
N-Y31252	750
N-M1002	400
N-BY22040	550
N-FT28537	550
N-BY108319	425
N-CTS7189	1000
N-BY142665	850
N-Y37149	450
N-Y23568	325
N-BY62666	750
N-BY158324	500
N-FT89673	350
N-BY22048	800
N-Y80226	700
N-FT20730	800
N-Y95413	550
N-Y24218	700
N-Y24217	650
N-Y23730	200
N-Y104552	650
N-Y100322	50
N-FT56571	1000
N-BY103328	275
N-BY22038	1000
N-Y94899	1000
N-Y87135	200
N-BY22036	1000
N-BY22035	800
N-Y152922	650
N-Y13974	650
N-Y13974a	650
N-Y131368	475
N-Y105007	425
N-Y137360	150
N-Y87532	50
N-Y13975	650
N-Y44353	125
N-Y135981	800
N-BY22047	700
N-BY22042	700
N-Y113048	225
N-Y135981A	750
N-Y129285	750
N-Y37148	750
N-BY22043	300
N-Y49118	300
N-Z4747	1900
N-Y17790	1700
N-Y19686	1700
N-Y19687	1400
N-BY63718	500
N-Y19812	900
N-Y36692	1400
N-Y94060	300
N-Y100300	50
N-BY31688	700
N-BY31690	600
N-Y18498	1700
N-Y47425	350
N-Y22102	1700
N-Y22101	1700
N-BY207860	550
N-Y22564	1250
N-Z1941	1700
N-BY22090	1050
N-BY22088	1000
N-Y54031	1000
N-Y21575	1350
N-Y130896	1350
N-Y47886	425
N-Y52469	650
N-BY111122	175
N-FTB22333	1350
N-Y71073	750
N-BY154007	275
N-Y31893	900
N-Y95356	800
N-ZS10792	550
N-Z1940	1700
N-Y190462	650
N-Y36665	1000
N-BY35520	550
N-PF6577	1000
N-Z34992	1450
N-BY99517	850
N-CTS3416	950
N-Y20925	125
N-Y152897	550
N-Y152906	425
N-Y32736	1250
N-FT118955	1000
N-Y32738	700
N-FT25946	1300
N-BY170691	1150
N-BY171207	950
N-Y59783	475
N-Y159771	1300
N-BY182715	950
N-BY182658	550
N-PH3700	700
N-BY192234	600
N-BY189796	50
N-Z4770	1700
N-BY91345	1150
N-Z39030	800
N-FGC16980	1700
N-BY83174	700
N-Y19414	1350
N-Y19415	1350
N-Y36284	1000
N-Y36283	1000
N-Z34995	1200
N-CTS204	1000
N-FT102429	850
N-Z5038	1550
N-Y34063	950
N-Y34063a	900
N-BY172862	50
N-FT5690	950
N-Y355314	700
N-Y35885	425
N-Y21077	1350
N-Y141790	600
N-Y22105	1300
N-BY22075	750
N-Y157352	950
N-Y31250	1000
N-BY22074	375
N-BY72714	50
N-Y32734	1000
N-Y73835	550
N-Y155471	400
N-Y36760	1000
N-FT406123	950
N-Y335384	800
N-Y36759	850
N-Y36288	500
N-BY30401	600
N-BY58355	450
N-Y97431	500
N-Y279789	50
N-Z4786	1150
N-BY30396	200
N-FT292160	450
N-Z35016	450
N-Y81741	475
N-BY35516	800
N-FT25239	750
N-FT94058	750
N-FT73985	750
N-Y29769	225
N-BY22064	750
N-BY30456	600
N-BY30458	50
N-Y11245	1050
N-Y58592	900
N-BY58707	1050
N-BY22057	500
N-FGC76299	550
N-Z35018	650
N-Y128406	1050
N-Y320161	750
N-Y128515	275
N-Z4890	1000
N-Y31644	700
N-FT127837	700
N-Y88255	200
N-Z19830	1000
N-BY81248	550
N-Y225149	350
N-Y36764	750
N-BY194441	700
N-Y36762	50
N-Y21268	1000
N-Y20927	950
N-FT102249	500
N-Y21269	650
N-BY33071	325
N-Y69558	50
N-BY125502	700
N-BY128013	650
N-Y609	425
N-Z35012	550
N-BY81938	500
N-FT27717	350
N-K628	450
N-FT237707	350
N-BY186496	275
N-CTS12908	800
N-Z35003	400
N-BY188927	225
N-Y21583	800
N-Y21582	800
N-Y20909	800
N-Y67221	425
O	30500
O-F265	30000
O-M268	28100
O-P49	25700
O-F1658	11300
O-Y72638	10500
O-Y60121	4400
O-CTS9259	11000
O-CTS562	5500
O-BY71443	5400
O-BY115072	1200
O-MF14248	2700
O-Y165989	2700
O-K10	7000
O-CTS10687	5200
O-F787	5200
O-47Z	5700
O-BY45877	4400
O-Y178511	3800
O-BY130355	3800
O-Y40708	1400
O-Y173866	350
O-CTS10674	4600
O-K2	3100
O-K13	3100
O-Y185286	2400
O-Y165505	2500
O-CTS203	2200
O-ACT4054	2200
O-Y149377	2200
O-Y126340	3100
O-Y178266	2900
O-FTF30316	2400
O-Y350175	50
O-Y178267	1950
O-Y179172	1950
O-Y264510	1650
O-Z24599	3100
O-Y181118	3100
O-Z24597	2200
O-K473	2200
O-Y128235	2200
O-Y129802	1200
O-CTS9852	1650
O-K14	2500
O-Y126418	2500
O-CTS11281	2500
O-Z24594	2500
O-Y280236	2500
O-Y165665	1650
O-CTS1583	2500
O-CTS56	1150
O-CTS547	950
O-K4	6000
O-F940	1350
O-K481	1350
O-Y174537	1350
O-MF81782	1350
O-L682	4200
O-ACT345	4200
O-K485	3800
O-CTS723	3400
O-MF173439	3100
O-Y165961	2500
O-A23652	2900
O-Y203031	1200
O-A23653	2900
O-A24475	1950
O-FT325830	2900
O-FT325382	2900
O-Y165666	2800
O-A23658	2400
O-Y165475	800
O-Y24057	3400
O-MF14220	2800
O-Y165632	2800
O-Y127268	50
O-Y72859	1950
O-Y62295	50
O-A12448	3200
O-Y295506	3000
O-A12446	2600
O-MF57763	1250
O-PH40	2500
O-FGC67545	2400
O-Y322509	2400
O-Y628075	50
O-FGC67559	1950
O-Y165506	1500
O-Y26376	3400
O-Y65460	3400
O-Y26377	3400
O-Y61286	2900
O-CTS1175	2300
O-MF14346	1750
O-MF658225	1350
O-Y165584	550
O-A23911	1750
O-MF664538	1750
O-K18	26000
O-Y9032	22100
O-CTS4040	21500
O-MF56251	2900
O-Y186587	2500
O-MF78778	2100
O-MF57910	2800
O-CTS1456	14900
O-Z24289	13100
O-MY915	4500
O-F1356	8900
O-MF57674	5100
O-M7000	550
O-F417	10200
O-F1247	5000
O-Y185784	1800
O-Y185490	1100
O-Y239235	1000
O-CTS250	4200
O-FGC30081	1700
O-FGC30076	150
O-F2760	3300
O-CTS6347	3300
O-ACT4384	1900
O-Y439497	125
O-F779	7000
O-CTS5160	4400
O-SK1660	1300
O-F2064	3800
O-PH2797	2200
O-Y200506	50
O-Y148532	3300
O-MF132073	2900
O-Y221189	500
O-Y610913	500
O-BY191524	350
O-Y221351	50
O-Y47392	1800
O-MF16487	3500
O-CTS7859	3400
O-Y239146	1350
O-Y26812	1350
O-BY182144	3400
O-Y149706	3400
O-Y149393	2600
O-PH4822	3400
O-Y149618	3400
O-Y149608	2100
O-PK4	12900
O-F838	10700
O-Y204360	8600
O-Y210941	2800
O-MF3993	2500
O-CTS838	10500
O-Y160506	3500
O-F16212	2100
O-MF140787	1950
O-Y160504	1650
O-F15452	1500
O-F25153	1500
O-SK1608	1500
O-Y161271	1300
O-C145190	800
O-F714	8700
O-Y126106	6900
O-FGC89439	6200
O-FGC89434	5200
O-MF134106	2800
O-Z23597	5700
O-CTS4052	2600
O-CTS2452	2600
O-Y155291	1850
O-F977	4900
O-F1199	2800
O-F25228	2700
O-ACT7133	50
O-MF93303	2200
O-Y154437	2200
O-Y168698	2300
O-Y168669	1500
O-M95	10700
O-CTS350	4500
O-CTS10007	4500
O-M1310	10700
O-Y172653	2100
O-MF121153	1950
O-M1348	10400
O-ACT721	8600
O-Y162026	2400
O-M1283	8000
O-M1368	6600
O-M1361	6100
O-A22938	6100
O-Y9322	5700
O-Y9325	5500
O-Z39485	5100
O-Y26463	4200
O-Z39490	5100
O-FTA2599	4400
O-S3569	3600
O-Y61216	2400
O-Y69376	1800
O-Y186325	5100
O-Y98032	4900
O-B421	4900
O-Y186110	4300
O-Y89758	4500
O-MF251779	4500
O-BY166554	4000
O-Y9033	5200
O-F16393	5200
O-Y433865	4500
O-M6661	2000
O-SK1640	4600
O-YP3930	4600
O-Y18422	100
O-F1252	9900
O-F5504	3000
O-F16061	2400
O-MF206811	2400
O-ACT5523	2300
O-Y68888	425
O-F2924	9500
O-CTS5854	9200
O-Z23781	8700
O-F4212	8700
O-Y238866	8000
O-Y238474	1500
O-Y482169	200
O-F809	7000
O-FGC61076	3500
O-Z23788	7000
O-Z23795	7000
O-F2517	4400
O-Z23760	4400
O-F16452	4400
O-F18383	0
O-Z23810	9200
O-CTS5267	9100
O-CTS10484	5400
O-PH4310	5400
O-ACT7165	5400
O-CTS4290	2600
O-MF170374	1400
O-PH4920	1700
O-Y218314	500
O-Z23915	5200
O-Y254738	2500
O-Z23926	5100
O-Z1018	4100
O-Y183393	2400
O-Y182928	2100
O-Z23953	1950
O-Y182929	1350
O-CTS7399	5000
O-FT295683	1650
O-Y13994	3200
O-FGC19716	2500
O-FGC19718	2500
O-FGC19727	2500
O-FT362631	125
O-Z23849	3200
O-Z23863	3200
O-F21792	2500
O-Y264775	1800
O-Y148916	3200
O-Y293651	1800
O-MF14801	1950
O-MF16254	1650
O-MF53667	1800
O-Y31276	1650
O-F2524	8600
O-Y126894	4000
O-M111	5700
O-F2758	5200
O-Y75936	5200
O-Y251257	4800
O-Z24083	4600
O-Z24088	4400
O-F21588	2500
O-F19221	4300
O-F19998	3100
O-Z24089	4300
O-Z24091	4000
O-Z24094	4000
O-FGC51821	3800
O-Y244483	2000
O-Y26364	3400
O-Y26370	2900
O-Y194366	1950
O-F923	4000
O-Y192427	2200
O-Z24096	4000
O-Z24131	4000
O-Z24132	4000
O-F19039	2000
O-Y434150	2000
O-Z24154	4000
O-CTS2022	3500
O-F3053	2700
O-MF74824	800
O-F4383	2700
O-F14994	2000
O-Y324193	800
O-F24482	1850
O-CTS3745	2000
O-F2890	5400
O-Z24020	5200
O-Z24001	1500
O-Y376767	50
O-Y227940	3300
O-MF165253	700
O-Y227428	2500
O-Y227351	50
O-Z24048	5400
O-F18990	5100
O-F16790	1850
O-Y147564	5100
O-Y148955	5100
O-Y147646	5100
O-Y148432	4800
O-Y189432	2300
O-Z24050	5000
O-F18345	1550
O-Y566056	1550
O-ACT7194	2900
O-ACT7172	500
O-ACT7183	200
O-Y195544	200
O-Y151536	5000
O-Z22028	4500
O-Y174106	1950
O-Y174496	1900
O-Y151537	5000
O-Y167161	1950
O-Y167144	150
O-ACT523	2100
O-ACT507	2000
O-ACT505	1550
O-ACT502	1600
O-ACT622	1600
O-F16217	1450
O-M119	18100
O-MF38560	14700
O-Y14027	15300
O-Y144065	4900
O-F1009	3800
O-Y300180	3800
O-F3682	3800
O-MF57156	2900
O-MF6271	3800
O-Y87942	2100
O-MF50326	2100
O-MF635187	1200
O-MF74299	2000
O-M110	5200
O-FT36387	5000
O-FT45551	5100
O-Y229126	50
O-FTB21112	5000
O-F16159	3800
O-Y241664	3800
O-B393	3700
O-Y242569	3100
O-Y33185	2000
O-F1600	4400
O-Y175056	3400
O-Y174292	2400
O-Y180671	4300
O-Z23193	15300
O-CTS5726	9500
O-F14840	4200
O-AM00341	8600
O-F1476	8200
O-Y148674	2900
O-MF4048	1850
O-F15692	6900
O-F1045	4900
O-Y238434	4300
O-FT350704	3200
O-F18721	3800
O-BY86666	3500
O-M307	9000
O-K587	8400
O-Y170867	2100
O-Y361896	1600
O-F2444	6600
O-F1056	2100
O-MF6284	1400
O-MF6255	1250
O-MF6458	2100
O-Y137054	3900
O-Y192441	1300
O-Y137075	3900
O-CTS52	6500
O-Y89818	6500
O-MF14481	3600
O-MF15474	3600
O-MF35930	2500
O-Y174212	1500
O-MF36112	1500
O-Y78688	425
O-Y156438	350
O-FGC66104	5000
O-Y175141	1800
O-FGC66057	4500
O-FGC66056	2300
O-FGC66100	1900
O-MF4619	1900
O-FGC66089	1850
O-FGC66085	1850
O-CTS701	5600
O-Y157651	5200
O-Y156772	3800
O-CTS2118	4300
O-F16334	3100
O-Y154736	50
O-Y220702	3100
O-Y158847	3000
O-K644	5600
O-Y168496	3300
O-Y168616	2700
O-A8282	2600
O-Y168620	2500
O-MF165339	900
O-CTS9421	3400
O-CTS9874	1900
O-FT328491	1900
O-FT323420	1550
O-MF37402	1550
O-Z23274	4700
O-Y185430	2800
O-Z23271	3600
O-YP345	3600
O-Y18196	1300
O-Y607509	1300
O-CTS10805	2400
O-Y148878	1700
O-MF2375	2000
O-CTS9375	2000
O-F20448	1350
O-MF6454	1350
O-FTA7490	150
O-F446	9000
O-CTS8920	6500
O-Y158897	3700
O-Z23407	6500
O-ACT1059	6000
O-A5863	5100
O-SK1572	4000
O-Z23442	4000
O-A27501	2700
O-Y242135	1100
O-Z38638	4000
O-Y27890	3900
O-V2326	3300
O-Y181501	1450
O-Z23448	9000
O-Y172099	2400
O-F140	6500
O-YP4610	6500
O-SK1555	3300
O-YP4619	3000
O-FT91390	2700
O-B388	250
O-K611	6400
O-Y153243	6400
O-Y153227	3000
O-L316	1900
O-MF16341	1900
O-Y127777	200
O-Y250791	200
O-SK1525	200
O-MF15871	1900
O-MF266070	1500
O-MF126950	950
O-K642	6000
O-F78	5100
O-F23879	3400
O-Y295800	3200
O-MF14277	2900
O-MF14175	2600
O-Y158653	1700
O-F81	4700
O-ACT263	4700
O-Y161252	1400
O-Y135776	4700
O-Y135792	2200
O-ACT136	1800
O-MF1076	4200
O-Y140863	2200
O-MF1081	3800
O-Y127496	2200
O-Y138398	1750
O-Y257772	1700
O-Y137919	1850
O-Y137924	1850
O-MF21015	1850
O-MF21520	1600
O-CTS2458	4700
O-MF6080	4700
O-MF6083	4500
O-MF6091	4100
O-MF6098	4100
O-MF6084	2100
O-F533	4000
O-ACT6195	1750
O-Y165286	1750
O-K612	4000
O-Y13985	3000
O-Y13989	2700
O-Y71659	650
O-Y13984	2500
O-FGC15407	850
O-F492	3400
O-Y204337	1800
O-Y413347	1300
O-MF188065	1800
O-Y204535	1400
O-Z23476	3400
O-Y183951	2800
O-MF169230	2800
O-Y183882	850
O-Y317055	2100
O-F619	2800
O-Y156381	1100
O-Y188554	2500
O-Y187681	1900
O-Y134860	2400
O-Y127533	2400
O-Y137948	50
O-A12442	2800
O-ACT1691	2200
O-Y156499	2100
O-A12441	2400
O-MF605304	2100
O-Y76085	2200
O-MF16411	2200
O-Y171470	1400
O-F18517	1550
O-Y31267	2800
O-Y31266	2800
O-ACT4350	2000
O-Y161339	1100
O-Y5350	1100
O-Y31261	2300
O-Y96987	1800
O-Y323137	50
O-Y87211	1500
O-Y106084	1750
O-Y296077	550
O-Y295892	425
O-Y175292	2800
O-Y142776	1550
O-Y142799	1350
O-Y238443	1200
O-Y238438	700
O-Y238445	50
O-MF1071	2600
O-Y229340	1050
O-Y229209	50
O-MF20076	2300
O-Y187583	1900
O-MF1072	2600
O-MF1074	2300
O-Y138326	2000
O-Y127651	350
O-Y138489	2000
O-Y138307	350
O-Y151570	2600
O-Y151577	2200
O-Y159944	2000
O-Y159945	500
O-Y159957	425
O-ACT781	2200
O-MF19723	1650
O-Y151547	500
O-MF19815	1450
O-MF71349	1450
O-FGC66168	2600
O-Z23505	2600
O-MF2860	1100
O-MF19469	1900
O-Y210907	1300
O-Y217318	1600
O-Z23496	2600
O-Y221527	1800
O-Z23503	2600
O-Y135783	50
O-FGC66158	2600
O-FGC66159	2400
O-MF15014	2400
O-Y179073	1100
O-Y149726	1500
O-Y290814	350
O-Y324185	350
O-Y146817	1900
O-Y146790	1600
O-Y146806	425
O-CTS2613	2200
O-CTS409	2200
O-MF14611	2000
O-MF14734	2000
O-MF14681	500
O-MF15219	1850
O-MF15628	1650
O-MF19410	1200
O-Y175105	1350
O-Y221239	1750
O-F656	2500
O-Y240598	500
O-F18460	1900
O-Y206087	2500
O-Z23482	2500
O-Y252345	1900
O-Y252006	350
O-Y252270	200
O-MF1069	2500
O-MF1070	2400
O-Y260281	1800
O-FT323423	1350
O-Y137090	1600
O-Y164133	200
O-Y137084	1450
O-Y137080	650
O-Y168614	2300
O-MF177445	2300
O-MF177470	1750
O-F285	2200
O-Y137235	2200
O-Y137212	1800
O-Y137200	1450
O-Y137223	425
O-Y239706	2400
O-Y149180	2300
O-Y149281	1800
O-MF2651	2000
O-Y241992	950
O-MF4933	1800
O-A12440	2300
O-Y137138	1650
O-MF6062	1900
O-MF173185	1900
O-MF6555	2300
O-MF6409	2000
O-MF19596	2000
O-MF6067	2300
O-Y148398	1900
O-Y185861	1850
O-Y260732	1650
O-A12439	2300
O-MF80317	1900
O-Y197616	1450
O-Y177589	2100
O-F2795	1650
O-MF6492	1950
O-Y178691	1650
O-Y178761	1350
O-M122	28900
O-CTS1754	25400
O-Y176998	12000
O-Y241262	1550
O-Y363171	8500
O-Y177020	2700
O-F953	20500
O-Y238031	10300
O-Y239069	4600
O-F1024	6500
O-Y29783	4800
O-Y171850	4300
O-Y29790	4100
O-Y92270	4100
O-Y89573	4100
O-Y173834	2800
O-MF14883	2800
O-Y609237	2800
O-M324	23600
O-L465	17200
O-CTS727	13800
O-F915	10800
O-Y14462	5900
O-Z24804	5900
O-CTS1936	5600
O-ACT2710	3800
O-MF106956	3800
O-FT348537	3200
O-A18267	5000
O-A18029	375
O-ACT6559	275
O-PAGES00124	12400
O-Y242426	6600
O-Y241977	3100
O-MF14436	2600
O-MF100273	800
O-Y241691	1250
O-CTS3709	11000
O-CTS11209	6600
O-L599	2500
O-MF22493	2200
O-Y203354	1600
O-Z24958	2500
O-MF130529	1950
O-Y418401	1500
O-Z38918	2500
O-Y241850	2300
O-FGC58647	1400
O-F2640	7700
O-F4258	4200
O-MF205710	1750
O-MF6659	1750
O-FT94698	1700
O-Z24850	6000
O-CTS11210	700
O-CTS2432	500
O-CTS2901	350
O-Y300577	350
O-Y227102	350
O-IMS-JST002611	12700
O-CTS10573	8800
O-Y155416	7700
O-Y366809	2100
O-Y197573	150
O-FT318429	7600
O-MF7367	6700
O-MF9367	3700
O-MF9397	2100
O-SK1671	6200
O-F18	12700
O-CTS498	6400
O-CTS6085	6200
O-F449	10800
O-F238	8100
O-FGC62457	7400
O-CTS679	3600
O-ACT3980	3600
O-CTS4997	2900
O-CTS12993	1600
O-FGC66238	1550
O-FGC66240	1200
O-Y87753	200
O-MF19356	5100
O-MF17568	4600
O-Y173327	50
O-MF15708	4600
O-Y173130	425
O-MF15606	3900
O-Y255621	1100
O-MF223381	1100
O-F271	8000
O-F134	7300
O-Y245137	3100
O-Y245037	1200
O-MF8794	7300
O-MF1155	6900
O-F18913	6600
O-MF7245	5500
O-Y139000	1300
O-MF1157	5200
O-MF8805	2600
O-MF17259	2400
O-MF202116	2000
O-F1894	3400
O-MF14479	2900
O-F3113	2900
O-F1435	2300
O-MF14284	2400
O-MF20647	1100
O-F25545	3400
O-MF18144	3400
O-SK1698	3400
O-F18567	2200
O-F22531	2700
O-MF56256	2400
O-MF58874	1300
O-F117	12700
O-MF87972	3500
O-MF1249	3000
O-Y268225	800
O-Y3272	10600
O-PH652	9200
O-Y425776	50
O-Y173517	7200
O-Y196779	5000
O-Y98168	2900
O-F11	9200
O-MF17435	9200
O-Y203456	3900
O-F270	3400
O-Y188622	3200
O-F1272	125
O-FGC12482	125
O-BY169374	7600
O-SK1692	4600
O-Y166670	3400
O-MF55116	500
O-Y238097	1400
O-MF235832	1350
O-MF252247	1400
O-Y127654	5700
O-Y271528	2200
O-Y306676	1950
O-BY3258	2000
O-Y244644	2900
O-F539	4100
O-MF7896	4100
O-MF39026	4100
O-F319	2700
O-F683	2700
O-Y284257	1500
O-Z25153	2200
O-Z25102	2200
O-CTS12877	8100
O-F16635	6800
O-ACT3882	1550
O-CTS10038	6200
O-Y198346	3100
O-MF22420	2900
O-CTS257	4800
O-MF1308	4200
O-Y260523	1650
O-Y260484	50
O-F16834	2200
O-F17046	950
O-Y166692	1800
O-MF8527	1200
O-F930	5000
O-MF6904	3600
O-MF227964	3000
O-Y350122	950
O-BY65956	2900
O-F934	1600
O-MF178246	1450
O-Y307283	1350
O-F2685	1150
O-MF114461	1150
O-Y607889	650
O-Y241778	800
O-YFC1454915	2400
O-FTC12930	700
O-FTG62662	425
O-FTC12981	700
O-Y553801	450
O-FTC12280	50
O-Y29838	5400
O-Y29837	2300
O-Y127046	1450
O-Y97596	1200
O-MF8526	2300
O-Y150067	1700
O-MF607548	2200
O-Y135777	1500
O-Y135784	50
O-F4062	5700
O-FGC54474	5200
O-MF8460	4300
O-MF1083	3700
O-MF9523	1600
O-MF2463	4700
O-FGC54505	4400
O-Y323927	3900
O-MF40039	2800
O-Y15976	5000
O-Y179847	4900
O-MF14380	3600
O-MF16797	2900
O-MF14587	2400
O-MF14807	2900
O-MF183562	2900
O-Y16154	5000
O-MF6934	5000
O-MF6932	5000
O-MF6937	2300
O-MF6938	4700
O-Y26383	4700
O-Y65456	4700
O-MF8224	4700
O-Y171011	1500
O-Y27894	3900
O-SK1686	2800
O-Y46851	2500
O-Y52066	2500
O-Y166118	1050
O-F971	2600
O-Y324648	2600
O-Y146332	2500
O-Y156983	2000
O-Y23813	1100
O-Y23809	550
O-BY170727	375
O-Y155600	50
O-Y23907	325
O-Y134970	150
O-Y33751	150
O-BY44698	175
O-BY154849	50
O-Y23812	150
O-BY45315	100
O-F632	9200
O-PH83	9200
O-MF59348	9200
O-F16340	3900
O-MF7420	1850
O-F133	7400
O-Z17434	3100
O-Y207861	2200
O-Y207822	1000
O-Y20951	7200
O-Y20932	3200
O-BY57897	3000
O-FGC66017	2600
O-F17	5100
O-F377	5100
O-CTS7789	4000
O-F1095	3000
O-Z25097	2600
O-Z7776	2400
O-CTS7501	5100
O-CTS2554	3400
O-CTS2007	3400
O-CTS1621	5000
O-Y147084	4100
O-Y147094	1550
O-Y147085	50
O-Y157002	3400
O-MF36679	2400
O-Y141175	4400
O-Y319200	50
O-Z43876	4400
O-F793	2500
O-Y241126	900
O-MF20839	2500
O-ACT7554	1700
O-Y126480	1950
O-Y24624	1800
O-Y203357	1800
O-A22941	1200
O-Y64081	1200
O-Y351797	50
O-Y244119	1800
O-Y151758	1800
O-MF22256	1650
O-MF226632	1650
O-Y179340	50
O-Y150436	2300
O-Y150331	1600
O-Y150276	1050
O-ACT7322	2300
O-Y162741	75
O-Y296147	1000
O-Y305807	2100
O-Y323455	2300
O-Y141213	1750
O-Y151775	1600
O-Y168393	1650
O-Y141174	125
O-Y176460	50
O-P201	22800
O-M188	18600
O-CTS800	9700
O-MF35790	4600
O-F2495	8800
O-Y238123	5100
O-CTS1602	1350
O-FT315752	1300
O-MF1178	5500
O-MF1176	4000
O-F2787	4000
O-F2859	2700
O-Y207588	275
O-CTS3106	15600
O-F1837	1900
O-CTS445	14900
O-M7	13500
O-Y176260	8700
O-Y26395	650
O-F1276	12700
O-F1863	11200
O-F1134	4800
O-Y173492	1500
O-FT303223	5200
O-MF56301	600
O-Z25324	11200
O-V3237	1300
O-Z25307	800
O-F24096	500
O-CTS6489	12700
O-Y352640	12700
O-F1275	12400
O-CTS6579	10000
O-CTS123	4400
O-F15969	1850
O-Y208219	5900
O-F15433	1300
O-F17410	5400
O-FGC12318	4000
O-Y238108	3700
O-Y264912	1650
O-Y238109	3400
O-Z25411	12400
O-ACT1126	2100
O-ACT902	2100
O-Y140730	50
O-Z25398	12400
O-F22005	12400
O-F1100	10600
O-F1234	9200
O-Y185160	2700
O-BY137865	1500
O-F14904	2300
O-Y199479	2300
O-MF260458	1950
O-F9936	50
O-CTS201	14000
O-M159	8100
O-FTA21663	3200
O-MF23190	3100
O-CTS3994	7200
O-Y166676	2700
O-Y55564	900
O-Z35182	2700
O-MF2541	2300
O-BY53954	1700
O-Y293484	1350
O-FTA37893	1000
O-MF26806	1700
O-Y204313	200
O-CTS5032	2700
O-CTS10690	0
O-MF18110	13600
O-FT450800	9600
O-FT446971	6200
O-MF111152	5100
O-Y492556	3000
O-FGC50672	13600
O-MF56709	1850
O-Y42508	50
O-FGC50643	11600
O-FGC50649	10400
O-Y169670	5600
O-Y169696	4100
O-Y223066	4000
O-MF15348	3300
O-Y562424	3300
O-FGC50558	4000
O-BY63584	4000
O-Y165513	2100
O-BY22421	2100
O-FGC50535	4000
O-FGC50569	3500
O-Y277406	3500
O-FGC50540	2800
O-MF14565	2700
O-MF163985	2700
O-FGC50690	2500
O-FGC50613	2500
O-FGC50638	2300
O-MF51099	1950
O-MF3726	1850
O-P164	18900
O-F3237	14200
O-A16433	13500
O-MF57589	13500
O-MF56976	12600
O-Y169173	5700
O-Y207982	4400
O-MF74804	3800
O-MF57591	4800
O-Y170877	1100
O-Y170908	50
O-Y206520	50
O-Z4632	50
O-Y171389	4400
O-Y195124	2600
O-MF64573	4300
O-MF81698	750
O-Y295681	750
O-Y125645	11900
O-Y149134	5300
O-Y164029	2000
O-Y149149	5100
O-Y126974	2500
O-FTE7456	200
O-Y223650	50
O-PF5573	7400
O-Y127041	6500
O-Y127038	1400
O-Y225079	1400
O-Y175278	1350
O-ACT3609	7100
O-Y101407	3600
O-Y108639	3600
O-Y153578	1350
O-Y153635	1300
O-Y432040	125
O-MF14338	2900
O-Y153434	2900
O-ACT3838	2600
O-MF76414	2900
O-F871	13600
O-F2472	11900
O-Y127019	2500
O-Y181934	800
O-MF144	800
O-MF159879	0
O-Y181556	0
O-MF203621	750
O-F4124	10800
O-F15739	5000
O-F14875	2700
O-Y208155	1800
O-F26088	10800
O-A16609	8800
O-MF1232	7200
O-MF1235	6600
O-F15480	1700
O-F4110	10100
O-FT316716	9800
O-Y227548	2500
O-Y127767	1400
O-MF1510	8900
O-MF56406	2400
O-Y225140	1700
O-MF78007	1550
O-Y149702	2100
O-Y149747	1750
O-Y149788	1450
O-Y149704	50
O-ACT3918	8000
O-Y158059	650
O-Y177001	3900
O-MF63054	3300
O-MF74002	3300
O-F706	12000
O-F1010	6900
O-Y227923	6100
O-Y227213	1550
O-F717	5400
O-Y170907	3900
O-Y202740	550
O-Y171445	3600
O-Y171039	3500
O-Y227654	2200
O-Y171324	2600
O-MF180345	2600
O-MF75224	2600
O-AM01750	6100
O-Y10649	6100
O-Y45112	4700
O-B450	4200
O-Y150097	3400
O-Y150099	900
O-B452	3300
O-F23358	3300
O-BY164485	4100
O-MF250788	4100
O-A16139	4100
O-A16428	4100
O-Y45530	800
O-M134	17100
O-Y20	14400
O-F1725	12300
O-F748	6900
O-BY82921	6900
O-MF45667	6900
O-F1448	6500
O-FT74229	4600
O-Y318223	6500
O-Y31255	11400
O-FGC61200	8300
O-FGC61168	4500
O-A16615	6500
O-A16630	5800
O-Y85894	2100
O-Y19010	375
O-CTS682	2000
O-BY161237	2000
O-BY146675	1150
O-Y173852	700
O-BY76527	375
O-BY65008	375
O-MF755964	50
O-Y12	13400
O-CTS10739	7500
O-MF1484	7500
O-PH147	3000
O-MF57848	4400
O-CTS2643	8700
O-F1326	7200
O-F3386	7200
O-F1547	7200
O-MF244	7000
O-FGC85750	8400
O-CTS11910	8300
O-MF173	1500
O-CTS53	4100
O-Y63635	3000
O-Y64339	1650
O-Y63107	800
O-CTS6373	4100
O-CTS12030	2400
O-Y30485	8400
O-F876	7700
O-Y30484	7400
O-Y29829	2500
O-Y84267	2500
O-ACT7227	6900
O-FGC55932	2400
O-Y168280	6000
O-CTS9834	4100
O-Y168218	4500
O-MF130	3900
O-Y575224	3400
O-F275	7100
O-MF179783	6600
O-SK1762	2700
O-Y81569	1850
O-CTS3871	7100
O-Z2037	7100
O-CTS2815	3500
O-F700	3300
O-MF4641	2500
O-MF23918	1150
O-Y177806	950
O-Y177747	950
O-Y177784	200
O-F14475	3200
O-F2505	3000
O-MF321	3000
O-MF26608	1500
O-MF194	3000
O-MF11715	3000
O-Y15644	2300
O-MF11445	1950
O-F634	7000
O-F14454	6100
O-Y176117	5200
O-Y176060	75
O-MF645472	3600
O-MF23814	1250
O-F209	5700
O-F273	5200
O-F14372	5200
O-F1391	4200
O-F4117	4200
O-MF795	4000
O-A5034	5200
O-PH2678	4700
O-MF15164	4700
O-MF100	2200
O-MF357	2800
O-ACT1039	1800
O-ACT1697	1800
O-ACT3856	1300
O-Y156995	1300
O-MF308	1150
O-CTS4266	5200
O-F14839	4200
O-F16241	3900
O-FT310692	3900
O-MF12160	2800
O-Z26108	5200
O-Y241385	3700
O-MF12003	3100
O-Z26111	4500
O-Y30135	4200
O-CTS11624	3300
O-MF27536	2900
O-CTS10254	1950
O-Y569927	50
O-F2173	3600
O-F1458	3100
O-Y138332	1650
O-Z26148	4400
O-MF11600	4000
O-Z26156	4400
O-F14295	4100
O-BY102696	2500
O-BY61500	1250
O-MF84302	500
O-BY107311	50
O-CTS3776	8200
O-MF12414	8100
O-CTS10535	6700
O-Y318337	6700
O-MF30881	6300
O-MF90583	5300
O-MF58622	2600
O-MF14491	6800
O-Y261796	4300
O-MF134248	50
O-CTS1346	7500
O-F3607	7400
O-FT326497	7400
O-Y224790	2400
O-CTS3763	7500
O-CTS4601	1450
O-Y243118	1400
O-Y7110	7500
O-Y13527	6400
O-Y22278	4600
O-FGC16888	3700
O-MF805	3700
O-FGC16885	325
O-FGC16905	275
O-MF245728	275
O-Y7111	6800
O-MF13415	225
O-F4249	2800
O-Y243680	2500
O-Y504956	2800
O-MF1474	2500
O-FGC23868	2200
O-Y534225	2200
O-FGC23859	2200
O-FGC23843	125
O-Y75067	1000
O-C185912	75
O-CTS2882	6500
O-MF170838	6500
O-CTS335	4600
O-F14332	4400
O-Z26261	4400
O-MF1190	4400
O-MF5525	2600
O-MF4363	3500
O-Y262965	1900
O-Y232331	1800
O-ACT5452	175
O-Y142071	3800
O-Z26276	3800
O-CTS3856	3800
O-MF23704	3800
O-MF29846	2600
O-CTS5741	3800
O-MF398	1650
O-FGC56903	50
O-F15948	1000
O-CTS1174	50
O-PAGE23	12400
O-MF1380	8000
O-MF1388	6500
O-MF1404	4900
O-Y189153	2000
O-FT336526	3700
O-MF1421	4600
O-Y257272	3900
O-Y139283	4600
O-MF2636	4500
O-MF80499	3500
O-Y161843	4500
O-CTS374	3000
O-Y162718	1700
O-Y162722	375
O-F139	12100
O-M1706	7000
O-Y211235	5400
O-YP4864	4400
O-Z44076	2400
O-MF16773	4400
O-MF602411	2200
O-F22770	6100
O-Y206797	4300
O-Y206796	4200
O-FT300881	3400
O-Y137616	5700
O-Y137564	3200
O-Y137505	950
O-MF14788	5700
O-Y221736	5300
O-MF123308	4600
O-Y221223	1350
O-CTS7634	7000
O-MF105449	7000
O-F3599	7000
O-CTS320	3900
O-Y213075	1450
O-MF14279	6100
O-Y287534	3800
O-Y287677	50
O-Y221889	3800
O-MF266530	3800
O-F2188	1700
O-MF23641	1000
O-Y169190	700
O-F3039	1650
O-Y178119	1450
O-Y29861	1500
O-F17802	1200
O-Y188570	1500
O-Y82445	850
O-Y171207	500
O-Y170887	200
O-M1726	6700
O-Y218186	6700
O-M1694	6200
O-MF9897	4200
O-Y207518	3600
O-MF60668	3600
O-M1577	6200
O-Y176303	5700
O-Y148918	1700
O-A9457	6200
O-MF14289	6200
O-Y188733	3700
O-MF14403	3200
O-Y159134	5000
O-MF15246	4600
O-Y176797	4600
O-F17158	4800
O-MF2604	4600
O-Y446920	1800
O-F15367	3300
O-Y159142	2900
O-Y174543	2600
O-Y195766	1150
O-Y195038	600
O-M1732	6100
O-Y317809	50
O-CTS9678	4200
O-MF55039	3400
O-MF38719	2100
O-M1528	3600
O-Y272229	3600
O-MF1377	3500
O-Z39663	3000
O-MF37717	2900
O-MF627251	3000
O-MF680063	0
O-Y223905	1700
O-Y140869	700
O-MF91156	350
O-M1513	3200
O-MF233384	2300
O-Y234974	1850
O-Y170882	75
O-Y235162	500
O-F18746	1550
O-TY32551	800
O-MF1378	1550
O-M1728	1050
O-Y195048	200
O-MF36435	1250
O-FTA36028	500
O-Y240524	500
O-A9459	7000
O-F6800	7000
O-Y155002	1350
O-Y8389	7000
O-Y9145	6900
O-Y9144	5700
O-M7254	2000
O-Y8387	5400
O-Y195657	2400
O-Y254308	1800
O-Y254286	1500
O-MF106600	5400
O-MF192507	5400
O-Y341062	50
O-F402	4200
O-MF15118	4200
O-Y181962	2600
O-FGC45276	4000
O-CTS5481	2500
O-Y271680	1850
O-F14249	6300
O-FGC33582	6300
O-ACT3308	6300
O-Y42179	3400
O-Y168783	1950
O-Y165811	6300
O-Y81597	2300
O-ACT4506	4400
O-Y154759	3600
O-ACT4715	3000
O-Y154726	900
O-Y201643	1950
O-F14347	5900
O-F16389	2600
O-TY34871	2800
O-Y606299	200
O-CTS5063	5200
O-FT161840	3600
O-F14330	2600
O-Z25869	2600
O-Y153339	1350
O-MF185221	2600
O-Y273943	2600
O-Y199225	2000
O-FT72649	2000
O-Y170683	2200
O-Y170584	650
O-Y126987	125
O-Z44927	2200
O-MF21798	2100
O-Y171301	1700
O-MF26627	1700
O-CTS1154	1850
O-Y11750	275
O-MF27535	1700
O-MF29757	1700
O-Z25902	1650
O-Z42620	1650
O-Y163945	1350
O-Y163916	50
O-FT226116	1650
O-FT227199	1350
O-Y241135	225
O-MF24417	1250
O-MF29419	1650
O-Y72947	1450
O-MF30608	1200
O-F18411	1500
O-Y157899	1250
O-Y157820	425
O-F14494	6900
O-Y293461	1800
O-CTS1642	6200
O-CTS4658	5700
O-CTS5308	5000
O-MF1012	4000
O-Y208235	3000
O-Y208326	1300
O-MF1003	3600
O-Y67478	2300
O-Y61898	2300
O-CTS5672	1350
O-Y34065	5000
O-F16227	4300
O-MF10232	3800
O-MF10064	650
O-F20067	4300
O-Y127562	1050
O-Y254406	800
O-MF10037	4300
O-Y12611	200
O-F20338	4300
O-M3873	3100
O-Y162480	2200
O-F14408	5700
O-Y170099	5700
O-Y101264	5600
O-Y86726	4700
O-F14422	5300
O-SK1725	5100
O-Y213049	2600
O-Y93322	4300
O-F14422a	5200
O-A9463	2700
O-Y34067	2600
O-Y34071	200
O-F14665	4500
O-Y201674	600
O-Y7080	3200
O-Y136843	2500
O-F14417	3100
O-Z26015	3100
O-F14721	2800
O-F17695	1050
O-FGC76426	2000
O-FGC76434	1400
O-Y296180	1400
O-MF34565	950
O-Y6269	2000
O-MF268249	1150
O-Y150800	2000
O-MF216245	2000
O-ACT1169	650
O-Z26030	3200
O-F14479	3200
O-Y150802	1800
O-MF179007	1800
O-F14289	3200
O-F14291	1350
O-F14509	3200
O-MF206470	2500
O-MF35591	3000
O-Y218346	3000
O-F14282	1550
O-MF34810	2100
O-Y257155	2500
O-Y256944	1400
O-F438	7000
O-Y17728	7000
O-CTS12122	4600
O-F14355	4300
O-CTS7760	2600
O-Y170157	6400
O-FT277007	2200
O-FT277716	2200
O-MF159715	1800
O-F1754	7000
O-F2137	5900
O-Y277267	5900
O-Y55898	5300
O-A16636	4100
O-Y25189	4100
O-F15823	5900
O-F1442	5900
O-MF40224	3800
O-Y213013	2800
O-F1123	3500
O-MF49015	2900
O-Y171007	1300
O-MF15397	4500
O-MF15764	4400
O-MF15281	4400
O-MF14573	4100
O-MF16502	4100
O-Y415100	4400
O-MF15266	4400
O-Y201482	3300
O-Y201165	2700
O-MF662279	2500
O-Y200892	2700
O-Z1965	1450
O-PF4449	1650
O-Y189910	1500
O-MF75421	1400
O-F316	4400
O-F155	2100
O-Y138597	2100
O-Y146657	1000
O-Y146651	1000
O-F813	2000
O-Y60737	700
O-Y69209	425
O-Y20928	1900
O-Y465908	50
O-Y174105	1900
O-Y137637	1350
O-MF85326	2000
O-Y138426	1700
O-Y154488	2000
O-MF2	2000
O-FGC29526	1850
O-MF40866	500
